{
"type": "FeatureCollection",
"name": "shekhat",
"crs": { "type": "name", "properties": { "name": "urn:ogc:def:crs:OGC:1.3:CRS84" } },
"features": [
{ "type": "Feature", "properties": { "fid": 1, "OBJECTID": 1, "Gov_A_Name": "الجيزه", "GOV_CODE": "21", "Section_A_": "قسم الجيزه", "SubSection": "حاره اولى", "Shyakha_2d": "03", "Section_2d": "04", "Final_code": "210403", "ذكور_": 16076, "اناث_": 15139, "Shape_Leng": 7529.0138271599999, "Shape_Area": 3281691.2373600001, "سكان_": 31215, "الأطفال_": 9989, "الشباب_": 19665, "الكبار_": 1561, "التعلمين_": 28406 }, "geometry": { "type": "MultiPolygon", "coordinates": [ [ [ [ 31.220384729093087, 30.013694329822417 ], [ 31.218564528234708, 30.013220696640396 ], [ 31.217894132679159, 30.013029073556073 ], [ 31.217709048742432, 30.012976167492305 ], [ 31.21735671089899, 30.012875453823657 ], [ 31.217294851915508, 30.012846731108951 ], [ 31.217049799900135, 30.012779521340978 ], [ 31.216961451613514, 30.01275516906253 ], [ 31.21680473765835, 30.012711975352829 ], [ 31.216628260818752, 30.01266317414612 ], [ 31.216592489121268, 30.012653268114892 ], [ 31.216556187014859, 30.012642645724657 ], [ 31.216469736718011, 30.012617335406929 ], [ 31.216442436098294, 30.012609336008225 ], [ 31.216371701435158, 30.01258859647108 ], [ 31.216340205605423, 30.012579361857746 ], [ 31.21611809160806, 30.012526254764182 ], [ 31.21606216626169, 30.012512881426439 ], [ 31.215955891040146, 30.012487408451683 ], [ 31.215873399590382, 30.01246763523627 ], [ 31.215940386112614, 30.012213832367177 ], [ 31.215958115006988, 30.012146354281537 ], [ 31.216025594843583, 30.011888595399743 ], [ 31.215300029535566, 30.011718182742346 ], [ 31.215193968042062, 30.011692643505882 ], [ 31.215058841148604, 30.011660073031454 ], [ 31.215038739798199, 30.011706249418047 ], [ 31.214741803757605, 30.011622233855963 ], [ 31.214481834119685, 30.011548557282584 ], [ 31.214500821872907, 30.011448009585642 ], [ 31.21450241861524, 30.01143954840197 ], [ 31.214506835407132, 30.011416144709163 ], [ 31.214528312131534, 30.011302349821154 ], [ 31.214530234213015, 30.011292162557105 ], [ 31.214571715740423, 30.011156216665189 ], [ 31.214625293356651, 30.010980451255602 ], [ 31.21467705866764, 30.010806651564618 ], [ 31.214435213918254, 30.010727457366659 ], [ 31.214348777256056, 30.010699080083924 ], [ 31.213835828756942, 30.010542599020944 ], [ 31.213835052509811, 30.01054495776323 ], [ 31.213828066234054, 30.01057278361376 ], [ 31.213803387397569, 30.010671088583269 ], [ 31.213771878844035, 30.010847826290881 ], [ 31.213659777201958, 30.010845173050498 ], [ 31.213461078145414, 30.010840470607469 ], [ 31.213143710593425, 30.010832913136209 ], [ 31.213146880484196, 30.010727461016931 ], [ 31.21285862749874, 30.010724194099936 ], [ 31.212867987612711, 30.011178214030064 ], [ 31.212874793229094, 30.011508401280139 ], [ 31.212688056465002, 30.011510054875394 ], [ 31.21237403479601, 30.01149721592698 ], [ 31.212150991449924, 30.011488088176385 ], [ 31.212119731048279, 30.011486808098446 ], [ 31.211822373873272, 30.011474638169624 ], [ 31.211663610565864, 30.011473451281926 ], [ 31.211432454318331, 30.011473443751914 ], [ 31.211262242850001, 30.011473351266218 ], [ 31.211112647937977, 30.011473098560678 ], [ 31.21108580385923, 30.011473437346599 ], [ 31.21070653988188, 30.011478230342661 ], [ 31.210429442709671, 30.011481732170061 ], [ 31.210372278748284, 30.011482454210743 ], [ 31.21000773878086, 30.011487661986994 ], [ 31.20961173622932, 30.011496845372651 ], [ 31.209377201306207, 30.011502558965553 ], [ 31.209081448204273, 30.011509611507321 ], [ 31.208911735817367, 30.01150805573053 ], [ 31.208913170820583, 30.011567920683341 ], [ 31.208114853019623, 30.011551843690587 ], [ 31.208114708024659, 30.011555179994346 ], [ 31.208114534483745, 30.011558950787784 ], [ 31.208114356764604, 30.011562723328804 ], [ 31.208114168713454, 30.011566493924615 ], [ 31.208113974443624, 30.011570264435747 ], [ 31.208113771882218, 30.01157403483397 ], [ 31.20811356106169, 30.01157780331522 ], [ 31.208113344022475, 30.01158157171179 ], [ 31.208113118691703, 30.011585339995456 ], [ 31.20811288510178, 30.011589106362145 ], [ 31.208112645293191, 30.011592872644158 ], [ 31.208112395120139, 30.011596638785019 ], [ 31.208112138760839, 30.011600403037153 ], [ 31.208111876182851, 30.011604167204595 ], [ 31.208111603240411, 30.011607931230898 ], [ 31.208111324111702, 30.011611693368472 ], [ 31.208111036691434, 30.011615455393112 ], [ 31.208110743084905, 30.011619215529048 ], [ 31.2081104411868, 30.011622975552047 ], [ 31.208110130997117, 30.011626735462134 ], [ 31.20810981254829, 30.011630493455272 ], [ 31.20810948788078, 30.011634251363702 ], [ 31.208109154921679, 30.011638009159231 ], [ 31.20810881370344, 30.011641765037801 ], [ 31.208108464226044, 30.011645518999423 ], [ 31.208108108529959, 30.01164927287633 ], [ 31.208107744542293, 30.011653026640325 ], [ 31.20810737229548, 30.011656778487371 ], [ 31.208106993829961, 30.011660530249724 ], [ 31.208106607072864, 30.011664281899151 ], [ 31.208106212089039, 30.0116680298276 ], [ 31.208105810854089, 30.011671779475389 ], [ 31.208105401359983, 30.011675527206219 ], [ 31.208104983606727, 30.011679273020093 ], [ 31.208104557561867, 30.011683018721037 ], [ 31.208104125330753, 30.01168676253327 ], [ 31.208103684808052, 30.011690506232579 ], [ 31.208103238066627, 30.011694249847178 ], [ 31.208102781025602, 30.011697989712566 ], [ 31.208102317733438, 30.011701731297297 ], [ 31.208101846214539, 30.011705469161047 ], [ 31.208101368444503, 30.011709208744129 ], [ 31.208100882447731, 30.011712944606227 ], [ 31.208100388159377, 30.011716680355384 ], [ 31.208099887652306, 30.011720416019859 ], [ 31.208099378886065, 30.011724149767378 ], [ 31.20809886186067, 30.011727881597945 ], [ 31.208098336543674, 30.011731613315586 ], [ 31.208097805040385, 30.011735343144505 ], [ 31.208097265245506, 30.011739072860507 ], [ 31.208096717191452, 30.011742800659523 ], [ 31.208096162951115, 30.011746526569844 ], [ 31.208095600419174, 30.011750252367214 ], [ 31.20809503170096, 30.011753976275859 ], [ 31.208094452650684, 30.011757698239329 ], [ 31.208093867381685, 30.011761420118102 ], [ 31.208093275926391, 30.011765140108139 ], [ 31.208092674106609, 30.011768859957037 ], [ 31.208092066132981, 30.01177257611317 ], [ 31.208091451908192, 30.011776293988621 ], [ 31.20809082738376, 30.011780008114872 ], [ 31.208090196640615, 30.011783722156416 ], [ 31.208089559711187, 30.011787434309227 ], [ 31.208088912449686, 30.011791144516859 ], [ 31.208088258969461, 30.011794854639799 ], [ 31.208087597230048, 30.011798562845765 ], [ 31.208086929304347, 30.011802269162999 ], [ 31.208086253087021, 30.011805975367331 ], [ 31.208085568642957, 30.011809677850653 ], [ 31.208084877980159, 30.011813380249283 ], [ 31.208084179025743, 30.011817082534968 ], [ 31.208083471844574, 30.011820781099694 ], [ 31.208082758444686, 30.01182447957969 ], [ 31.208082036785587, 30.01182817614276 ], [ 31.208081306867314, 30.011831870788843 ], [ 31.20808057073031, 30.011835565350225 ], [ 31.208079826366543, 30.01183925619063 ], [ 31.208079073711161, 30.011842946918094 ], [ 31.208078312764133, 30.011846637532649 ], [ 31.208077545663254, 30.011850324454429 ], [ 31.208076770270747, 30.01185401126326 ], [ 31.208075988691924, 30.01185769618338 ], [ 31.208075196781035, 30.011861379158308 ], [ 31.208074398683831, 30.011865060244499 ], [ 31.208073592294991, 30.011868741217771 ], [ 31.208072779752282, 30.011872418498257 ], [ 31.208071958917948, 30.011876095665833 ], [ 31.208071129824408, 30.011879770916455 ], [ 31.208070294544562, 30.011883444278311 ], [ 31.20806944890019, 30.011887117499036 ], [ 31.208068597101942, 30.011890787026978 ], [ 31.208068084908977, 30.011892981510663 ], [ 31.208067739084946, 30.011894456470223 ], [ 31.208066872808754, 30.011898123996509 ], [ 31.208065998273351, 30.011901789605837 ], [ 31.208065115478753, 30.01190545329818 ], [ 31.208064226497836, 30.011909115101812 ], [ 31.208063329225268, 30.011912776792492 ], [ 31.208062423725945, 30.011916434762192 ], [ 31.208061509934964, 30.011920092618947 ], [ 31.208060589990112, 30.011923746782948 ], [ 31.208059663826514, 30.011927400862231 ], [ 31.208058727330808, 30.011931052996342 ], [ 31.208057784648776, 30.0119347032417 ], [ 31.208056833707538, 30.01193835157008 ], [ 31.208055876579984, 30.011941998009753 ], [ 31.208054911193212, 30.011945642532449 ], [ 31.208053937514798, 30.011949286942187 ], [ 31.208052957682494, 30.011952927659191 ], [ 31.208051967518077, 30.011956566430985 ], [ 31.208050973207794, 30.011960205146291 ], [ 31.208049968597841, 30.011963840112397 ], [ 31.208048957769137, 30.011967474993778 ], [ 31.208047938713641, 30.01197110615416 ], [ 31.208046913471819, 30.011974735425802 ], [ 31.208045877865441, 30.011978364556292 ], [ 31.208044838178083, 30.011981990022235 ], [ 31.208043788126165, 30.011985615346994 ], [ 31.208042731920347, 30.011989236979005 ], [ 31.208041667422886, 30.011992858498079 ], [ 31.208040596771525, 30.011996476324374 ], [ 31.208039517828492, 30.012000094037749 ], [ 31.208038430658682, 30.0120037080301 ], [ 31.208037337270099, 30.012007321937755 ], [ 31.208036233581844, 30.012010932096178 ], [ 31.208035125780132, 30.01201454039408 ], [ 31.208034007646312, 30.012018146746787 ], [ 31.208032883326148, 30.012021751210757 ], [ 31.208031752819654, 30.012025353785987 ], [ 31.208030611981037, 30.012028954416003 ], [ 31.208029464956077, 30.012032553157304 ], [ 31.208028311744783, 30.012036150009859 ], [ 31.208027150274258, 30.012039744945422 ], [ 31.208025980576931, 30.012043336159998 ], [ 31.208024802587932, 30.012046927261625 ], [ 31.20802361844504, 30.012050514670467 ], [ 31.208022426010473, 30.012054101966395 ], [ 31.208021227421998, 30.012057685569538 ], [ 31.208020020574285, 30.012061267255703 ], [ 31.208018805467344, 30.012064847024906 ], [ 31.208017584206488, 30.012068423101322 ], [ 31.208016354653957, 30.012071999064787 ], [ 31.208015116874627, 30.012075571307264 ], [ 31.208013872876506, 30.012079143465023 ], [ 31.208012620651584, 30.012082711901776 ], [ 31.20801136224032, 30.012086278449779 ], [ 31.208010095602251, 30.012089841276783 ], [ 31.208008820672497, 30.012093403990839 ], [ 31.208007539588838, 30.012096963012127 ], [ 31.208006250213494, 30.012100521920459 ], [ 31.208004954684238, 30.012104077136016 ], [ 31.208003648855275, 30.01210762860234 ], [ 31.208002338880416, 30.01211118001218 ], [ 31.208001018605859, 30.012114727672774 ], [ 31.207999692144945, 30.012118273444635 ], [ 31.207998359497683, 30.012121817327738 ], [ 31.207997018591161, 30.012125359293851 ], [ 31.207995669457841, 30.012128897538982 ], [ 31.207994314138155, 30.012132433895346 ], [ 31.20799295055922, 30.012135968334736 ], [ 31.207991578721032, 30.012139500857142 ], [ 31.207990200728926, 30.012143029686786 ], [ 31.20798881447757, 30.012146556599433 ], [ 31.207987422039853, 30.012150081623357 ], [ 31.207986021342876, 30.012153604730273 ], [ 31.207984614491981, 30.012157124144412 ], [ 31.207983199381829, 30.012160641641579 ], [ 31.207981776044857, 30.012164155417718 ], [ 31.207980346489094, 30.012167669109157 ], [ 31.207978908706508, 30.012171179079573 ], [ 31.207977464769993, 30.012174685357206 ], [ 31.207976012541771, 30.012178191521905 ], [ 31.207974552086736, 30.012181693965584 ], [ 31.207973085477789, 30.012185192716473 ], [ 31.207971612682453, 30.012188689578604 ], [ 31.207970131627871, 30.012192184523755 ], [ 31.207968642314022, 30.012195677551937 ], [ 31.207967146846244, 30.012199166887321 ], [ 31.207965643119191, 30.012202654305735 ], [ 31.207964133238228, 30.012206138031345 ], [ 31.207962615065554, 30.012209621644004 ], [ 31.207961088698486, 30.012213099731643 ], [ 31.207959558217951, 30.012216575958728 ], [ 31.207958017405247, 30.012220050240618 ], [ 31.207956470406163, 30.012223522633747 ], [ 31.207954917253161, 30.012226991334096 ], [ 31.207953355840882, 30.012230458117443 ], [ 31.207951786201779, 30.012233921179767 ], [ 31.2079502103763, 30.012237382353344 ], [ 31.207948626323983, 30.012240839805916 ], [ 31.207947036085294, 30.012244295369733 ], [ 31.207496056414247, 30.011915362593619 ], [ 31.207066384231869, 30.011601966486872 ], [ 31.207049107352354, 30.011589365004738 ], [ 31.206904646435266, 30.011483998271565 ], [ 31.206747419722959, 30.011391781644054 ], [ 31.206626148954939, 30.01157742422027 ], [ 31.206389833896942, 30.011939181429938 ], [ 31.20631565229839, 30.012052741657225 ], [ 31.206008389317059, 30.012523098533208 ], [ 31.206003824907391, 30.01252994021505 ], [ 31.205999266650839, 30.012536785589557 ], [ 31.205994712442021, 30.012543636432497 ], [ 31.205990166491702, 30.012550489192328 ], [ 31.205985624589111, 30.012557347420568 ], [ 31.205981086734273, 30.012564211117269 ], [ 31.205976555065011, 30.012571076702592 ], [ 31.205972029516399, 30.012577947784603 ], [ 31.205967510088428, 30.01258482436333 ], [ 31.205962994773156, 30.012591702802403 ], [ 31.205958485578517, 30.012598586738182 ], [ 31.205953980431623, 30.012605476142394 ], [ 31.205949481470331, 30.012612367435253 ], [ 31.205944988629678, 30.012619264224792 ], [ 31.205940499869243, 30.012626164678746 ], [ 31.205936017229451, 30.012633070629384 ], [ 31.205931540742789, 30.012639980272716 ], [ 31.205927068336344, 30.012646893580438 ], [ 31.205922602050542, 30.012653812384851 ], [ 31.205918141950342, 30.012660733077912 ], [ 31.205913685865411, 30.012667661043448 ], [ 31.205909235966082, 30.012674590897632 ], [ 31.205904790114491, 30.012681526220241 ], [ 31.205900350416037, 30.012688465235538 ], [ 31.205895916870695, 30.012695407943475 ], [ 31.205891487373108, 30.012702356119888 ], [ 31.205887064028651, 30.01270930798896 ], [ 31.205882644764412, 30.012716263522439 ], [ 31.205878231620826, 30.012723224552644 ], [ 31.205873824630373, 30.012730189275505 ], [ 31.205869421720138, 30.01273715766278 ], [ 31.205865024930564, 30.012744131546771 ], [ 31.205860634294115, 30.012751109123428 ], [ 31.205856247737902, 30.012758090364525 ], [ 31.205851865229423, 30.01276507707404 ], [ 31.205847490946987, 30.012772067504503 ], [ 31.205843120744778, 30.012779061599407 ], [ 31.205838756728191, 30.012786057582932 ], [ 31.205834400905168, 30.012793059091454 ], [ 31.205830053340662, 30.012800062516895 ], [ 31.20582571192929, 30.012807069635009 ], [ 31.205821376671068, 30.012814080445818 ], [ 31.205817049671374, 30.01282109317355 ], [ 31.205812728824814, 30.012828109593947 ], [ 31.205808416204306, 30.012835129735294 ], [ 31.205804109736945, 30.012842153569348 ], [ 31.205799809455197, 30.012849179292061 ], [ 31.205795517367026, 30.012856210539749 ], [ 31.205791231464488, 30.012863243676104 ], [ 31.205786953820478, 30.012870278729384 ], [ 31.205782682297137, 30.012877319279369 ], [ 31.205778419032338, 30.012884361746305 ], [ 31.20577416192069, 30.012891407905919 ], [ 31.20576991306757, 30.012898455982473 ], [ 31.205765668294703, 30.012905507723445 ], [ 31.2057614338208, 30.012912563213646 ], [ 31.205757205500056, 30.012919622396549 ], [ 31.205752983364942, 30.012926683468098 ], [ 31.205748769423415, 30.012933750064647 ], [ 31.205744561699998, 30.012940816745839 ], [ 31.205740362170179, 30.012947888952027 ], [ 31.20573616882599, 30.012954963046887 ], [ 31.205731981634962, 30.012962040834434 ], [ 31.205727802670005, 30.012969122342962 ], [ 31.205723631963604, 30.012976205768432 ], [ 31.205719467410365, 30.012983292886581 ], [ 31.205715309042759, 30.012990381893406 ], [ 31.205711158868763, 30.012997476425245 ], [ 31.205707014880399, 30.013004572845745 ], [ 31.205702879118114, 30.013011672987219 ], [ 31.205698749541479, 30.013018775017372 ], [ 31.205694628190923, 30.013025880768488 ], [ 31.205690512993545, 30.013032990212313 ], [ 31.205686406054721, 30.013040101573097 ], [ 31.205682305269072, 30.013047216626557 ], [ 31.205678212709493, 30.013054335401023 ], [ 31.205674126335587, 30.013061456064147 ], [ 31.205670046114847, 30.013068580419993 ], [ 31.205665974120187, 30.013075708496817 ], [ 31.205661910384102, 30.013082838490575 ], [ 31.205657852801199, 30.013089972177056 ], [ 31.205653801403955, 30.013097107752227 ], [ 31.205649758200316, 30.013104248852386 ], [ 31.205645723287738, 30.013111390065493 ], [ 31.20564169449586, 30.013118536775334 ], [ 31.205637671889637, 30.013125685373847 ], [ 31.205633657509512, 30.013132837693348 ], [ 31.205629649315053, 30.013139991901546 ], [ 31.205625649346704, 30.013147149830726 ], [ 31.20562165553153, 30.013154311452606 ], [ 31.205617669974949, 30.013161474991467 ], [ 31.205613690571543, 30.013168642223039 ], [ 31.205609719426725, 30.013175811371553 ], [ 31.205605756508021, 30.013182984241084 ], [ 31.205601797669587, 30.013190160775057 ], [ 31.205597849162661, 30.013197339254244 ], [ 31.205593904736013, 30.013204521397903 ], [ 31.205589970640862, 30.013211705486775 ], [ 31.205586042698922, 30.013218893268387 ], [ 31.205582120910172, 30.013226084742712 ], [ 31.205578207380015, 30.013233278133985 ], [ 31.20557430000305, 30.013240475218012 ], [ 31.205570400884696, 30.013247674218999 ], [ 31.205566507919535, 30.013254876912704 ], [ 31.205562623180494, 30.013262083327415 ], [ 31.20555874670006, 30.0132692916591 ], [ 31.205554876405312, 30.01327650187946 ], [ 31.205551012231275, 30.013283717596583 ], [ 31.205547156348345, 30.01329093342666 ], [ 31.205543308659042, 30.013298154781747 ], [ 31.205539467155436, 30.013305378025571 ], [ 31.205535633910433, 30.013312603186332 ], [ 31.205531806818652, 30.013319832039834 ], [ 31.20552798588006, 30.013327064586079 ], [ 31.205524175273027, 30.013334299077549 ], [ 31.205520368778757, 30.013341535429475 ], [ 31.205516570478139, 30.013348777306419 ], [ 31.205512780468624, 30.013356019296335 ], [ 31.20550899865275, 30.01336326681125 ], [ 31.205505220982158, 30.013370514382604 ], [ 31.205501453578137, 30.013377767507251 ], [ 31.205497692359806, 30.013385022520609 ], [ 31.205493937327187, 30.013392279422675 ], [ 31.205490190520713, 30.013399540045743 ], [ 31.205486451972863, 30.013406802585802 ], [ 31.205482719578242, 30.013414068818602 ], [ 31.205478993369322, 30.013421336940119 ], [ 31.205475275386558, 30.013428608782633 ], [ 31.205471565629932, 30.013435884346165 ], [ 31.205467862059031, 30.013443161798428 ], [ 31.205464166746758, 30.013450441167652 ], [ 31.205460477587714, 30.013457724229625 ], [ 31.205456796687304, 30.013465009208598 ], [ 31.205453124013054, 30.013472297908574 ], [ 31.205449457492033, 30.013479590301305 ], [ 31.205445797156734, 30.013486884582747 ], [ 31.205442145080088, 30.01349418078118 ], [ 31.205438501229594, 30.013501480700643 ], [ 31.205434863564822, 30.013508782508808 ], [ 31.205431234126213, 30.013516088037996 ], [ 31.205427610873326, 30.013523395455916 ], [ 31.205423995846605, 30.01353070659485 ], [ 31.205420387005624, 30.013538019622501 ], [ 31.205416786423278, 30.013545334567151 ], [ 31.20541319403462, 30.01355265503685 ], [ 31.20540960786419, 30.013559975591264 ], [ 31.205406029919917, 30.013567299866676 ], [ 31.205402458161387, 30.013574626030838 ], [ 31.205398894629024, 30.013581955916006 ], [ 31.205395337282408, 30.013589287689921 ], [ 31.205391788161965, 30.013596623184835 ], [ 31.205388245227262, 30.013603960568499 ], [ 31.205384710518725, 30.013611301673187 ], [ 31.20538118406887, 30.013618644694862 ], [ 31.205377663804747, 30.013625989605281 ], [ 31.205374151766812, 30.01363333823674 ], [ 31.205370645914613, 30.013640688756922 ], [ 31.205367148288605, 30.013648042998128 ], [ 31.205319047442714, 30.013779479733383 ], [ 31.204976036396602, 30.014715196029488 ], [ 31.204960051048232, 30.014764059590437 ], [ 31.204764306035528, 30.015362427899955 ], [ 31.2047110545092, 30.015526922360582 ], [ 31.204480028008902, 30.016240587188918 ], [ 31.202224735625169, 30.023364005234011 ], [ 31.202080079737975, 30.023820866768673 ], [ 31.201063329501473, 30.027031893283024 ], [ 31.201040873861505, 30.027102813917733 ], [ 31.201015578535809, 30.027171364338148 ], [ 31.200965471649393, 30.027307163537209 ], [ 31.200969485215399, 30.027306882799547 ], [ 31.200973515269272, 30.02730660770067 ], [ 31.200977545192778, 30.027306339817738 ], [ 31.200981577091728, 30.027306077375119 ], [ 31.200985608860314, 30.027305822148463 ], [ 31.200989640498548, 30.027305574137753 ], [ 31.200993676185416, 30.027305331595702 ], [ 31.20099770966873, 30.027305096241271 ], [ 31.201001747200678, 30.027304866355461 ], [ 31.201005782529066, 30.027304643657288 ], [ 31.201009819800316, 30.027304428203404 ], [ 31.201013859047002, 30.027304218189848 ], [ 31.201017898163339, 30.027304015392215 ], [ 31.20102193925511, 30.027303818034905 ], [ 31.201025980216535, 30.027303627893541 ], [ 31.201030021047615, 30.027303444968144 ], [ 31.201034063854131, 30.027303267483038 ], [ 31.201038106530302, 30.027303097213913 ], [ 31.20104215118192, 30.027302932385059 ], [ 31.201046195670607, 30.027302776576203 ], [ 31.201050240094116, 30.027302624375263 ], [ 31.201054286427901, 30.027302481222659 ], [ 31.201058332663937, 30.027302343482003 ], [ 31.201062378802206, 30.02730221115328 ], [ 31.201066426850765, 30.02730208787289 ], [ 31.201070474801554, 30.027301970004434 ], [ 31.201074522654601, 30.027301857547933 ], [ 31.201078572450506, 30.027301752335742 ], [ 31.201082622116079, 30.027301654339514 ], [ 31.201086671651307, 30.027301563559252 ], [ 31.201090723162, 30.027301478219261 ], [ 31.201094774574933, 30.02730139829125 ], [ 31.201098825824957, 30.027301327383189 ], [ 31.201102876977224, 30.027301261887093 ], [ 31.201106930072363, 30.027301203635286 ], [ 31.201110980996546, 30.027301150767073 ], [ 31.201115033863612, 30.027301105143195 ], [ 31.201119086632932, 30.027301064931237 ], [ 31.201123141312532, 30.027301033767628 ], [ 31.201127193821193, 30.027301007987592 ], [ 31.201131248305312, 30.02730098764787 ], [ 31.201135300553318, 30.027300976299763 ], [ 31.20113935480936, 30.027300968587944 ], [ 31.201143408902499, 30.027300969896086 ], [ 31.201147462897907, 30.027300976616178 ], [ 31.201151516762984, 30.027300990552231 ], [ 31.201155572570933, 30.027301011732611 ], [ 31.201159626207957, 30.027301038296567 ], [ 31.201163679714647, 30.027301072076483 ], [ 31.201167735164219, 30.027301113100719 ], [ 31.201171788442856, 30.027301159508543 ], [ 31.201175841591184, 30.027301213132333 ], [ 31.201179894609179, 30.027301273972075 ], [ 31.201183949602648, 30.027301340252119 ], [ 31.20118800236002, 30.027301415523798 ], [ 31.20119205501965, 30.027301496207418 ], [ 31.201196107581559, 30.027301582302979 ], [ 31.201200157907358, 30.027301677390163 ], [ 31.201204210208637, 30.027301777917657 ], [ 31.201208260306398, 30.027301885632745 ], [ 31.201212310306431, 30.027301998759782 ], [ 31.201216360143562, 30.027302120906811 ], [ 31.201220409882975, 30.027302248465773 ], [ 31.201224457418881, 30.027302383212337 ], [ 31.201228504857049, 30.02730252337086 ], [ 31.201232552132339, 30.027302672549364 ], [ 31.20123659723669, 30.027302827111459 ], [ 31.201240642210742, 30.027302988889513 ], [ 31.201244684981273, 30.027303157855183 ], [ 31.201248727621515, 30.027303334036809 ], [ 31.201252768058254, 30.027303517406057 ], [ 31.201256808364676, 30.027303707991276 ], [ 31.201260844426976, 30.027303903931717 ], [ 31.201264882399602, 30.027304108920514 ], [ 31.201268918201297, 30.027304319292899 ], [ 31.201272953872696, 30.02730453688126 ], [ 31.201276989446377, 30.027304759881545 ], [ 31.20128102281657, 30.027304990069446 ], [ 31.201285056056452, 30.027305227473324 ], [ 31.201289089166035, 30.027305472093143 ], [ 31.201293120072133, 30.027305723900607 ], [ 31.201297150880514, 30.027305981119991 ], [ 31.201301181558602, 30.027306245555341 ], [ 31.201305210065765, 30.027306515374292 ], [ 31.201309238410069, 30.027306794213242 ], [ 31.201313266656669, 30.027307078464123 ], [ 31.201317292699759, 30.027307369902626 ], [ 31.20132131653936, 30.027307668528731 ], [ 31.201325340281251, 30.027307972566781 ], [ 31.201329363860285, 30.027308285624841 ], [ 31.201333385268402, 30.02730860406648 ], [ 31.201337404473026, 30.027308929695746 ], [ 31.201341423579947, 30.027309260736928 ], [ 31.201345442524008, 30.02730960079812 ], [ 31.201349457223948, 30.027309946214569 ], [ 31.201353471761028, 30.027310300650992 ], [ 31.201357484127204, 30.027310660471016 ], [ 31.201361496395684, 30.027311025702971 ], [ 31.201365506428097, 30.027311399926571 ], [ 31.201369514257021, 30.027311781337797 ], [ 31.201373519915048, 30.027312168132621 ], [ 31.201377523337015, 30.027312563919086 ], [ 31.201381526661276, 30.027312965117488 ], [ 31.201385525708861, 30.02731337347517 ], [ 31.201389524593591, 30.027313790852848 ], [ 31.201393519234216, 30.027314213585758 ], [ 31.20139751374456, 30.027314643534655 ], [ 31.201401503978225, 30.027315080642815 ], [ 31.201405492008416, 30.027315524938587 ], [ 31.201409479908335, 30.027315976450332 ], [ 31.201413463531573, 30.027316435121357 ], [ 31.201417444951343, 30.027316900980004 ], [ 31.201421424135059, 30.027317375830272 ], [ 31.201425401147876, 30.027317856064165 ], [ 31.201429375957233, 30.027318343485664 ], [ 31.201433346457325, 30.027318839870471 ], [ 31.201437314786531, 30.027319341638872 ], [ 31.201441280879681, 30.027319852398914 ], [ 31.201445242696156, 30.027320370318243 ], [ 31.20144920023597, 30.027320895396844 ], [ 31.201453155539742, 30.027321429467076 ], [ 31.201457106566835, 30.027321970696601 ], [ 31.201461053284678, 30.02732252088942 ], [ 31.201464995725853, 30.027323078241515 ], [ 31.201468933890364, 30.027323642752897 ], [ 31.202169962157161, 30.027519075494428 ], [ 31.203558419254069, 30.027916276410526 ], [ 31.204113826279279, 30.028114567726536 ], [ 31.204569070180135, 30.02823277503931 ], [ 31.204910484774004, 30.028320647921628 ], [ 31.205110113760473, 30.028371717485768 ], [ 31.205310051307993, 30.028422592470331 ], [ 31.205512693006227, 30.028473825243239 ], [ 31.205667318881066, 30.028512657418386 ], [ 31.206161679579008, 30.028634433445333 ], [ 31.206274849995776, 30.028662309414937 ], [ 31.206323696172372, 30.0286742227768 ], [ 31.206430899316153, 30.028700207357975 ], [ 31.206695820838, 30.028767692312229 ], [ 31.206890728372542, 30.028817343298101 ], [ 31.206891019303132, 30.028817424856349 ], [ 31.207760515126214, 30.029063073189683 ], [ 31.208047151751217, 30.02914295573693 ], [ 31.208172211940017, 30.029176262939362 ], [ 31.208246908132274, 30.029196124561892 ], [ 31.20825267875373, 30.029197659377235 ], [ 31.208275734025577, 30.029203928187279 ], [ 31.208737615374684, 30.029329552310752 ], [ 31.209554801085364, 30.029551807036604 ], [ 31.20995389770793, 30.029658538424719 ], [ 31.210421692843141, 30.029781211118706 ], [ 31.210569076492394, 30.029819498798954 ], [ 31.210635148295243, 30.029836621664089 ], [ 31.210653284002451, 30.029841323622453 ], [ 31.21242347366324, 30.030300444313038 ], [ 31.212592633027015, 30.030344314614197 ], [ 31.212860732844554, 30.030413846142135 ], [ 31.21286325321865, 30.030414499321225 ], [ 31.213062360130671, 30.030466138178074 ], [ 31.213421765863639, 30.030559347627833 ], [ 31.213429428115276, 30.030561335573996 ], [ 31.213716574680276, 30.03063804605414 ], [ 31.213724518655383, 30.030640167731494 ], [ 31.214015074692288, 30.030717358752103 ], [ 31.214272752609734, 30.030786256921822 ], [ 31.214460415424409, 30.030836758495258 ], [ 31.214491812082201, 30.030845238072427 ], [ 31.216601797975724, 30.031434941983964 ], [ 31.216748687162912, 30.031475993235702 ], [ 31.216940379664457, 30.031428876995218 ], [ 31.217266648723594, 30.031354951195226 ], [ 31.217920976235927, 30.031206691902209 ], [ 31.218641152958408, 30.031043508523659 ], [ 31.218964510022118, 30.03097631119196 ], [ 31.218981045649663, 30.030972650064669 ], [ 31.221224538814472, 30.030475862682582 ], [ 31.221093905352422, 30.030101861332966 ], [ 31.220494978897545, 30.026058812485122 ], [ 31.220186326293781, 30.020568520617008 ], [ 31.220320804507342, 30.015909393703744 ], [ 31.220384729093087, 30.013694329822417 ] ] ] ] } },
{ "type": "Feature", "properties": { "fid": 2, "OBJECTID": 2, "Gov_A_Name": "الجيزه", "GOV_CODE": "21", "Section_A_": "قسم الجيزه", "SubSection": "حاره ثانية", "Shyakha_2d": "04", "Section_2d": "04", "Final_code": "210404", "ذكور_": 13308, "اناث_": 12532, "Shape_Leng": 3978.0468888199998, "Shape_Area": 369486.46855699999, "سكان_": 25840, "الأطفال_": 8010, "الشباب_": 16538, "الكبار_": 1292, "التعلمين_": 23773 }, "geometry": { "type": "MultiPolygon", "coordinates": [ [ [ [ 31.220473620487279, 30.00974610637989 ], [ 31.220376096491798, 30.009744787450344 ], [ 31.220278673524522, 30.009737810961777 ], [ 31.22023041675396, 30.009708858588453 ], [ 31.220182160011944, 30.009679906198425 ], [ 31.219199340528299, 30.009678455344723 ], [ 31.219187760999038, 30.00984194879187 ], [ 31.219142992067543, 30.00995699206409 ], [ 31.219132945703159, 30.009957623000862 ], [ 31.219067349477477, 30.009845366269129 ], [ 31.219078311442544, 30.009742321799504 ], [ 31.218956314361318, 30.009732835531761 ], [ 31.218963862849304, 30.009678104950801 ], [ 31.218388193752894, 30.009649960939303 ], [ 31.218147450858048, 30.009638189419466 ], [ 31.218146573936767, 30.009638531222805 ], [ 31.218145158477178, 30.009639075053244 ], [ 31.21814373692801, 30.009639611583289 ], [ 31.218142313402723, 30.00964014267311 ], [ 31.218140887901328, 30.009640668322714 ], [ 31.21813945631035, 30.009641186671942 ], [ 31.218138022775509, 30.009641697776882 ], [ 31.218136587232305, 30.009642205245672 ], [ 31.218135147704643, 30.009642703638075 ], [ 31.218133704095738, 30.009643198366245 ], [ 31.218132258575245, 30.009643684046111 ], [ 31.218130808973513, 30.009644166061722 ], [ 31.218129357460178, 30.009644639029041 ], [ 31.218127903938484, 30.009645108360182 ], [ 31.218126446400067, 30.009645570419003 ], [ 31.21812498484493, 30.009646025205473 ], [ 31.218123521313682, 30.009646474551737 ], [ 31.218122055838585, 30.009646916653743 ], [ 31.218120586314502, 30.009647353287459 ], [ 31.218119114846569, 30.0096477826769 ], [ 31.218117639361921, 30.009648204794036 ], [ 31.218116161901161, 30.009648621470937 ], [ 31.218114682464286, 30.009649032707642 ], [ 31.218113199010695, 30.009649436671999 ], [ 31.21811171568611, 30.00964983342018 ], [ 31.218110228312554, 30.009650224700042 ], [ 31.218108736922293, 30.009650608707588 ], [ 31.218107245628776, 30.009650987302987 ], [ 31.218105750318539, 30.009651358626069 ], [ 31.218104253032184, 30.009651724508917 ], [ 31.218102753801993, 30.009652083147493 ], [ 31.218101252627935, 30.009652434541842 ], [ 31.218101031937497, 30.009652485687692 ], [ 31.218099749510021, 30.009652778691908 ], [ 31.218098242343149, 30.009653117373681 ], [ 31.218096735273026, 30.009653450643313 ], [ 31.218095224186182, 30.009653776640626 ], [ 31.218093711155497, 30.009654095393653 ], [ 31.218092196180944, 30.009654406902442 ], [ 31.218090681303156, 30.009654712999062 ], [ 31.218089162408649, 30.009655011823355 ], [ 31.218087641538034, 30.009655305207446 ], [ 31.218086118723573, 30.009655591347251 ], [ 31.218084596038114, 30.009655870270873 ], [ 31.218083069303688, 30.009656143726218 ], [ 31.218081542698272, 30.009656409965356 ], [ 31.218080012076147, 30.009656668932159 ], [ 31.218078481583024, 30.00965692068279 ], [ 31.218076949113801, 30.009657166993183 ], [ 31.218075414668476, 30.009657407863362 ], [ 31.218073878311561, 30.009657639685233 ], [ 31.218072342051382, 30.009657866094965 ], [ 31.218070801774509, 30.009658085232353 ], [ 31.218069261626635, 30.009658297153543 ], [ 31.21806771950267, 30.00965850363453 ], [ 31.218066177507701, 30.009658702899326 ], [ 31.218064633536642, 30.009658896723902 ], [ 31.218063087653984, 30.00965908150016 ], [ 31.218061539795219, 30.009659260836198 ], [ 31.21805999206547, 30.009659432956049 ], [ 31.21805844235962, 30.009659599635683 ], [ 31.218056892782784, 30.009659759099129 ], [ 31.218055341262083, 30.00965991131832 ], [ 31.218053787797551, 30.009660056293225 ], [ 31.218052234462043, 30.009660194051946 ], [ 31.218050679150409, 30.009660326370451 ], [ 31.218049123967806, 30.009660451472765 ], [ 31.218047568881953, 30.009660571162929 ], [ 31.218046011884514, 30.009660681804785 ], [ 31.218044452910974, 30.009660787006425 ], [ 31.217487741544396, 30.009706810894048 ], [ 31.217425256069653, 30.009711251546957 ], [ 31.217415698178584, 30.009711930473248 ], [ 31.217388834950182, 30.009713017355345 ], [ 31.217231413390881, 30.009719372907313 ], [ 31.217220186636631, 30.009718302321723 ], [ 31.217170951828617, 30.009713595023808 ], [ 31.217004441796504, 30.009697633869493 ], [ 31.217000388656828, 30.009696691144779 ], [ 31.216996335420422, 30.009695753832101 ], [ 31.216992282087283, 30.009694821931411 ], [ 31.216988224447142, 30.009693898994623 ], [ 31.216984166710262, 30.009692981469851 ], [ 31.216980106803785, 30.009692069328995 ], [ 31.216976044695439, 30.009691164376118 ], [ 31.216971982458094, 30.00969026663925 ], [ 31.216967918051139, 30.009689374286328 ], [ 31.216963851442305, 30.009688489121352 ], [ 31.216959782663888, 30.009687609340283 ], [ 31.216955713756448, 30.009686736775279 ], [ 31.216951642647139, 30.009685871398219 ], [ 31.216947571441082, 30.009685011433177 ], [ 31.216943495960287, 30.009684158627991 ], [ 31.21693942245561, 30.009683311262894 ], [ 31.216935344676205, 30.00968247105768 ], [ 31.216931266767769, 30.0096816380685 ], [ 31.216927186689734, 30.009680810463237 ], [ 31.216923106482682, 30.009679990074027 ], [ 31.216919024073736, 30.009679176872758 ], [ 31.216914939495197, 30.009678369055411 ], [ 31.216910854819904, 30.009677566650062 ], [ 31.216906767910448, 30.009676773236716 ], [ 31.216902678831389, 30.009675985207284 ], [ 31.216898589655575, 30.009675202589847 ], [ 31.216894500318457, 30.009674428992508 ], [ 31.216890406771149, 30.009673658946941 ], [ 31.216886315135394, 30.009672897949557 ], [ 31.216882219257169, 30.009672142307977 ], [ 31.216878123249916, 30.009671393882456 ], [ 31.216874027145906, 30.009670650868955 ], [ 31.216869928840008, 30.009669915043379 ], [ 31.21686582833221, 30.009669186405763 ], [ 31.216861727727665, 30.009668463180148 ], [ 31.216857626994074, 30.009667747170585 ], [ 31.216853521985744, 30.009667038320885 ], [ 31.216849418953508, 30.009666334911262 ], [ 31.216845313719372, 30.009665638689594 ], [ 31.216841206315618, 30.009664947851856 ], [ 31.216837098782829, 30.009664264230157 ], [ 31.216832991120999, 30.009663587824488 ], [ 31.21682888128954, 30.009662916802732 ], [ 31.216824769223916, 30.00966225477298 ], [ 31.216820657093795, 30.009661596351172 ], [ 31.216816544802366, 30.009660946949449 ], [ 31.216812430341307, 30.009660302931632 ], [ 31.216808315783474, 30.009659664325824 ], [ 31.216804198991468, 30.009659034712023 ], [ 31.216800082102683, 30.009658410510205 ], [ 31.216795963044291, 30.009657791692298 ], [ 31.216791843824552, 30.009657181894475 ], [ 31.216787724540328, 30.009656575704593 ], [ 31.216783603021916, 30.009655978506746 ], [ 31.216779481406736, 30.009655386720858 ], [ 31.21677535758965, 30.009654802122935 ], [ 31.216771235716362, 30.00965422476914 ], [ 31.216767109600585, 30.009653652771171 ], [ 31.216762985428609, 30.009653088017341 ], [ 31.216758859054732, 30.009652530451437 ], [ 31.216754730511205, 30.009651978269453 ], [ 31.2167506039115, 30.009651433331591 ], [ 31.216746475142141, 30.009650893777646 ], [ 31.216742344138595, 30.009650363215687 ], [ 31.216738215111125, 30.009649838093832 ], [ 31.216734083914009, 30.009649318355862 ], [ 31.216729950514992, 30.009648805805856 ], [ 31.216725819059757, 30.009648300499983 ], [ 31.216721685402604, 30.009647802382048 ], [ 31.2167207212918, 30.009647686460792 ], [ 31.216717551648667, 30.009647309676119 ], [ 31.216713417765671, 30.009646824186216 ], [ 31.21670928168075, 30.009646345884288 ], [ 31.216705145499045, 30.009645872994341 ], [ 31.216701009188274, 30.009645407320427 ], [ 31.216696870675577, 30.009644948834453 ], [ 31.216692734138949, 30.009644495788592 ], [ 31.216688595400388, 30.009644049930671 ], [ 31.216684456532771, 30.009643611288784 ], [ 31.216680315495491, 30.009643178030807 ], [ 31.216676176402, 30.009642752016973 ], [ 31.21667203510658, 30.009642333191067 ], [ 31.216667893682096, 30.009641921581199 ], [ 31.216663752160805, 30.009641515383343 ], [ 31.216659608437592, 30.009641116373412 ], [ 31.216655466690437, 30.009640722803592 ], [ 31.216651322741349, 30.009640336421707 ], [ 31.216647178663177, 30.009639957255867 ], [ 31.216643034455934, 30.009639585306061 ], [ 31.21663887152847, 30.009639216711363 ], [ 31.216634706399066, 30.00963885530463 ], [ 31.216630541140592, 30.009638501113912 ], [ 31.21662637575303, 30.009638154139232 ], [ 31.216622210268671, 30.009637812576557 ], [ 31.21661804465522, 30.009637478229926 ], [ 31.21661387683984, 30.009637151071232 ], [ 31.216609710968228, 30.009636831156666 ], [ 31.216605542926953, 30.009636516625996 ], [ 31.216601374756589, 30.00963620931137 ], [ 31.216597208529993, 30.00963590924087 ], [ 31.216593040133741, 30.009635614554281 ], [ 31.216588871608394, 30.009635327083732 ], [ 31.216584702953952, 30.009635046829199 ], [ 31.216580534170429, 30.009634773790712 ], [ 31.216576365290091, 30.009634506164229 ], [ 31.216572196280662, 30.009634245753769 ], [ 31.216568027142138, 30.009633992559348 ], [ 31.21656385580166, 30.009633746552876 ], [ 31.216559686437233, 30.009633505986489 ], [ 31.216555516943703, 30.009633272636144 ], [ 31.216551347321072, 30.009633046501836 ], [ 31.216547177601637, 30.009632825779498 ], [ 31.216543007720816, 30.009632614077248 ], [ 31.216538835670317, 30.009632407758914 ], [ 31.216534665595855, 30.009632206880667 ], [ 31.216530495360011, 30.00963201502249 ], [ 31.216526325027353, 30.0096318285763 ], [ 31.216522154565588, 30.009631649346147 ], [ 31.216517983974715, 30.009631477332057 ], [ 31.216513813287026, 30.009631310729933 ], [ 31.216509642470232, 30.009631151343847 ], [ 31.216505473597177, 30.00963099920191 ], [ 31.216501302522158, 30.009630854247895 ], [ 31.216497131350327, 30.009630714705875 ], [ 31.216492962122231, 30.009630582408001 ], [ 31.216488790692175, 30.009630457298062 ], [ 31.216484621238148, 30.009630337628192 ], [ 31.216480451622726, 30.00963022697842 ], [ 31.21647628191047, 30.009630121740631 ], [ 31.216472112069102, 30.009630023718895 ], [ 31.216467942130905, 30.009629931109139 ], [ 31.216463774136439, 30.009629845743504 ], [ 31.216459603940006, 30.009629767565823 ], [ 31.216455435687312, 30.00962969663226 ], [ 31.216451267305505, 30.009629632914759 ], [ 31.216447098826858, 30.009629574609242 ], [ 31.216442930219099, 30.009629523519745 ], [ 31.216438761514492, 30.009629477842243 ], [ 31.216434594721342, 30.009629441212926 ], [ 31.216430427831355, 30.009629409995608 ], [ 31.216426260812234, 30.009629385994309 ], [ 31.216422093696284, 30.009629367405005 ], [ 31.216417926418924, 30.009629357835777 ], [ 31.216413761117575, 30.009629353706661 ], [ 31.216409595687097, 30.00962935679355 ], [ 31.216405430159782, 30.009629365292444 ], [ 31.216401266576192, 30.009629381035477 ], [ 31.216397100758332, 30.00962940577049 ], [ 31.216392936948758, 30.009629434141548 ], [ 31.216388772977783, 30.009629471532676 ], [ 31.216384610982804, 30.009629514363894 ], [ 31.21638044885869, 30.009629564411163 ], [ 31.216376286605456, 30.009629621674449 ], [ 31.216372124255365, 30.009629684349733 ], [ 31.216367963848995, 30.009629754269159 ], [ 31.216363803313499, 30.00962983140462 ], [ 31.21635964264885, 30.009629915756111 ], [ 31.216355483960204, 30.009630005547699 ], [ 31.216351325142426, 30.009630102555299 ], [ 31.216347166195501, 30.009630206778944 ], [ 31.216343009192297, 30.009630318246739 ], [ 31.216338852092242, 30.009630435126518 ], [ 31.21633469486304, 30.009630559222327 ], [ 31.216330539577555, 30.009630690562272 ], [ 31.216326384195199, 30.009630827314215 ], [ 31.216322230756568, 30.009630971310283 ], [ 31.216318077188774, 30.009631122522389 ], [ 31.216313923491843, 30.009631280950533 ], [ 31.216309771770909, 30.009631444818766 ], [ 31.216305619888537, 30.009631617707079 ], [ 31.216301467941584, 30.009631794203333 ], [ 31.216297319978914, 30.009631979775875 ], [ 31.216293169846516, 30.009632170732306 ], [ 31.216289021657829, 30.009632368932866 ], [ 31.216284873339987, 30.00963257434946 ], [ 31.216280726965842, 30.009632787010201 ], [ 31.216277993819986, 30.009632928604088 ], [ 31.216276580494828, 30.009633005082925 ], [ 31.216272435967515, 30.009633230399771 ], [ 31.216268291343336, 30.009633461128626 ], [ 31.216264148630575, 30.00963370090567 ], [ 31.216260005820935, 30.009633946094695 ], [ 31.216255864954988, 30.009634198527856 ], [ 31.216251723992169, 30.009634456373007 ], [ 31.216247582867908, 30.009634723238225 ], [ 31.216243445792482, 30.009634995571659 ], [ 31.216239306515043, 30.009635275092997 ], [ 31.216235171286428, 30.009635560082561 ], [ 31.216231033855795, 30.009635852260036 ], [ 31.216226900441722, 30.009636151709756 ], [ 31.216222764825613, 30.009636458347423 ], [ 31.21621863325834, 30.009636770453262 ], [ 31.216214501561897, 30.009637089775158 ], [ 31.216210369736288, 30.009637416313076 ], [ 31.216206239854372, 30.00963775009512 ], [ 31.216202111948412, 30.009638089317267 ], [ 31.216197983913297, 30.009638435755466 ], [ 31.216193857854147, 30.00963878763374 ], [ 31.216189733706397, 30.009639148560201 ], [ 31.21618560946175, 30.009639514898648 ], [ 31.216181487160796, 30.009639888481228 ], [ 31.216177364762952, 30.009640267475813 ], [ 31.216102774698289, 30.009645537672068 ], [ 31.215821257967921, 30.009665364939167 ], [ 31.215794008758834, 30.009667281735421 ], [ 31.215718885489462, 30.009672569745501 ], [ 31.215688880211513, 30.009673592020221 ], [ 31.215394162773752, 30.00968366479902 ], [ 31.21530890988797, 30.009686590269236 ], [ 31.21528787101121, 30.009687313620013 ], [ 31.215035885414927, 30.009695998285245 ], [ 31.215029628123474, 30.00969610828788 ], [ 31.215023370928932, 30.00969621287808 ], [ 31.215017113863638, 30.009696310251822 ], [ 31.215010856927574, 30.009696400409116 ], [ 31.215004598015589, 30.009696485125854 ], [ 31.215002509681828, 30.00969651093121 ], [ 31.214998339232853, 30.009696562626164 ], [ 31.21499208057935, 30.009696632909979 ], [ 31.214985822055098, 30.009696695977336 ], [ 31.21497956155493, 30.009696753604185 ], [ 31.214973301184006, 30.009696804014546 ], [ 31.214967040910015, 30.009696849012492 ], [ 31.214960780797593, 30.009696884989953 ], [ 31.214954518709249, 30.009696915526867 ], [ 31.214948258823014, 30.00969693887544 ], [ 31.214941996960871, 30.00969695678349 ], [ 31.214935735227975, 30.009696967475051 ], [ 31.214934596940093, 30.009696968273477 ], [ 31.214929471551482, 30.009696970922047 ], [ 31.214923210077117, 30.009696967180698 ], [ 31.214916946626833, 30.009696957998838 ], [ 31.214910683305813, 30.009696941600488 ], [ 31.214904420114035, 30.009696917985679 ], [ 31.214898157051536, 30.00969688715443 ], [ 31.214891894085994, 30.009696850910743 ], [ 31.214885629176859, 30.009696807422493 ], [ 31.214879366437536, 30.009696758549943 ], [ 31.214873101786921, 30.009696700628751 ], [ 31.214866837233284, 30.009696637295143 ], [ 31.214860572808913, 30.009696566745102 ], [ 31.214854308481488, 30.00969649078263 ], [ 31.214848044283354, 30.009696407603702 ], [ 31.214841778141626, 30.009696317180175 ], [ 31.21483551420204, 30.009696219568337 ], [ 31.214829248286556, 30.00969611651594 ], [ 31.214822982500351, 30.009696006247104 ], [ 31.214816716843423, 30.009695888761801 ], [ 31.214810451283462, 30.00969576586407 ], [ 31.214804185885107, 30.009695633945842 ], [ 31.214797920551405, 30.009695498419248 ], [ 31.214791655379294, 30.009695353872139 ], [ 31.214785390304161, 30.009695203912617 ], [ 31.214779123285457, 30.009695046708519 ], [ 31.214772858468894, 30.009694882316087 ], [ 31.214766591708774, 30.009694710679064 ], [ 31.21476032711848, 30.009694533657765 ], [ 31.214754060584628, 30.009694349391872 ], [ 31.214747794147758, 30.009694159713558 ], [ 31.214741529945343, 30.009693961042878 ], [ 31.214735263767064, 30.00969375693165 ], [ 31.214728997685768, 30.009693547408006 ], [ 31.214722731766081, 30.009693328863861 ], [ 31.214716465943383, 30.009693104907306 ], [ 31.214710200249971, 30.009692873734291 ], [ 31.214703934685875, 30.009692635344805 ], [ 31.214697669218776, 30.009692391542917 ], [ 31.214691403880973, 30.009692140524578 ], [ 31.214685140745335, 30.009691882317881 ], [ 31.214678875633833, 30.009691618670672 ], [ 31.21467261065164, 30.009691347806985 ], [ 31.214666345798754, 30.009691069726845 ], [ 31.214660081075184, 30.009690784430244 ], [ 31.214653816448603, 30.009690493721244 ], [ 31.214647551951344, 30.009690195795766 ], [ 31.214641287583405, 30.009689890653846 ], [ 31.214635023312461, 30.009689580099487 ], [ 31.214628759170836, 30.009689262328685 ], [ 31.214622497231385, 30.009688937369557 ], [ 31.214616233348405, 30.009688605165849 ], [ 31.214609969562424, 30.009688267549727 ], [ 31.214603707978622, 30.009687922745254 ], [ 31.214597444451293, 30.009687570696208 ], [ 31.214591183093823, 30.009687213262882 ], [ 31.214584919792827, 30.009686848584973 ], [ 31.214578658694016, 30.009686476718727 ], [ 31.214572397724531, 30.009686097636013 ], [ 31.21456613685206, 30.009685713140911 ], [ 31.214559876108936, 30.009685321429341 ], [ 31.214553615495127, 30.009684922501304 ], [ 31.214547354978343, 30.009684518160874 ], [ 31.214541094590896, 30.009684106603974 ], [ 31.214534834332781, 30.009683687830613 ], [ 31.214528576276862, 30.009683261868918 ], [ 31.214522316245112, 30.009682830466694 ], [ 31.214516058415562, 30.009682391876154 ], [ 31.214509800715344, 30.009681946069126 ], [ 31.214503543112158, 30.009681494849705 ], [ 31.214497285638327, 30.009681036413816 ], [ 31.214491028293821, 30.009680570761496 ], [ 31.214484773119214, 30.009680099724871 ], [ 31.214478896986012, 30.0096796500716 ], [ 31.214473020949832, 30.009679195005948 ], [ 31.214467147115862, 30.009678732752029 ], [ 31.214461271273723, 30.00967826686162 ], [ 31.214455397633792, 30.009677793782913 ], [ 31.214449524090892, 30.009677315291846 ], [ 31.214443650677332, 30.009676829584357 ], [ 31.214437777360807, 30.009676338464473 ], [ 31.21443190621417, 30.009675841960345 ], [ 31.214426033091698, 30.009675340015708 ], [ 31.214420162139113, 30.009674832686823 ], [ 31.214414291315887, 30.009674318141528 ], [ 31.214408420589685, 30.009673798183854 ], [ 31.214400329800924, 30.009673134417653 ], [ 31.214392237068719, 30.00967246340667 ], [ 31.214384146538784, 30.009671785207161 ], [ 31.214376056105937, 30.009671101595046 ], [ 31.214367967875372, 30.009670410794421 ], [ 31.214359877701376, 30.009669712748995 ], [ 31.214351789697336, 30.009669009319087 ], [ 31.214343699782191, 30.009668296840367 ], [ 31.214335612004668, 30.009667580781208 ], [ 31.214327526461755, 30.009666855729488 ], [ 31.2143194389431, 30.009666125237018 ], [ 31.214311353626726, 30.009665387556034 ], [ 31.214303268439785, 30.009664642658386 ], [ 31.214295183349961, 30.009663892348151 ], [ 31.214287098389566, 30.009663134821238 ], [ 31.214279015631469, 30.009662370105822 ], [ 31.21427093089763, 30.009661599949652 ], [ 31.214262848366086, 30.009660822604975 ], [ 31.21425476596399, 30.009660038043641 ], [ 31.214246685764184, 30.009659246293786 ], [ 31.21423860566151, 30.009658449131322 ], [ 31.214230525688262, 30.00965764475222 ], [ 31.214222445812162, 30.009656834960492 ], [ 31.214214366097824, 30.009656016148075 ], [ 31.21420628855347, 30.0096551919512 ], [ 31.214198211106254, 30.009654362341692 ], [ 31.214190133820814, 30.009653523711513 ], [ 31.214182058705358, 30.009652679696838 ], [ 31.214173983719359, 30.009651828465525 ], [ 31.214165908830495, 30.009650971821618 ], [ 31.214157834071102, 30.009650107961047 ], [ 31.214149761514015, 30.009649236911958 ], [ 31.2141416890864, 30.009648358646221 ], [ 31.21413361675592, 30.009647474967885 ], [ 31.214125544554914, 30.009646584072897 ], [ 31.21411747455624, 30.009645685989387 ], [ 31.2141094046547, 30.009644782493282 ], [ 31.214101336955494, 30.009643871808656 ], [ 31.214093269385749, 30.009642953907374 ], [ 31.214085201945498, 30.009642028789457 ], [ 31.214077134602398, 30.009641098258932 ], [ 31.214076400097497, 30.009641012501852 ], [ 31.214069069461623, 30.009640160539888 ], [ 31.214061004418006, 30.009639217408246 ], [ 31.214052939536199, 30.009638265255909 ], [ 31.214044876792073, 30.009637309523139 ], [ 31.214036814209756, 30.009636344769685 ], [ 31.214028753797468, 30.00963537463176 ], [ 31.214020693514659, 30.009634397277214 ], [ 31.214012633361349, 30.009633412705991 ], [ 31.214004573337522, 30.009632420918134 ], [ 31.213999370362288, 30.009631778278742 ], [ 31.213996515483718, 30.009631423745798 ], [ 31.21398845775941, 30.009630419356832 ], [ 31.213980402205138, 30.009629409583383 ], [ 31.213972346780348, 30.009628392593303 ], [ 31.213970962854901, 30.009628216819415 ], [ 31.21396429148507, 30.009627368386575 ], [ 31.213956238392147, 30.009626336991321 ], [ 31.213948185396394, 30.009625300183483 ], [ 31.213940134603, 30.00962425618712 ], [ 31.213932081866268, 30.009623204945996 ], [ 31.213924033372408, 30.009622148348537 ], [ 31.213915982935216, 30.009621084506293 ], [ 31.213907936773239, 30.009620013503664 ], [ 31.213899888635602, 30.009618937060328 ], [ 31.213891842700324, 30.009617853428459 ], [ 31.213883796894567, 30.009616762579959 ], [ 31.21387575329118, 30.009615664542952 ], [ 31.213867709784978, 30.00961456109334 ], [ 31.213859668481163, 30.009613450455216 ], [ 31.213851627306866, 30.009612332600465 ], [ 31.213843588302609, 30.00961120936125 ], [ 31.213835549427888, 30.009610078905382 ], [ 31.213827510682695, 30.009608941232877 ], [ 31.213819474107542, 30.009607798175903 ], [ 31.213811437661931, 30.009606647902295 ], [ 31.213803403418705, 30.009605490440197 ], [ 31.213795369272685, 30.009604327565469 ], [ 31.213787337329048, 30.009603157502262 ], [ 31.213779305514947, 30.009601980222403 ], [ 31.213771275903252, 30.00960079575405 ], [ 31.213754885624052, 30.009597926090397 ], [ 31.213672105358683, 30.009583436567116 ], [ 31.213624703762207, 30.009575138464331 ], [ 31.213572938998251, 30.00956607736304 ], [ 31.21352303243383, 30.009557337404022 ], [ 31.213374633792451, 30.009531333844052 ], [ 31.213027105944469, 30.009463485099598 ], [ 31.212851037443791, 30.009429111350848 ], [ 31.212829952719858, 30.009424994077495 ], [ 31.21252408265865, 30.009365279586657 ], [ 31.212125497511838, 30.009298023307093 ], [ 31.211892914686853, 30.009258777029416 ], [ 31.211774468500295, 30.009238900699938 ], [ 31.211663038627719, 30.009217865509758 ], [ 31.211560272646366, 30.009198485395626 ], [ 31.211553597052625, 30.009197182056084 ], [ 31.211396881657031, 30.009166651307158 ], [ 31.211236663978212, 30.009140423358225 ], [ 31.210970513304897, 30.009096853957157 ], [ 31.210911504258213, 30.009087245817692 ], [ 31.210716173333193, 30.009055440374521 ], [ 31.210702981897676, 30.009053292315347 ], [ 31.210544042466054, 30.00902748872485 ], [ 31.21028204212994, 30.008970819752616 ], [ 31.210038104567353, 30.008918102367922 ], [ 31.209966740882262, 30.008902596537343 ], [ 31.209653955616854, 30.00883411087479 ], [ 31.209634672727297, 30.008829887688663 ], [ 31.20949970256029, 30.008800114321087 ], [ 31.209473272941821, 30.008794272692697 ], [ 31.209472740128678, 30.008794155369561 ], [ 31.209471770918217, 30.008794208946966 ], [ 31.209165666037975, 30.008747221344155 ], [ 31.208943394052952, 30.00870534397453 ], [ 31.208943427901083, 30.008715113867723 ], [ 31.208944408400107, 30.009002885173917 ], [ 31.208942896845794, 30.009087694812056 ], [ 31.208313264547574, 30.008894030925756 ], [ 31.208311642988669, 30.008893581185859 ], [ 31.208310021591924, 30.008893122425768 ], [ 31.208308404438146, 30.00889265831 ], [ 31.208306789454497, 30.008892188810346 ], [ 31.208305174600589, 30.008891712094528 ], [ 31.208303564022074, 30.008891228219003 ], [ 31.208301955613681, 30.00889073895959 ], [ 31.208300349407864, 30.008890242512223 ], [ 31.208298745372176, 30.008889740680978 ], [ 31.208297143539056, 30.008889231661801 ], [ 31.208295545948896, 30.008888717286943 ], [ 31.208293948488478, 30.008888195695945 ], [ 31.208292355271031, 30.008887668749271 ], [ 31.208290764256134, 30.00888713461466 ], [ 31.208289175411384, 30.00888659509614 ], [ 31.208287590842019, 30.008886048417928 ], [ 31.208286008475227, 30.008885494551791 ], [ 31.208284428246142, 30.008884937105776 ], [ 31.208282850252058, 30.008884370667815 ], [ 31.208281276468501, 30.008883800678205 ], [ 31.208279704919953, 30.008883221696646 ], [ 31.208278135509108, 30.008882639135209 ], [ 31.208276570406078, 30.00888204761004 ], [ 31.208275007440779, 30.008881452505001 ], [ 31.208273446678032, 30.008880850212037 ], [ 31.208271890190687, 30.008880240759385 ], [ 31.208270335873486, 30.008879625922816 ], [ 31.208268785799248, 30.008879005730581 ], [ 31.208267237927579, 30.008878378350413 ], [ 31.208265694298881, 30.008877745614594 ], [ 31.208264152840325, 30.008877107494872 ], [ 31.208262613584335, 30.008876462187214 ], [ 31.208261078571322, 30.008875811523886 ], [ 31.208259547833702, 30.008875153700874 ], [ 31.208258019266218, 30.008874490493934 ], [ 31.208256494974144, 30.00887382012731 ], [ 31.208254972819777, 30.008873146180818 ], [ 31.208253454940817, 30.008872465074614 ], [ 31.208251941337245, 30.008871776808743 ], [ 31.208250429903828, 30.008871083158947 ], [ 31.208248922713377, 30.008870384153489 ], [ 31.20824741769307, 30.008869679764143 ], [ 31.208245916948165, 30.008868968215094 ], [ 31.208244420446228, 30.008868251310371 ], [ 31.208242926114433, 30.008867529021757 ], [ 31.208241438130877, 30.008866799601662 ], [ 31.208239952317452, 30.008866064797687 ], [ 31.208238468674182, 30.008865324609808 ], [ 31.208236991346702, 30.008864579094485 ], [ 31.208235516221801, 30.008863826391238 ], [ 31.208234045307446, 30.008863070136364 ], [ 31.20823257870093, 30.008862304917741 ], [ 31.208231116304948, 30.008861536147492 ], [ 31.208229656079112, 30.008860761993354 ], [ 31.2082282022015, 30.00885998070774 ], [ 31.208226750494045, 30.008859194038244 ], [ 31.208225303029558, 30.008858402013065 ], [ 31.208223859808058, 30.008857604632222 ], [ 31.208222420861947, 30.008856800091674 ], [ 31.208220986126381, 30.008855991999503 ], [ 31.208219555666229, 30.00885517674762 ], [ 31.20821812944904, 30.00885435614008 ], [ 31.208216705402005, 30.008853530148656 ], [ 31.208215287670772, 30.008852698829781 ], [ 31.208213874182515, 30.008851862155236 ], [ 31.208212464969655, 30.008851018321007 ], [ 31.208211059967347, 30.00885017093513 ], [ 31.208209657167618, 30.008849316361353 ], [ 31.208208260651251, 30.008848458264143 ], [ 31.208206868410301, 30.008847593007232 ], [ 31.208205480412335, 30.008846722394679 ], [ 31.208204098697728, 30.008845848258716 ], [ 31.208202719185696, 30.008844966934831 ], [ 31.208201343916645, 30.008844080255273 ], [ 31.208199974963406, 30.008843188248282 ], [ 31.208198610253135, 30.008842290885621 ], [ 31.2081972497534, 30.008841389971334 ], [ 31.208195893529084, 30.008840481897337 ], [ 31.208194541547741, 30.008839568467682 ], [ 31.208193195882213, 30.008838649710594 ], [ 31.20819185442722, 30.008837727401886 ], [ 31.208190517247626, 30.008836797933469 ], [ 31.208189184278599, 30.008835864913422 ], [ 31.208187855584963, 30.008834924733677 ], [ 31.208186533174704, 30.008833981030527 ], [ 31.208185215007429, 30.008833031971726 ], [ 31.208183903188388, 30.008832075781445 ], [ 31.208182595579885, 30.008831116039534 ], [ 31.20818129218193, 30.008830152746018 ], [ 31.208179993059389, 30.008829182292764 ], [ 31.208178700252649, 30.008828206512113 ], [ 31.208177411656454, 30.008827227179804 ], [ 31.208176129376067, 30.008826242520094 ], [ 31.208174851338651, 30.008825252504696 ], [ 31.208173579617053, 30.008824257161855 ], [ 31.208172310065592, 30.008823256435161 ], [ 31.208171048870341, 30.008822252213257 ], [ 31.208169791918071, 30.008821242635712 ], [ 31.208168539208767, 30.0088202277025 ], [ 31.208167292815268, 30.00881920744186 ], [ 31.208166050632325, 30.008818183629579 ], [ 31.208164814765183, 30.008817154489872 ], [ 31.208163583141019, 30.008816119994506 ], [ 31.208162357800223, 30.00881508197573 ], [ 31.208161136702415, 30.008814038601312 ], [ 31.208159921920405, 30.008812989899447 ], [ 31.2081587134542, 30.008811935870135 ], [ 31.20815750919855, 30.008810878289221 ], [ 31.208156311226269, 30.008809817184897 ], [ 31.208155117529383, 30.008808748920888 ], [ 31.208153930115888, 30.008807677133468 ], [ 31.208152746912933, 30.008806601794426 ], [ 31.208151572098611, 30.008805521156184 ], [ 31.208150401527273, 30.008804435162297 ], [ 31.208149235166466, 30.008803345616759 ], [ 31.208148075121475, 30.008802250743798 ], [ 31.208146921359855, 30.008801152347445 ], [ 31.208145773914044, 30.008800048623648 ], [ 31.208144632751598, 30.008798941376462 ], [ 31.208143495832143, 30.008797828773602 ], [ 31.208142365196046, 30.00879671264736 ], [ 31.208141238802941, 30.008795591165459 ], [ 31.208140120766021, 30.008794466188384 ], [ 31.208139006972093, 30.008793335855646 ], [ 31.208246947244731, 30.008323547020648 ], [ 31.208244876114989, 30.008321925467364 ], [ 31.208242802847643, 30.008320307493872 ], [ 31.208240721159381, 30.008318696623611 ], [ 31.208238637333494, 30.008317089333165 ], [ 31.208236545119124, 30.008315487341871 ], [ 31.20823445076714, 30.008313888930424 ], [ 31.208232350067057, 30.008312297650381 ], [ 31.208230245156535, 30.008310709921936 ], [ 31.208228133897919, 30.00830912932491 ], [ 31.208226018428871, 30.008307552279494 ], [ 31.208223898716966, 30.008305980589689 ], [ 31.208221772689388, 30.008304414227268 ], [ 31.208219642418943, 30.008302853220478 ], [ 31.208217507938077, 30.008301295765278 ], [ 31.208215367109101, 30.008299745441505 ], [ 31.208213222069698, 30.008298198669333 ], [ 31.208211072755009, 30.008296659056789 ], [ 31.208208917157076, 30.00829512296762 ], [ 31.208206757316276, 30.008293592234068 ], [ 31.208204593232622, 30.008292066856129 ], [ 31.208202422833285, 30.008290546805583 ], [ 31.208200250263918, 30.008289032138887 ], [ 31.208198071378867, 30.008287522799584 ], [ 31.208195888250959, 30.008286018815895 ], [ 31.208193698807371, 30.008284520159616 ], [ 31.20819150512094, 30.00828302685894 ], [ 31.208189307224057, 30.008281537109848 ], [ 31.208187105051895, 30.008280054520423 ], [ 31.208184898636873, 30.008278577286585 ], [ 31.208182687978994, 30.008277105408396 ], [ 31.20818047103786, 30.00827563705354 ], [ 31.20817824982144, 30.008274175858357 ], [ 31.20817602436216, 30.008272720018763 ], [ 31.208173794660016, 30.008271269534813 ], [ 31.208171558674632, 30.008269822574196 ], [ 31.208169320486771, 30.008268382801447 ], [ 31.20816707598323, 30.008266948356116 ], [ 31.208164827236832, 30.008265519266391 ], [ 31.20816257632039, 30.008264095560506 ], [ 31.208160319088265, 30.008262677182014 ], [ 31.208158055540462, 30.008261264130891 ], [ 31.208155789822616, 30.008259856463621 ], [ 31.208153519829473, 30.008258455956017 ], [ 31.20815124562591, 30.008257058999963 ], [ 31.208148965106659, 30.008255667371305 ], [ 31.208146682384935, 30.008254282930523 ], [ 31.20814439337996, 30.008252902013101 ], [ 31.20814210217252, 30.008251528283537 ], [ 31.208139804649381, 30.008250159881374 ], [ 31.208137504956209, 30.008248796863029 ], [ 31.20813519894735, 30.008247439172095 ], [ 31.208132890768457, 30.00824608686499 ], [ 31.208130576273867, 30.008244739885267 ], [ 31.208128259576807, 30.008243400093427 ], [ 31.208125936596495, 30.008242063824927 ], [ 31.208123611413708, 30.008240734744284 ], [ 31.20812127991524, 30.00823941099106 ], [ 31.208118946246721, 30.008238092621646 ], [ 31.208116608335335, 30.008236779607838 ], [ 31.208114264108278, 30.008235471921427 ], [ 31.208111917678735, 30.008234171422888 ], [ 31.208109567006321, 30.008232876279948 ], [ 31.208107212091054, 30.008231586492634 ], [ 31.208104852932902, 30.00823030206092 ], [ 31.20810249160472, 30.008229023013048 ], [ 31.208100123928411, 30.008227751096566 ], [ 31.208097752009241, 30.008226484535726 ], [ 31.208095377952446, 30.00822522155466 ], [ 31.208092999587937, 30.008223967537297 ], [ 31.208090617012981, 30.008222717071494 ], [ 31.208088230162726, 30.008221473765317 ], [ 31.20808584114242, 30.008220235842991 ], [ 31.208083445806423, 30.008219003248048 ], [ 31.208081048300379, 30.008217776036922 ], [ 31.208078646519041, 30.008216555985459 ], [ 31.208076240494837, 30.008215341289599 ], [ 31.208073832300563, 30.008214131977557 ], [ 31.207910517258576, 30.008176157638434 ], [ 31.20781334249655, 30.008512644620541 ], [ 31.207620566125193, 30.009181146554166 ], [ 31.207404765387452, 30.009929480159418 ], [ 31.207402752269971, 30.009936159967193 ], [ 31.207400732966089, 30.009942837886182 ], [ 31.207398705435416, 30.009949512084081 ], [ 31.207396669613029, 30.009956186168999 ], [ 31.207394627604238, 30.009962858365107 ], [ 31.207392577368648, 30.009969526840138 ], [ 31.207390520914199, 30.009976195230408 ], [ 31.207388456232945, 30.009982859899594 ], [ 31.20738638325998, 30.009989524455793 ], [ 31.207384302060202, 30.009996185290905 ], [ 31.207382214674023, 30.010002844237217 ], [ 31.207380121101423, 30.010009501294732 ], [ 31.207378017196699, 30.010016156406959 ], [ 31.207375907105575, 30.010022809630392 ], [ 31.207373790828033, 30.010029460965015 ], [ 31.207371666291216, 30.0100361103826 ], [ 31.207369533495132, 30.010042757883134 ], [ 31.207367392439775, 30.010049403466638 ], [ 31.207365245230452, 30.010056045357288 ], [ 31.207363089729398, 30.010062687134926 ], [ 31.20736092807438, 30.010069325219739 ], [ 31.207358758160069, 30.010075961387511 ], [ 31.207356582059344, 30.010082595666464 ], [ 31.207354395626488, 30.01008922800013 ], [ 31.207352203007197, 30.010095858444995 ], [ 31.20735000420148, 30.010102487001056 ], [ 31.207347797168932, 30.010109111836041 ], [ 31.207345581844638, 30.010115736557999 ], [ 31.207343360366369, 30.010122357587118 ], [ 31.207341130628802, 30.010128976699185 ], [ 31.207338894704815, 30.010135593922445 ], [ 31.207336648448678, 30.010142209200431 ], [ 31.207334398078959, 30.010148822617815 ], [ 31.207332137409534, 30.010155432285909 ], [ 31.207329870521225, 30.010162041869197 ], [ 31.207327597478915, 30.010168647759659 ], [ 31.207325316177315, 30.010175251733042 ], [ 31.207323026616415, 30.010181853789415 ], [ 31.207320728796219, 30.010188453928702 ], [ 31.207318424822024, 30.010195050375156 ], [ 31.207316114661378, 30.010201644932799 ], [ 31.207313796208982, 30.01020823937743 ], [ 31.207311469529717, 30.010214830100942 ], [ 31.20730913669647, 30.010221417131621 ], [ 31.207306795571455, 30.010228004049292 ], [ 31.207304446219585, 30.010234587245861 ], [ 31.20730209064881, 30.010241170357659 ], [ 31.207299728924024, 30.0102477497766 ], [ 31.207297358972379, 30.010254325474445 ], [ 31.207294980728964, 30.010260901059265 ], [ 31.207292596331538, 30.010267472951231 ], [ 31.207290203674805, 30.010274042926152 ], [ 31.207287804831605, 30.010280611012256 ], [ 31.207285397729084, 30.010287177181276 ], [ 31.207282982399693, 30.01029373962923 ], [ 31.207280562956697, 30.010300300216596 ], [ 31.207278133181514, 30.010306858858666 ], [ 31.207275697219863, 30.010313415611904 ], [ 31.207273255071751, 30.010319970476321 ], [ 31.207270804696758, 30.010326521619646 ], [ 31.207268346062431, 30.010333070845906 ], [ 31.20726588127409, 30.010339616379316 ], [ 31.207263408193963, 30.010346161799692 ], [ 31.207260928959808, 30.010352703527211 ], [ 31.207258441466323, 30.010359243337664 ], [ 31.207255947786361, 30.010365781259292 ], [ 31.20725344587952, 30.010372315459829 ], [ 31.207250937786188, 30.010378847771541 ], [ 31.20724842143353, 30.010385378166163 ], [ 31.207245898926832, 30.010391904867962 ], [ 31.207243368128342, 30.010398431456707 ], [ 31.207240831175827, 30.010404954352605 ], [ 31.2072382859964, 30.010411473527387 ], [ 31.207235734598054, 30.010417992617374 ], [ 31.207233174972803, 30.010424507986269 ], [ 31.20723060919352, 30.010431019662281 ], [ 31.20722803512243, 30.010437531225278 ], [ 31.207225454897312, 30.010444039095418 ], [ 31.207222866412835, 30.010450545048471 ], [ 31.207220269701455, 30.010457047280426 ], [ 31.207217668876446, 30.010463547651774 ], [ 31.207215057719218, 30.010470046077831 ], [ 31.207212440375489, 30.010476542615049 ], [ 31.207209816877722, 30.010483035459391 ], [ 31.207207185120588, 30.010489526386671 ], [ 31.207204547209418, 30.010496013621079 ], [ 31.207201901038879, 30.010502498938418 ], [ 31.207199248681839, 30.010508982366908 ], [ 31.207196588097879, 30.010515462074316 ], [ 31.207193921294969, 30.010521941696908 ], [ 31.207191246297604, 30.010528415794365 ], [ 31.207188565081275, 30.010534889806994 ], [ 31.207185875670479, 30.010541358294489 ], [ 31.207183180040722, 30.010547826697195 ], [ 31.207180476184046, 30.010554291378781 ], [ 31.207177766140866, 30.010560754171522 ], [ 31.207175047870763, 30.010567213243178 ], [ 31.207172323414138, 30.010573670425952 ], [ 31.20716959069815, 30.010580125691654 ], [ 31.207166851828084, 30.010586577264505 ], [ 31.207164106771515, 30.010593026948509 ], [ 31.207161353488004, 30.010599472911387 ], [ 31.207158591945127, 30.0106059169572 ], [ 31.207155824215718, 30.010612359114166 ], [ 31.207153050332252, 30.01061879757825 ], [ 31.207150268221852, 30.010625232321225 ], [ 31.207147477819611, 30.010631666951131 ], [ 31.207144683368622, 30.010638096112402 ], [ 31.207141878552921, 30.010644525132331 ], [ 31.207139069656009, 30.010650950487666 ], [ 31.207136252532152, 30.010657372121855 ], [ 31.207133427148925, 30.010663791838965 ], [ 31.207130595579155, 30.010670209667236 ], [ 31.207127757855311, 30.010676623802613 ], [ 31.207124911904518, 30.010683034216878 ], [ 31.207122057694331, 30.010689442714057 ], [ 31.207119199370496, 30.010695849350618 ], [ 31.207116330746825, 30.010702252237831 ], [ 31.207113458009495, 30.010708653264441 ], [ 31.207110577045206, 30.010715050569889 ], [ 31.20710768782153, 30.010721445958286 ], [ 31.207104794516628, 30.010727837682026 ], [ 31.207101890879461, 30.010734227460439 ], [ 31.207098983161067, 30.010740613574189 ], [ 31.207096065110399, 30.010746997742594 ], [ 31.207093142946061, 30.010753380050438 ], [ 31.207090212587218, 30.010759756833078 ], [ 31.207087276009375, 30.010766133530918 ], [ 31.207084331237024, 30.010772504703599 ], [ 31.207081380245683, 30.010778875791445 ], [ 31.207078421059833, 30.010785241354132 ], [ 31.207075455687431, 30.010791605027968 ], [ 31.207072484128492, 30.010797966812945 ], [ 31.207069504342567, 30.010804324876798 ], [ 31.207066518370109, 30.010810681051773 ], [ 31.207063526243548, 30.01081703353389 ], [ 31.207060525890018, 30.010823382294863 ], [ 31.207057517277072, 30.010829729138713 ], [ 31.207054504550431, 30.010836074121961 ], [ 31.207051483629279, 30.01084241358005 ], [ 31.207048454416242, 30.01084875292506 ], [ 31.207045421154433, 30.010855086801389 ], [ 31.20704237756032, 30.010861418732368 ], [ 31.207039329852524, 30.010867748802738 ], [ 31.207036273917755, 30.010874075151964 ], [ 31.207033211828872, 30.010880397808293 ], [ 31.207030141480555, 30.010886718547539 ], [ 31.207027064945674, 30.010893037397881 ], [ 31.207023982289137, 30.01089935075133 ], [ 31.207020891373169, 30.01090566218765 ], [ 31.20701779427063, 30.010911971735126 ], [ 31.207014688941118, 30.010918277561441 ], [ 31.207011577457482, 30.010924579694862 ], [ 31.207008459819736, 30.01093087813539 ], [ 31.207005335962965, 30.01093717649108 ], [ 31.20700220391166, 30.010943469321592 ], [ 31.206999065673774, 30.010949760263255 ], [ 31.206995919208914, 30.010956047483752 ], [ 31.206992766589931, 30.010962331011353 ], [ 31.206989607784372, 30.010968612650078 ], [ 31.206986442792232, 30.010974892399958 ], [ 31.206983269605566, 30.010981166624639 ], [ 31.206980090232307, 30.010987438960431 ], [ 31.206976902599607, 30.010993709379139 ], [ 31.206973708812782, 30.010999976104937 ], [ 31.206970506798957, 30.01100623910957 ], [ 31.206967300671426, 30.011012500253592 ], [ 31.206964084244017, 30.011018757648202 ], [ 31.206960861662491, 30.011025011349929 ], [ 31.206957632894373, 30.01103126316276 ], [ 31.206954395866795, 30.011037513058469 ], [ 31.206951152717544, 30.011043757457259 ], [ 31.206947903349253, 30.011050001771203 ], [ 31.206944645786407, 30.011056240559949 ], [ 31.206941379964103, 30.011062477431565 ], [ 31.206938107955203, 30.011068712414321 ], [ 31.206934829792175, 30.011074943704148 ], [ 31.206931543402124, 30.011081171272828 ], [ 31.206928250857953, 30.011087395148596 ], [ 31.206924952127178, 30.011093617135494 ], [ 31.206921645136937, 30.011099837205258 ], [ 31.206918329919674, 30.011106053553856 ], [ 31.206915010621159, 30.011112266237795 ], [ 31.206911681022746, 30.011118475172321 ], [ 31.206908347310609, 30.011124682246219 ], [ 31.206905005371446, 30.011130885598952 ], [ 31.206901655172825, 30.011137087034559 ], [ 31.20689829882005, 30.01114328477723 ], [ 31.20689493631313, 30.011149478827015 ], [ 31.206891565546726, 30.011155670959653 ], [ 31.206888188626181, 30.011161859399369 ], [ 31.206884805519028, 30.01116804595021 ], [ 31.206881414217314, 30.011174226975829 ], [ 31.206878014656105, 30.01118040608435 ], [ 31.206874610981174, 30.011186583332208 ], [ 31.206871199079206, 30.011192756858886 ], [ 31.206867778950215, 30.011198926664424 ], [ 31.206864352667075, 30.011205092777018 ], [ 31.206860920197318, 30.011211257000742 ], [ 31.206857479500528, 30.011217417503271 ], [ 31.206854032617123, 30.011223576116926 ], [ 31.206850579612027, 30.011229729233623 ], [ 31.20684711834744, 30.011235880433183 ], [ 31.206843650896225, 30.011242029743844 ], [ 31.206840177323325, 30.011248173557565 ], [ 31.206836695490914, 30.011254315454106 ], [ 31.206833205399015, 30.011260455433533 ], [ 31.206747419722959, 30.011391781644054 ], [ 31.206904646435266, 30.011483998271565 ], [ 31.207049107352354, 30.011589365004738 ], [ 31.207066384231869, 30.011601966486872 ], [ 31.207496056414247, 30.011915362593619 ], [ 31.207947036085294, 30.012244295369733 ], [ 31.207948626323983, 30.012240839805916 ], [ 31.2079502103763, 30.012237382353344 ], [ 31.207951786201779, 30.012233921179767 ], [ 31.207953355840882, 30.012230458117443 ], [ 31.207954917253161, 30.012226991334096 ], [ 31.207956470406163, 30.012223522633747 ], [ 31.207958017405247, 30.012220050240618 ], [ 31.207959558217951, 30.012216575958728 ], [ 31.207961088698486, 30.012213099731643 ], [ 31.207962615065554, 30.012209621644004 ], [ 31.207964133238228, 30.012206138031345 ], [ 31.207965643119191, 30.012202654305735 ], [ 31.207967146846244, 30.012199166887321 ], [ 31.207968642314022, 30.012195677551937 ], [ 31.207970131627871, 30.012192184523755 ], [ 31.207971612682453, 30.012188689578604 ], [ 31.207973085477789, 30.012185192716473 ], [ 31.207974552086736, 30.012181693965584 ], [ 31.207976012541771, 30.012178191521905 ], [ 31.207977464769993, 30.012174685357206 ], [ 31.207978908706508, 30.012171179079573 ], [ 31.207980346489094, 30.012167669109157 ], [ 31.207981776044857, 30.012164155417718 ], [ 31.207983199381829, 30.012160641641579 ], [ 31.207984614491981, 30.012157124144412 ], [ 31.207986021342876, 30.012153604730273 ], [ 31.207987422039853, 30.012150081623357 ], [ 31.20798881447757, 30.012146556599433 ], [ 31.207990200728926, 30.012143029686786 ], [ 31.207991578721032, 30.012139500857142 ], [ 31.20799295055922, 30.012135968334736 ], [ 31.207994314138155, 30.012132433895346 ], [ 31.207995669457841, 30.012128897538982 ], [ 31.207997018591161, 30.012125359293851 ], [ 31.207998359497683, 30.012121817327738 ], [ 31.207999692144945, 30.012118273444635 ], [ 31.208001018605859, 30.012114727672774 ], [ 31.208002338880416, 30.01211118001218 ], [ 31.208003648855275, 30.01210762860234 ], [ 31.208004954684238, 30.012104077136016 ], [ 31.208006250213494, 30.012100521920459 ], [ 31.208007539588838, 30.012096963012127 ], [ 31.208008820672497, 30.012093403990839 ], [ 31.208010095602251, 30.012089841276783 ], [ 31.20801136224032, 30.012086278449779 ], [ 31.208012620651584, 30.012082711901776 ], [ 31.208013872876506, 30.012079143465023 ], [ 31.208015116874627, 30.012075571307264 ], [ 31.208016354653957, 30.012071999064787 ], [ 31.208017584206488, 30.012068423101322 ], [ 31.208018805467344, 30.012064847024906 ], [ 31.208020020574285, 30.012061267255703 ], [ 31.208021227421998, 30.012057685569538 ], [ 31.208022426010473, 30.012054101966395 ], [ 31.20802361844504, 30.012050514670467 ], [ 31.208024802587932, 30.012046927261625 ], [ 31.208025980576931, 30.012043336159998 ], [ 31.208027150274258, 30.012039744945422 ], [ 31.208028311744783, 30.012036150009859 ], [ 31.208029464956077, 30.012032553157304 ], [ 31.208030611981037, 30.012028954416003 ], [ 31.208031752819654, 30.012025353785987 ], [ 31.208032883326148, 30.012021751210757 ], [ 31.208034007646312, 30.012018146746787 ], [ 31.208035125780132, 30.01201454039408 ], [ 31.208036233581844, 30.012010932096178 ], [ 31.208037337270099, 30.012007321937755 ], [ 31.208038430658682, 30.0120037080301 ], [ 31.208039517828492, 30.012000094037749 ], [ 31.208040596771525, 30.011996476324374 ], [ 31.208041667422886, 30.011992858498079 ], [ 31.208042731920347, 30.011989236979005 ], [ 31.208043788126165, 30.011985615346994 ], [ 31.208044838178083, 30.011981990022235 ], [ 31.208045877865441, 30.011978364556292 ], [ 31.208046913471819, 30.011974735425802 ], [ 31.208047938713641, 30.01197110615416 ], [ 31.208048957769137, 30.011967474993778 ], [ 31.208049968597841, 30.011963840112397 ], [ 31.208050973207794, 30.011960205146291 ], [ 31.208051967518077, 30.011956566430985 ], [ 31.208052957682494, 30.011952927659191 ], [ 31.208053937514798, 30.011949286942187 ], [ 31.208054911193212, 30.011945642532449 ], [ 31.208055876579984, 30.011941998009753 ], [ 31.208056833707538, 30.01193835157008 ], [ 31.208057784648776, 30.0119347032417 ], [ 31.208058727330808, 30.011931052996342 ], [ 31.208059663826514, 30.011927400862231 ], [ 31.208060589990112, 30.011923746782948 ], [ 31.208061509934964, 30.011920092618947 ], [ 31.208062423725945, 30.011916434762192 ], [ 31.208063329225268, 30.011912776792492 ], [ 31.208064226497836, 30.011909115101812 ], [ 31.208065115478753, 30.01190545329818 ], [ 31.208065998273351, 30.011901789605837 ], [ 31.208066872808754, 30.011898123996509 ], [ 31.208067739084946, 30.011894456470223 ], [ 31.208068084908977, 30.011892981510663 ], [ 31.208068597101942, 30.011890787026978 ], [ 31.20806944890019, 30.011887117499036 ], [ 31.208070294544562, 30.011883444278311 ], [ 31.208071129824408, 30.011879770916455 ], [ 31.208071958917948, 30.011876095665833 ], [ 31.208072779752282, 30.011872418498257 ], [ 31.208073592294991, 30.011868741217771 ], [ 31.208074398683831, 30.011865060244499 ], [ 31.208075196781035, 30.011861379158308 ], [ 31.208075988691924, 30.01185769618338 ], [ 31.208076770270747, 30.01185401126326 ], [ 31.208077545663254, 30.011850324454429 ], [ 31.208078312764133, 30.011846637532649 ], [ 31.208079073711161, 30.011842946918094 ], [ 31.208079826366543, 30.01183925619063 ], [ 31.20808057073031, 30.011835565350225 ], [ 31.208081306867314, 30.011831870788843 ], [ 31.208082036785587, 30.01182817614276 ], [ 31.208082758444686, 30.01182447957969 ], [ 31.208083471844574, 30.011820781099694 ], [ 31.208084179025743, 30.011817082534968 ], [ 31.208084877980159, 30.011813380249283 ], [ 31.208085568642957, 30.011809677850653 ], [ 31.208086253087021, 30.011805975367331 ], [ 31.208086929304347, 30.011802269162999 ], [ 31.208087597230048, 30.011798562845765 ], [ 31.208088258969461, 30.011794854639799 ], [ 31.208088912449686, 30.011791144516859 ], [ 31.208089559711187, 30.011787434309227 ], [ 31.208090196640615, 30.011783722156416 ], [ 31.20809082738376, 30.011780008114872 ], [ 31.208091451908192, 30.011776293988621 ], [ 31.208092066132981, 30.01177257611317 ], [ 31.208092674106609, 30.011768859957037 ], [ 31.208093275926391, 30.011765140108139 ], [ 31.208093867381685, 30.011761420118102 ], [ 31.208094452650684, 30.011757698239329 ], [ 31.20809503170096, 30.011753976275859 ], [ 31.208095600419174, 30.011750252367214 ], [ 31.208096162951115, 30.011746526569844 ], [ 31.208096717191452, 30.011742800659523 ], [ 31.208097265245506, 30.011739072860507 ], [ 31.208097805040385, 30.011735343144505 ], [ 31.208098336543674, 30.011731613315586 ], [ 31.20809886186067, 30.011727881597945 ], [ 31.208099378886065, 30.011724149767378 ], [ 31.208099887652306, 30.011720416019859 ], [ 31.208100388159377, 30.011716680355384 ], [ 31.208100882447731, 30.011712944606227 ], [ 31.208101368444503, 30.011709208744129 ], [ 31.208101846214539, 30.011705469161047 ], [ 31.208102317733438, 30.011701731297297 ], [ 31.208102781025602, 30.011697989712566 ], [ 31.208103238066627, 30.011694249847178 ], [ 31.208103684808052, 30.011690506232579 ], [ 31.208104125330753, 30.01168676253327 ], [ 31.208104557561867, 30.011683018721037 ], [ 31.208104983606727, 30.011679273020093 ], [ 31.208105401359983, 30.011675527206219 ], [ 31.208105810854089, 30.011671779475389 ], [ 31.208106212089039, 30.0116680298276 ], [ 31.208106607072864, 30.011664281899151 ], [ 31.208106993829961, 30.011660530249724 ], [ 31.20810737229548, 30.011656778487371 ], [ 31.208107744542293, 30.011653026640325 ], [ 31.208108108529959, 30.01164927287633 ], [ 31.208108464226044, 30.011645518999423 ], [ 31.20810881370344, 30.011641765037801 ], [ 31.208109154921679, 30.011638009159231 ], [ 31.20810948788078, 30.011634251363702 ], [ 31.20810981254829, 30.011630493455272 ], [ 31.208110130997117, 30.011626735462134 ], [ 31.2081104411868, 30.011622975552047 ], [ 31.208110743084905, 30.011619215529048 ], [ 31.208111036691434, 30.011615455393112 ], [ 31.208111324111702, 30.011611693368472 ], [ 31.208111603240411, 30.011607931230898 ], [ 31.208111876182851, 30.011604167204595 ], [ 31.208112138760839, 30.011600403037153 ], [ 31.208112395120139, 30.011596638785019 ], [ 31.208112645293191, 30.011592872644158 ], [ 31.20811288510178, 30.011589106362145 ], [ 31.208113118691703, 30.011585339995456 ], [ 31.208113344022475, 30.01158157171179 ], [ 31.20811356106169, 30.01157780331522 ], [ 31.208113771882218, 30.01157403483397 ], [ 31.208113974443624, 30.011570264435747 ], [ 31.208114168713454, 30.011566493924615 ], [ 31.208114356764604, 30.011562723328804 ], [ 31.208114534483745, 30.011558950787784 ], [ 31.208114708024659, 30.011555179994346 ], [ 31.208114853019623, 30.011551843690587 ], [ 31.208913170820583, 30.011567920683341 ], [ 31.208911735817367, 30.01150805573053 ], [ 31.209081448204273, 30.011509611507321 ], [ 31.209377201306207, 30.011502558965553 ], [ 31.20961173622932, 30.011496845372651 ], [ 31.21000773878086, 30.011487661986994 ], [ 31.210372278748284, 30.011482454210743 ], [ 31.210429442709671, 30.011481732170061 ], [ 31.21070653988188, 30.011478230342661 ], [ 31.21108580385923, 30.011473437346599 ], [ 31.211112647937977, 30.011473098560678 ], [ 31.211262242850001, 30.011473351266218 ], [ 31.211432454318331, 30.011473443751914 ], [ 31.211663610565864, 30.011473451281926 ], [ 31.211822373873272, 30.011474638169624 ], [ 31.212119731048279, 30.011486808098446 ], [ 31.212150991449924, 30.011488088176385 ], [ 31.21237403479601, 30.01149721592698 ], [ 31.212688056465002, 30.011510054875394 ], [ 31.212874793229094, 30.011508401280139 ], [ 31.212867987612711, 30.011178214030064 ], [ 31.21285862749874, 30.010724194099936 ], [ 31.213146880484196, 30.010727461016931 ], [ 31.213143710593425, 30.010832913136209 ], [ 31.213461078145414, 30.010840470607469 ], [ 31.213659777201958, 30.010845173050498 ], [ 31.213771878844035, 30.010847826290881 ], [ 31.213803387397569, 30.010671088583269 ], [ 31.213828066234054, 30.01057278361376 ], [ 31.213835052509811, 30.01054495776323 ], [ 31.213835828756942, 30.010542599020944 ], [ 31.214348777256056, 30.010699080083924 ], [ 31.214435213918254, 30.010727457366659 ], [ 31.21467705866764, 30.010806651564618 ], [ 31.214625293356651, 30.010980451255602 ], [ 31.214571715740423, 30.011156216665189 ], [ 31.214530234213015, 30.011292162557105 ], [ 31.214528312131534, 30.011302349821154 ], [ 31.214506835407132, 30.011416144709163 ], [ 31.21450241861524, 30.01143954840197 ], [ 31.214500821872907, 30.011448009585642 ], [ 31.214481834119685, 30.011548557282584 ], [ 31.214741803757605, 30.011622233855963 ], [ 31.215038739798199, 30.011706249418047 ], [ 31.215058841148604, 30.011660073031454 ], [ 31.215193968042062, 30.011692643505882 ], [ 31.215300029535566, 30.011718182742346 ], [ 31.216025594843583, 30.011888595399743 ], [ 31.215958115006988, 30.012146354281537 ], [ 31.215940386112614, 30.012213832367177 ], [ 31.215873399590382, 30.01246763523627 ], [ 31.215955891040146, 30.012487408451683 ], [ 31.21606216626169, 30.012512881426439 ], [ 31.21611809160806, 30.012526254764182 ], [ 31.216340205605423, 30.012579361857746 ], [ 31.216371701435158, 30.01258859647108 ], [ 31.216442436098294, 30.012609336008225 ], [ 31.216469736718011, 30.012617335406929 ], [ 31.216556187014859, 30.012642645724657 ], [ 31.216592489121268, 30.012653268114892 ], [ 31.216628260818752, 30.01266317414612 ], [ 31.21680473765835, 30.012711975352829 ], [ 31.216961451613514, 30.01275516906253 ], [ 31.217049799900135, 30.012779521340978 ], [ 31.217294851915508, 30.012846731108951 ], [ 31.21735671089899, 30.012875453823657 ], [ 31.217709048742432, 30.012976167492305 ], [ 31.217894132679159, 30.013029073556073 ], [ 31.218564528234708, 30.013220696640396 ], [ 31.220384729093087, 30.013694329822417 ], [ 31.220399743870971, 30.013173992644475 ], [ 31.220394304083424, 30.012009577971021 ], [ 31.22039131174029, 30.011368766364193 ], [ 31.220473620487279, 30.00974610637989 ] ] ] ] } },
{ "type": "Feature", "properties": { "fid": 3, "OBJECTID": 3, "Gov_A_Name": "الجيزه", "GOV_CODE": "21", "Section_A_": "قسم الجيزه", "SubSection": "حاره ثالثة", "Shyakha_2d": "05", "Section_2d": "04", "Final_code": "210405", "ذكور_": 9839, "اناث_": 9265, "Shape_Leng": 3314.2621255600002, "Shape_Area": 294007.08296700002, "سكان_": 19104, "الأطفال_": 5731, "الشباب_": 12418, "الكبار_": 955, "التعلمين_": 17767 }, "geometry": { "type": "MultiPolygon", "coordinates": [ [ [ [ 31.220182160011944, 30.009679906198425 ], [ 31.220130657271241, 30.009538052217113 ], [ 31.22006404020788, 30.009217501703016 ], [ 31.21997477263146, 30.008902269321489 ], [ 31.219934662465811, 30.008780443934679 ], [ 31.219886058028653, 30.008759960587462 ], [ 31.21984234769721, 30.00847508587 ], [ 31.219829177477003, 30.008394774292128 ], [ 31.219895764675506, 30.008364241022324 ], [ 31.219856156562411, 30.008155345347774 ], [ 31.21979906658154, 30.007846250299487 ], [ 31.21976819633224, 30.007838387380342 ], [ 31.219730138326348, 30.007754115691196 ], [ 31.219704215637059, 30.007589042892533 ], [ 31.219619870004685, 30.007228907374589 ], [ 31.21953872411185, 30.006995404889672 ], [ 31.219494551618421, 30.006775836993747 ], [ 31.219340220582303, 30.006353062734398 ], [ 31.219230940078909, 30.006050002756716 ], [ 31.219090782035124, 30.005829036552008 ], [ 31.218226266757554, 30.005944517464279 ], [ 31.218198163942063, 30.005948316131946 ], [ 31.217723580765409, 30.00599868182054 ], [ 31.217644635874095, 30.006007059049882 ], [ 31.217149323580809, 30.006041192082499 ], [ 31.217049199517927, 30.006048091056392 ], [ 31.216942939269234, 30.006055412065283 ], [ 31.216569164461902, 30.006077614525822 ], [ 31.216573240585831, 30.006186891351231 ], [ 31.216050797722612, 30.00628453833022 ], [ 31.215858682990309, 30.006328658993773 ], [ 31.21564018346006, 30.006378915929115 ], [ 31.215450591307832, 30.006422588394909 ], [ 31.215448808024366, 30.006441132307508 ], [ 31.215446751826047, 30.006462529010303 ], [ 31.215435522037652, 30.006580007140546 ], [ 31.215428544507034, 30.006652553648006 ], [ 31.215419394187855, 30.006747796303959 ], [ 31.215409994041863, 30.006845643042475 ], [ 31.215404000991281, 30.006908014804562 ], [ 31.215403593443231, 30.006912249804479 ], [ 31.215402475743762, 30.006923841059066 ], [ 31.215392618426062, 30.007026028584203 ], [ 31.215387358958409, 30.007080544565952 ], [ 31.215387308038899, 30.00708107258788 ], [ 31.215375116858368, 30.007208117642389 ], [ 31.215375427771558, 30.007227114005097 ], [ 31.21537524915686, 30.007227826156608 ], [ 31.215375076695963, 30.007228542000533 ], [ 31.215374912526286, 30.007229257956912 ], [ 31.215374754542722, 30.007229975801646 ], [ 31.215374604850361, 30.007230693758832 ], [ 31.215374463416914, 30.007231413632507 ], [ 31.215374328169577, 30.007232135394553 ], [ 31.215374199140651, 30.007232857240929 ], [ 31.215374080443436, 30.007233581031919 ], [ 31.215373967932344, 30.007234306711265 ], [ 31.215373861671946, 30.00723503067092 ], [ 31.215373763638173, 30.007235758351076 ], [ 31.215373673927914, 30.007236484339661 ], [ 31.215373590403768, 30.007237212216623 ], [ 31.215373515138531, 30.007237942010033 ], [ 31.215373446091704, 30.007238671887805 ], [ 31.215373387408892, 30.007239401906133 ], [ 31.215373332871685, 30.00724013198068 ], [ 31.215373288698508, 30.007240862195779 ], [ 31.215373250711437, 30.007241594299259 ], [ 31.215373218942773, 30.007242326487063 ], [ 31.215373197538131, 30.007243058815419 ], [ 31.215373180279098, 30.007243791200004 ], [ 31.215373312687497, 30.007244617642812 ], [ 31.215373451314306, 30.007245444169964 ], [ 31.215373596191835, 30.007246268977408 ], [ 31.215373751433386, 30.00724709392539 ], [ 31.215373912925649, 30.007247917153673 ], [ 31.215374082741427, 30.007248738690372 ], [ 31.215374260848424, 30.007249560339492 ], [ 31.215374445206137, 30.007250380268907 ], [ 31.215374637887372, 30.007251198506744 ], [ 31.215374838859823, 30.007252016856999 ], [ 31.215375048155792, 30.00725283351569 ], [ 31.21537526370248, 30.007253648454657 ], [ 31.215375487572683, 30.007254461702018 ], [ 31.215375719766399, 30.007255273257783 ], [ 31.215375958210842, 30.007256083093836 ], [ 31.215376204946498, 30.007256893042339 ], [ 31.21537646003797, 30.007257699495202 ], [ 31.215376721347866, 30.007258506032422 ], [ 31.215376991013567, 30.007259309073969 ], [ 31.215377269002804, 30.007260110423932 ], [ 31.215377553210448, 30.007260911858236 ], [ 31.215377845773915, 30.007261709796897 ], [ 31.215378144588108, 30.007262506015834 ], [ 31.215378451725815, 30.00726330054319 ], [ 31.215378767219338, 30.007264091574893 ], [ 31.215379088931282, 30.007264882690944 ], [ 31.215379418999049, 30.007265670311341 ], [ 31.215379755317525, 30.007266456212033 ], [ 31.215380099991823, 30.007267238617107 ], [ 31.215380450884552, 30.00726802110648 ], [ 31.215380810165392, 30.007268798296181 ], [ 31.215381175664653, 30.007269575570223 ], [ 31.215381549519726, 30.00727034934863 ], [ 31.215381931730636, 30.007271119631401 ], [ 31.215382320159961, 30.007271889998492 ], [ 31.215382714904599, 30.007272655037792 ], [ 31.21538311797276, 30.007273418385491 ], [ 31.21538352732393, 30.007274178209432 ], [ 31.215383942925833, 30.007274936313685 ], [ 31.215384366883551, 30.007275690922285 ], [ 31.215384799164791, 30.007276443839292 ], [ 31.215385235656246, 30.00727719320443 ], [ 31.21538568050353, 30.007277939073926 ], [ 31.21538613370663, 30.007278681447787 ], [ 31.21538659108765, 30.007279422073811 ], [ 31.215387056824493, 30.007280159204228 ], [ 31.215387530917159, 30.007280892838992 ], [ 31.215388009220032, 30.007281622921884 ], [ 31.215388495878734, 30.007282349509143 ], [ 31.215388988788153, 30.007283074376677 ], [ 31.215389490085709, 30.007283793944541 ], [ 31.215389995561161, 30.007284511764585 ], [ 31.215390509424751, 30.007285224284935 ], [ 31.215391029539045, 30.007285935085601 ], [ 31.215391555968665, 30.007286640558448 ], [ 31.215392088681309, 30.007287342507549 ], [ 31.215392629717485, 30.007288042765055 ], [ 31.215393174996162, 30.00728873766667 ], [ 31.215393728630659, 30.00728942907261 ], [ 31.215394286475387, 30.007290116926718 ], [ 31.215394852675928, 30.007290801285169 ], [ 31.215395425191794, 30.007291480315828 ], [ 31.215396003990673, 30.007292155822743 ], [ 31.215396586999773, 30.007292827777793 ], [ 31.215397178364697, 30.007293496237171 ], [ 31.215397776012644, 30.007294161172826 ], [ 31.215398377903103, 30.00729482075257 ], [ 31.215398988181686, 30.007295475032631 ], [ 31.215399602638186, 30.007296127564864 ], [ 31.215399659643165, 30.007296186081287 ], [ 31.215400225515115, 30.007296772993389 ], [ 31.21540085256995, 30.007297416674078 ], [ 31.215401485940099, 30.007298055026954 ], [ 31.215402125625584, 30.007298688052067 ], [ 31.215402769488978, 30.007299319329327 ], [ 31.215403421772798, 30.0072999435029 ], [ 31.215404078266822, 30.007300564124574 ], [ 31.215404741076181, 30.007301179418473 ], [ 31.215405410168557, 30.00730179118861 ], [ 31.215406083503442, 30.007302397602842 ], [ 31.215406763121358, 30.00730300049333 ], [ 31.215407446981775, 30.007303598027892 ], [ 31.215408139230323, 30.007304190262772 ], [ 31.215408833648574, 30.007304777113646 ], [ 31.215409536422666, 30.007305360468873 ], [ 31.215410243439258, 30.007305938468189 ], [ 31.215410954698374, 30.007306511111608 ], [ 31.215411672240506, 30.007307080231271 ], [ 31.215412396130255, 30.007307642219093 ], [ 31.215413124230224, 30.007308200655039 ], [ 31.21541385657271, 30.007308753735089 ], [ 31.215414595230506, 30.007309301487339 ], [ 31.215415338130821, 30.007309843883686 ], [ 31.215416087314154, 30.007310382756266 ], [ 31.2154168386995, 30.007310914440801 ], [ 31.215417598472971, 30.007311440825642 ], [ 31.21541836038384, 30.007311963630521 ], [ 31.215419128642338, 30.00731247930355 ], [ 31.215419901111058, 30.007312991424719 ], [ 31.215420677854578, 30.007313496385926 ], [ 31.215421458840613, 30.007313995991229 ], [ 31.215422246109668, 30.00731449207278 ], [ 31.21542303765354, 30.007314980994401 ], [ 31.215423831367119, 30.007315464531981 ], [ 31.215424631396015, 30.007315942741759 ], [ 31.215425435667424, 30.007316415595632 ], [ 31.215426244181351, 30.007316883093605 ], [ 31.215427056970086, 30.007317343431623 ], [ 31.215427873969045, 30.007317800217766 ], [ 31.215428695242803, 30.007318249843966 ], [ 31.21542952075907, 30.007318694114257 ], [ 31.215430350550164, 30.007319131224609 ], [ 31.215431182478657, 30.007319564754983 ], [ 31.215432020754768, 30.007319991153501 ], [ 31.215432861200586, 30.007320412168003 ], [ 31.21543370588892, 30.007320827826604 ], [ 31.215434554852067, 30.007321236325254 ], [ 31.21543540598492, 30.007321639439891 ], [ 31.215436263465385, 30.007322035422689 ], [ 31.21543712101046, 30.007322427797369 ], [ 31.21543798490314, 30.007322813040236 ], [ 31.215438850997835, 30.007323191095036 ], [ 31.215439721335034, 30.007323563793918 ], [ 31.215440593841944, 30.007323931108786 ], [ 31.215441470623659, 30.007324291263718 ], [ 31.215442351647898, 30.00732464606272 ], [ 31.215443234841835, 30.007324995477713 ], [ 31.215444120237777, 30.007325337704643 ], [ 31.215445009908532, 30.007325672771604 ], [ 31.215445901748975, 30.007326002454558 ], [ 31.215446797831945, 30.007326326781616 ], [ 31.215447694044116, 30.00732664389249 ], [ 31.215448596603895, 30.007326953871519 ], [ 31.215449499260565, 30.007327258438419 ], [ 31.215450406192058, 30.007327555845372 ], [ 31.215451315293247, 30.007327847868304 ], [ 31.215452226564139, 30.007328134507215 ], [ 31.215453140069339, 30.007328412154013 ], [ 31.215454057817045, 30.0073286844449 ], [ 31.215475671945637, 30.007323363823158 ], [ 31.215569988882855, 30.007681808868771 ], [ 31.215584408763856, 30.007736707202746 ], [ 31.215626722769773, 30.007897596356678 ], [ 31.215507959704578, 30.0079186230526 ], [ 31.215458291403301, 30.007927413982937 ], [ 31.215419571780327, 30.007934265595161 ], [ 31.215228161726355, 30.007968132716364 ], [ 31.215165138359193, 30.007979281298695 ], [ 31.215137556668861, 30.007984160025558 ], [ 31.215101433368233, 30.007988085608769 ], [ 31.215093464336782, 30.007988387132084 ], [ 31.215043332611902, 30.0079902875299 ], [ 31.214897356801263, 30.007995810368957 ], [ 31.214897620364148, 30.007967548585015 ], [ 31.214898519001324, 30.007873262310245 ], [ 31.214837350913239, 30.007871234335809 ], [ 31.21475045572506, 30.007868355656019 ], [ 31.214627535522979, 30.007864264550154 ], [ 31.214520218114128, 30.007860693603625 ], [ 31.214454683322362, 30.007864701731116 ], [ 31.2144157016414, 30.007867083405547 ], [ 31.21434406135625, 30.007875001941503 ], [ 31.214317262467407, 30.007877963935211 ], [ 31.214160580518776, 30.007895271888788 ], [ 31.213977723146037, 30.007915456207055 ], [ 31.213824496235432, 30.007935022941449 ], [ 31.21372736070618, 30.007947427460611 ], [ 31.213521793202766, 30.007973676274016 ], [ 31.213426762741385, 30.007985809604261 ], [ 31.213080788311338, 30.008007395919694 ], [ 31.2130720417783, 30.008066101327291 ], [ 31.212820713678653, 30.008037880185803 ], [ 31.212746175778033, 30.008029664351039 ], [ 31.212392225334671, 30.007990656224166 ], [ 31.211925911974767, 30.007979944783852 ], [ 31.211935085585271, 30.007928096874622 ], [ 31.211923679899623, 30.007838659949751 ], [ 31.211914577012177, 30.007801385672309 ], [ 31.211909404663533, 30.00778020300077 ], [ 31.211898320422605, 30.00773479788992 ], [ 31.211370188512699, 30.007726503365511 ], [ 31.211368470934929, 30.0076892319981 ], [ 31.211254175091788, 30.007655740942617 ], [ 31.211247014173672, 30.007653644240889 ], [ 31.211239853255865, 30.007651547538782 ], [ 31.211128824027369, 30.007619037304597 ], [ 31.211098751014678, 30.007610235856969 ], [ 31.210956413765636, 30.007569123773287 ], [ 31.210731724611843, 30.007504225767196 ], [ 31.210720440000451, 30.007500968626413 ], [ 31.210638007114262, 30.007477185305415 ], [ 31.210203704556996, 30.007351685452129 ], [ 31.210178035273131, 30.007346240473197 ], [ 31.209582821406865, 30.007176491141827 ], [ 31.209582225996996, 30.007176396425859 ], [ 31.209581630489925, 30.007176307122002 ], [ 31.209581032748044, 30.007176226810113 ], [ 31.209580434908951, 30.007176151910329 ], [ 31.209579834867437, 30.00717608419848 ], [ 31.209579234696317, 30.007176023702772 ], [ 31.209578634427981, 30.007175968619173 ], [ 31.209578033997634, 30.007175922555739 ], [ 31.209577431397275, 30.007175881876222 ], [ 31.209576828667302, 30.007175848412839 ], [ 31.20957622584012, 30.007175820361546 ], [ 31.20957562285092, 30.007175801330458 ], [ 31.209575021837306, 30.007175787739662 ], [ 31.209574418621273, 30.007175781336798 ], [ 31.209573815275636, 30.007175782150078 ], [ 31.209573213873171, 30.007175790207693 ], [ 31.209572610300697, 30.007175803649222 ], [ 31.209572008671405, 30.007175824335079 ], [ 31.209571408985287, 30.007175852265302 ], [ 31.209570807096771, 30.007175887383443 ], [ 31.209570209224225, 30.007175929774149 ], [ 31.209569609181663, 30.007175977548734 ], [ 31.209569011082287, 30.007176032567674 ], [ 31.209568414926089, 30.00717609483096 ], [ 31.209567818640284, 30.007176164310383 ], [ 31.209567224330048, 30.007176239230098 ], [ 31.209566631962989, 30.007176321394162 ], [ 31.209566041539127, 30.007176410802575 ], [ 31.209565450985636, 30.007176507427118 ], [ 31.209564862407724, 30.007176609491992 ], [ 31.209564275772994, 30.00717671880118 ], [ 31.209563691081449, 30.007176835354723 ], [ 31.209563108365476, 30.007176957348577 ], [ 31.209562529665483, 30.007177086614977 ], [ 31.20956195083588, 30.007177223097521 ], [ 31.209561373981852, 30.007177365020357 ], [ 31.209560801143788, 30.007177514215751 ], [ 31.209560230248911, 30.007177670655473 ], [ 31.209559661329617, 30.007177832535497 ], [ 31.209559094353494, 30.007178001659888 ], [ 31.209558531425753, 30.007178176252793 ], [ 31.209557972513984, 30.007178358118221 ], [ 31.209557413472595, 30.007178547199803 ], [ 31.209556860552386, 30.00717874177808 ], [ 31.209556309607748, 30.007178941796681 ], [ 31.209555760606303, 30.00717914905962 ], [ 31.209555215653218, 30.007179361791071 ], [ 31.20955467471612, 30.007179581795057 ], [ 31.209554137827389, 30.007179807267583 ], [ 31.209553604954628, 30.007180040012624 ], [ 31.209553074057453, 30.007180278197989 ], [ 31.209552547208652, 30.007180521851847 ], [ 31.209552024375832, 30.007180772778263 ], [ 31.209551505591385, 30.0071810291732 ], [ 31.209550992928097, 30.007181291064825 ], [ 31.209550482240402, 30.007181558396777 ], [ 31.209549975568677, 30.007181833001269 ], [ 31.209549472945337, 30.007182113074272 ], [ 31.209548976443156, 30.007182398643995 ], [ 31.209548483989355, 30.007182689682221 ], [ 31.209547995583925, 30.007182986188941 ], [ 31.209547513299679, 30.007183288192412 ], [ 31.209547032991011, 30.00718359563615 ], [ 31.209546558771109, 30.007183910380672 ], [ 31.20954609070478, 30.007184228817863 ], [ 31.209545626686833, 30.007184552723562 ], [ 31.209545168757643, 30.007184883929988 ], [ 31.209544714909239, 30.007185218800927 ], [ 31.209544103431114, 30.007185556940534 ], [ 31.209543487937001, 30.007185887807591 ], [ 31.209542868362114, 30.007186215010162 ], [ 31.209542244771246, 30.007186534940193 ], [ 31.20954161713199, 30.007186849401702 ], [ 31.20954098544436, 30.007187158394689 ], [ 31.20954035178114, 30.007187461947364 ], [ 31.209539712029144, 30.00718775819929 ], [ 31.209539068228764, 30.007188048982709 ], [ 31.209538422452802, 30.007188334325804 ], [ 31.209537770588057, 30.00718861236814 ], [ 31.209537116747736, 30.007188884970176 ], [ 31.209536458891439, 30.007189150299638 ], [ 31.209535799027144, 30.007189411992854 ], [ 31.209535135179284, 30.007189664609452 ], [ 31.209534467250634, 30.007189913561582 ], [ 31.209533797411204, 30.00719015346532 ], [ 31.209533123490992, 30.007190389704586 ], [ 31.209532445554796, 30.007190618671306 ], [ 31.20953176567544, 30.007190840393669 ], [ 31.209531083820472, 30.007191056675712 ], [ 31.209530397949543, 30.007191265685208 ], [ 31.20952971010303, 30.007191469254398 ], [ 31.209529020313337, 30.007191665579231 ], [ 31.209528326475265, 30.00719185643554 ], [ 31.209527630694005, 30.007192040047517 ], [ 31.20952693293717, 30.007192218219167 ], [ 31.20952623116435, 30.007192389118259 ], [ 31.209525529521152, 30.007192552801211 ], [ 31.209524823829568, 30.007192711015641 ], [ 31.20952411619481, 30.007192861985725 ], [ 31.20952340868967, 30.007193005739683 ], [ 31.209522697136148, 30.007193144025102 ], [ 31.209521983639455, 30.007193275066168 ], [ 31.209521270272372, 30.007193398891108 ], [ 31.209520552856912, 30.007193517247501 ], [ 31.209519835571069, 30.00719362838776 ], [ 31.209519116342051, 30.007193732283671 ], [ 31.209518395137447, 30.007193830739272 ], [ 31.209517674062464, 30.007193921978725 ], [ 31.2095169510443, 30.007194005973833 ], [ 31.209516226082968, 30.007194082724595 ], [ 31.209515501218839, 30.007194154063228 ], [ 31.209514774411542, 30.007194218157512 ], [ 31.209514047733851, 30.007194275035651 ], [ 31.209513319080592, 30.007194326473478 ], [ 31.209512590589352, 30.007194368891149 ], [ 31.209511860122522, 30.007194405868461 ], [ 31.209511129752922, 30.007194437433697 ], [ 31.209510399545344, 30.007194459978741 ], [ 31.20950966736218, 30.007194477083466 ], [ 31.209508935308634, 30.00719448697205 ], [ 31.209508203384715, 30.007194489644476 ], [ 31.209507471590413, 30.007194485100747 ], [ 31.209506739893339, 30.007194475144924 ], [ 31.209506008325871, 30.007194457972968 ], [ 31.209505276888031, 30.007194433584839 ], [ 31.209504543507009, 30.007194401952365 ], [ 31.209503812296006, 30.007194364935994 ], [ 31.209503081214617, 30.00719432070348 ], [ 31.209502350262866, 30.007194269254814 ], [ 31.209501619440726, 30.007194210589997 ], [ 31.209500890788604, 30.007194146541266 ], [ 31.209500160193301, 30.007194075248197 ], [ 31.209499431800413, 30.007193996767178 ], [ 31.209498705609953, 30.007193911098213 ], [ 31.209497979516705, 30.00719382001715 ], [ 31.209497253553081, 30.007193721719933 ], [ 31.209496527719086, 30.007193616206585 ], [ 31.209495804087503, 30.00719350350527 ], [ 31.209495082625942, 30.007193385420059 ], [ 31.209494361294006, 30.007193260118711 ], [ 31.209493642164478, 30.007193127629399 ], [ 31.209492925204966, 30.007192989756181 ], [ 31.209492208375089, 30.007192844666847 ], [ 31.209491493747624, 30.007192692389534 ], [ 31.209490781322582, 30.007192532924311 ], [ 31.209490071067552, 30.007192368075149 ], [ 31.209489360909746, 30.0071921978139 ], [ 31.209488652986767, 30.007192018560676 ], [ 31.209487949306588, 30.007191833951726 ], [ 31.209487245723636, 30.007191643930682 ], [ 31.209065370862259, 30.007099977402838 ], [ 31.208934418326489, 30.007075444260472 ], [ 31.20892105461429, 30.006841858770859 ], [ 31.208527508196632, 30.006839307643578 ], [ 31.2083531874108, 30.006836551804486 ], [ 31.208178523368861, 30.006843896126014 ], [ 31.208177904112816, 30.006848588353815 ], [ 31.20817665938214, 30.006857972724763 ], [ 31.208175406392463, 30.006867355178738 ], [ 31.208174145111357, 30.006876737519779 ], [ 31.208172877644024, 30.006886117972083 ], [ 31.208171601917684, 30.006895496507433 ], [ 31.208170317899896, 30.006904874929837 ], [ 31.208169027663452, 30.006914253267531 ], [ 31.208167729168004, 30.006923629688256 ], [ 31.20816642241352, 30.006933004192028 ], [ 31.208165109440383, 30.006942378611079 ], [ 31.208163786103, 30.006951752888973 ], [ 31.208162456579377, 30.006961125278135 ], [ 31.208161120869523, 30.006970495778528 ], [ 31.208159776868207, 30.006979866166013 ], [ 31.208158424607866, 30.006989234636503 ], [ 31.208157064056049, 30.006998602994077 ], [ 31.208155697317988, 30.007007969462901 ], [ 31.208154322320901, 30.007017334014744 ], [ 31.208152939032328, 30.007026698453675 ], [ 31.208151547452292, 30.007036062779648 ], [ 31.208150149685999, 30.007045425216901 ], [ 31.208148743660658, 30.00705478573715 ], [ 31.20814733141663, 30.007064146172691 ], [ 31.208145910913558, 30.007073504691277 ], [ 31.208144482118989, 30.007082863096919 ], [ 31.208143045065377, 30.007092219585584 ], [ 31.208141601825488, 30.007101574185494 ], [ 31.208141284858073, 30.007106750519686 ], [ 31.20814095959944, 30.007111926740976 ], [ 31.208140628122372, 30.007117102877583 ], [ 31.208140288354091, 30.007122278901299 ], [ 31.208139940327015, 30.007127453008035 ], [ 31.208139584008705, 30.007132627001909 ], [ 31.208139221471978, 30.007137800911078 ], [ 31.208138850676445, 30.007142972903321 ], [ 31.208138471589688, 30.00714814478264 ], [ 31.208138084211701, 30.007153316549068 ], [ 31.208137688542482, 30.007158488202574 ], [ 31.208137286687247, 30.007163657967379 ], [ 31.208136876540795, 30.007168827619271 ], [ 31.208136458103098, 30.007173997158251 ], [ 31.208136033479398, 30.00717916480852 ], [ 31.208135598491662, 30.007184332317649 ], [ 31.208135157285476, 30.007189499742111 ], [ 31.208134707820491, 30.007194665249603 ], [ 31.208134252137061, 30.007199830672441 ], [ 31.208133786089586, 30.00720499595414 ], [ 31.208133313856095, 30.007210159347128 ], [ 31.208132833331366, 30.007215322627182 ], [ 31.208132344515391, 30.007220485794349 ], [ 31.208131849513396, 30.007225647072794 ], [ 31.208131346220153, 30.007230808238319 ], [ 31.208130834635654, 30.00723596929096 ], [ 31.208130314792342, 30.007241128426642 ], [ 31.208129786657771, 30.007246287449423 ], [ 31.208129252337173, 30.007251444583474 ], [ 31.208128709725333, 30.00725660160462 ], [ 31.208128158822241, 30.007261758512861 ], [ 31.2081276017331, 30.007266913532384 ], [ 31.208127034279915, 30.007272068410771 ], [ 31.208126460640703, 30.00727722140044 ], [ 31.208125878710227, 30.007282374277192 ], [ 31.208125290561281, 30.00728752706927 ], [ 31.208124692080712, 30.007292677916173 ], [ 31.20812408738168, 30.007297828678386 ], [ 31.208123474423815, 30.007302977523651 ], [ 31.208122853174682, 30.007308126256017 ], [ 31.208122225707072, 30.007313274903701 ], [ 31.208121589980628, 30.007318421634427 ], [ 31.208120945995343, 30.007323566448218 ], [ 31.208120293718789, 30.007328711149086 ], [ 31.208119635223763, 30.007333855765275 ], [ 31.208118968469893, 30.007338998464519 ], [ 31.208118293424743, 30.007344141050844 ], [ 31.208117610120755, 30.007349281720231 ], [ 31.208116918525494, 30.007354422276691 ], [ 31.208116220744177, 30.007359560944455 ], [ 31.208115514671576, 30.007364699499291 ], [ 31.208114802412933, 30.007369836165402 ], [ 31.20811407979021, 30.007374972690396 ], [ 31.208113350981428, 30.007380107326647 ], [ 31.208112613881369, 30.007385241849981 ], [ 31.208111868522447, 30.007390374456378 ], [ 31.208111116945044, 30.007395506978078 ], [ 31.208110355035981, 30.007400637554611 ], [ 31.208109586940861, 30.007405766242432 ], [ 31.208108812627255, 30.007410894845538 ], [ 31.20810802794955, 30.00741602330752 ], [ 31.208107237085798, 30.007421149880791 ], [ 31.208106437963167, 30.007426274537114 ], [ 31.208105630549241, 30.007431399080502 ], [ 31.208104816916826, 30.007436523539198 ], [ 31.208103995057979, 30.007441644276927 ], [ 31.208103164875396, 30.007446766705772 ], [ 31.208102326466381, 30.007451885413616 ], [ 31.208101479766061, 30.007457004008561 ], [ 31.208100626847237, 30.00746212251881 ], [ 31.208099765701984, 30.007467237308088 ], [ 31.208098898305778, 30.007472353816684 ], [ 31.20809802061034, 30.007477466576088 ], [ 31.208097136696399, 30.007482579250787 ], [ 31.208096244491141, 30.007487691812585 ], [ 31.20809534609981, 30.007492802485654 ], [ 31.208094437376801, 30.007497911213541 ], [ 31.20809352246771, 30.007503018052702 ], [ 31.208092599267307, 30.007508124778951 ], [ 31.208091669880826, 30.007513229616467 ], [ 31.208090730130234, 30.007518334312827 ], [ 31.208089784193543, 30.007523437120469 ], [ 31.208088829997973, 30.007528538011154 ], [ 31.208087869583895, 30.007533638817161 ], [ 31.208086900910917, 30.007538737706206 ], [ 31.208085923979063, 30.007543834678298 ], [ 31.208084938755871, 30.007548931537478 ], [ 31.208083947346605, 30.007554026507915 ], [ 31.208082945605632, 30.007559119533173 ], [ 31.208081937646146, 30.007564212473753 ], [ 31.208080923500553, 30.007569303525585 ], [ 31.208079899023275, 30.00757439263224 ], [ 31.208078868327473, 30.007579481654211 ], [ 31.208077831445571, 30.007584568787447 ], [ 31.20807730680237, 30.007587111367368 ], [ 31.208076784231949, 30.007589653975501 ], [ 31.208075730832253, 30.007594737274832 ], [ 31.208074669141212, 30.007599820461223 ], [ 31.208073599191273, 30.007604901730673 ], [ 31.208072523055236, 30.007609981111397 ], [ 31.208071436587481, 30.007615058546925 ], [ 31.208070345974004, 30.007620135925979 ], [ 31.208069245028803, 30.007625211359862 ], [ 31.208068137897516, 30.007630284905009 ], [ 31.208067022474872, 30.007635358337236 ], [ 31.208065898825758, 30.007640428048468 ], [ 31.208064766885297, 30.007645497646784 ], [ 31.208063628726286, 30.007650567160375 ], [ 31.208062482340807, 30.007655632952996 ], [ 31.208061329736779, 30.007660698660906 ], [ 31.208060166833459, 30.007665760619602 ], [ 31.208058997679171, 30.007670824297648 ], [ 31.208057822371192, 30.007675884282911 ], [ 31.208056636731484, 30.007680942322995 ], [ 31.208055444873235, 30.007686000278376 ], [ 31.20805424475607, 30.00769105631678 ], [ 31.208053038452782, 30.007696110466476 ], [ 31.208051821817762, 30.007701162670962 ], [ 31.208050598996628, 30.007706212986726 ], [ 31.208049369956932, 30.007711263217793 ], [ 31.208048130585507, 30.007716311503671 ], [ 31.208046885060387, 30.007721356096752 ], [ 31.208045631243923, 30.007726400576946 ], [ 31.208044371208878, 30.007731444972418 ], [ 31.20804310294735, 30.007736485646884 ], [ 31.208041826426882, 30.007741524404402 ], [ 31.208040541615045, 30.007746563048986 ], [ 31.208039250617084, 30.007751599804831 ], [ 31.208037951360179, 30.007756634643719 ], [ 31.208036643844348, 30.007761667565628 ], [ 31.208035330142366, 30.007766698598797 ], [ 31.208034008181468, 30.007771727715038 ], [ 31.208032677961619, 30.007776754914286 ], [ 31.208031341523196, 30.00778178202884 ], [ 31.208029996858276, 30.007786805422381 ], [ 31.208028643901972, 30.007791828702992 ], [ 31.208027282719151, 30.007796848262608 ], [ 31.208025915317762, 30.007801867737502 ], [ 31.208024539657426, 30.007806885295455 ], [ 31.208023157810956, 30.007811900964647 ], [ 31.208021765632726, 30.007816914688654 ], [ 31.208020367268336, 30.007821926523938 ], [ 31.208018962717819, 30.007826936470462 ], [ 31.208017549908352, 30.007831944500015 ], [ 31.208016128839922, 30.007836950612607 ], [ 31.20801469948012, 30.007841956612268 ], [ 31.208013263966585, 30.007846958919149 ], [ 31.208011820194102, 30.007851959309054 ], [ 31.208010368162657, 30.007856957781989 ], [ 31.208008909912628, 30.007861956170235 ], [ 31.208007443436077, 30.007866950837464 ], [ 31.208005968668122, 30.007871945391738 ], [ 31.208004487746457, 30.00787693625325 ], [ 31.208002996493022, 30.007881925169571 ], [ 31.208001501093804, 30.00788691402941 ], [ 31.207999995395234, 30.007891899140013 ], [ 31.207998483478086, 30.007896884165898 ], [ 31.207996965407212, 30.007901865498994 ], [ 31.207995437004559, 30.007906844886914 ], [ 31.207993902383304, 30.007911824190106 ], [ 31.207992361608333, 30.00791679980053 ], [ 31.207990810501578, 30.007921773465743 ], [ 31.207989253208659, 30.007926745242226 ], [ 31.207987689697134, 30.007931716933967 ], [ 31.207986115886271, 30.007936684876501 ], [ 31.207984537962044, 30.007941650958497 ], [ 31.207982949706029, 30.0079466150953 ], [ 31.207981355263854, 30.007951577343349 ], [ 31.2079797525627, 30.007956537674417 ], [ 31.207978141634992, 30.007961494284501 ], [ 31.207976524488693, 30.007966450809842 ], [ 31.207974899083393, 30.007971405418214 ], [ 31.207973267524366, 30.00797635633381 ], [ 31.207971627673921, 30.007981307136451 ], [ 31.207969979596925, 30.007986254218096 ], [ 31.207968323260939, 30.007991199382744 ], [ 31.207966660706347, 30.00799614446268 ], [ 31.207964991998011, 30.008001085849848 ], [ 31.207963312957869, 30.008006025291792 ], [ 31.207961627763986, 30.008010961040949 ], [ 31.207959936351489, 30.008015896705412 ], [ 31.207958236680007, 30.008020830452864 ], [ 31.207956528781963, 30.008025760479313 ], [ 31.207955472864747, 30.00802879205407 ], [ 31.207954812624923, 30.008030688588789 ], [ 31.207953090281695, 30.008035614809504 ], [ 31.20795135967947, 30.008040539113239 ], [ 31.207949622891068, 30.008045461528219 ], [ 31.207947877843669, 30.008050382026223 ], [ 31.207946124569695, 30.008055298803217 ], [ 31.207944365077104, 30.008060215495476 ], [ 31.207942597357942, 30.008065128466725 ], [ 31.207910517258576, 30.008176157638434 ], [ 31.208073832300563, 30.008214131977557 ], [ 31.208076240494837, 30.008215341289599 ], [ 31.208078646519041, 30.008216555985459 ], [ 31.208081048300379, 30.008217776036922 ], [ 31.208083445806423, 30.008219003248048 ], [ 31.20808584114242, 30.008220235842991 ], [ 31.208088230162726, 30.008221473765317 ], [ 31.208090617012981, 30.008222717071494 ], [ 31.208092999587937, 30.008223967537297 ], [ 31.208095377952446, 30.00822522155466 ], [ 31.208097752009241, 30.008226484535726 ], [ 31.208100123928411, 30.008227751096566 ], [ 31.20810249160472, 30.008229023013048 ], [ 31.208104852932902, 30.00823030206092 ], [ 31.208107212091054, 30.008231586492634 ], [ 31.208109567006321, 30.008232876279948 ], [ 31.208111917678735, 30.008234171422888 ], [ 31.208114264108278, 30.008235471921427 ], [ 31.208116608335335, 30.008236779607838 ], [ 31.208118946246721, 30.008238092621646 ], [ 31.20812127991524, 30.00823941099106 ], [ 31.208123611413708, 30.008240734744284 ], [ 31.208125936596495, 30.008242063824927 ], [ 31.208128259576807, 30.008243400093427 ], [ 31.208130576273867, 30.008244739885267 ], [ 31.208132890768457, 30.00824608686499 ], [ 31.20813519894735, 30.008247439172095 ], [ 31.208137504956209, 30.008248796863029 ], [ 31.208139804649381, 30.008250159881374 ], [ 31.20814210217252, 30.008251528283537 ], [ 31.20814439337996, 30.008252902013101 ], [ 31.208146682384935, 30.008254282930523 ], [ 31.208148965106659, 30.008255667371305 ], [ 31.20815124562591, 30.008257058999963 ], [ 31.208153519829473, 30.008258455956017 ], [ 31.208155789822616, 30.008259856463621 ], [ 31.208158055540462, 30.008261264130891 ], [ 31.208160319088265, 30.008262677182014 ], [ 31.20816257632039, 30.008264095560506 ], [ 31.208164827236832, 30.008265519266391 ], [ 31.20816707598323, 30.008266948356116 ], [ 31.208169320486771, 30.008268382801447 ], [ 31.208171558674632, 30.008269822574196 ], [ 31.208173794660016, 30.008271269534813 ], [ 31.20817602436216, 30.008272720018763 ], [ 31.20817824982144, 30.008274175858357 ], [ 31.20818047103786, 30.00827563705354 ], [ 31.208182687978994, 30.008277105408396 ], [ 31.208184898636873, 30.008278577286585 ], [ 31.208187105051895, 30.008280054520423 ], [ 31.208189307224057, 30.008281537109848 ], [ 31.20819150512094, 30.00828302685894 ], [ 31.208193698807371, 30.008284520159616 ], [ 31.208195888250959, 30.008286018815895 ], [ 31.208198071378867, 30.008287522799584 ], [ 31.208200250263918, 30.008289032138887 ], [ 31.208202422833285, 30.008290546805583 ], [ 31.208204593232622, 30.008292066856129 ], [ 31.208206757316276, 30.008293592234068 ], [ 31.208208917157076, 30.00829512296762 ], [ 31.208211072755009, 30.008296659056789 ], [ 31.208213222069698, 30.008298198669333 ], [ 31.208215367109101, 30.008299745441505 ], [ 31.208217507938077, 30.008301295765278 ], [ 31.208219642418943, 30.008302853220478 ], [ 31.208221772689388, 30.008304414227268 ], [ 31.208223898716966, 30.008305980589689 ], [ 31.208226018428871, 30.008307552279494 ], [ 31.208228133897919, 30.00830912932491 ], [ 31.208230245156535, 30.008310709921936 ], [ 31.208232350067057, 30.008312297650381 ], [ 31.20823445076714, 30.008313888930424 ], [ 31.208236545119124, 30.008315487341871 ], [ 31.208238637333494, 30.008317089333165 ], [ 31.208240721159381, 30.008318696623611 ], [ 31.208242802847643, 30.008320307493872 ], [ 31.208244876114989, 30.008321925467364 ], [ 31.208246947244731, 30.008323547020648 ], [ 31.208139006972093, 30.008793335855646 ], [ 31.208140120766021, 30.008794466188384 ], [ 31.208141238802941, 30.008795591165459 ], [ 31.208142365196046, 30.00879671264736 ], [ 31.208143495832143, 30.008797828773602 ], [ 31.208144632751598, 30.008798941376462 ], [ 31.208145773914044, 30.008800048623648 ], [ 31.208146921359855, 30.008801152347445 ], [ 31.208148075121475, 30.008802250743798 ], [ 31.208149235166466, 30.008803345616759 ], [ 31.208150401527273, 30.008804435162297 ], [ 31.208151572098611, 30.008805521156184 ], [ 31.208152746912933, 30.008806601794426 ], [ 31.208153930115888, 30.008807677133468 ], [ 31.208155117529383, 30.008808748920888 ], [ 31.208156311226269, 30.008809817184897 ], [ 31.20815750919855, 30.008810878289221 ], [ 31.2081587134542, 30.008811935870135 ], [ 31.208159921920405, 30.008812989899447 ], [ 31.208161136702415, 30.008814038601312 ], [ 31.208162357800223, 30.00881508197573 ], [ 31.208163583141019, 30.008816119994506 ], [ 31.208164814765183, 30.008817154489872 ], [ 31.208166050632325, 30.008818183629579 ], [ 31.208167292815268, 30.00881920744186 ], [ 31.208168539208767, 30.0088202277025 ], [ 31.208169791918071, 30.008821242635712 ], [ 31.208171048870341, 30.008822252213257 ], [ 31.208172310065592, 30.008823256435161 ], [ 31.208173579617053, 30.008824257161855 ], [ 31.208174851338651, 30.008825252504696 ], [ 31.208176129376067, 30.008826242520094 ], [ 31.208177411656454, 30.008827227179804 ], [ 31.208178700252649, 30.008828206512113 ], [ 31.208179993059389, 30.008829182292764 ], [ 31.20818129218193, 30.008830152746018 ], [ 31.208182595579885, 30.008831116039534 ], [ 31.208183903188388, 30.008832075781445 ], [ 31.208185215007429, 30.008833031971726 ], [ 31.208186533174704, 30.008833981030527 ], [ 31.208187855584963, 30.008834924733677 ], [ 31.208189184278599, 30.008835864913422 ], [ 31.208190517247626, 30.008836797933469 ], [ 31.20819185442722, 30.008837727401886 ], [ 31.208193195882213, 30.008838649710594 ], [ 31.208194541547741, 30.008839568467682 ], [ 31.208195893529084, 30.008840481897337 ], [ 31.2081972497534, 30.008841389971334 ], [ 31.208198610253135, 30.008842290885621 ], [ 31.208199974963406, 30.008843188248282 ], [ 31.208201343916645, 30.008844080255273 ], [ 31.208202719185696, 30.008844966934831 ], [ 31.208204098697728, 30.008845848258716 ], [ 31.208205480412335, 30.008846722394679 ], [ 31.208206868410301, 30.008847593007232 ], [ 31.208208260651251, 30.008848458264143 ], [ 31.208209657167618, 30.008849316361353 ], [ 31.208211059967347, 30.00885017093513 ], [ 31.208212464969655, 30.008851018321007 ], [ 31.208213874182515, 30.008851862155236 ], [ 31.208215287670772, 30.008852698829781 ], [ 31.208216705402005, 30.008853530148656 ], [ 31.20821812944904, 30.00885435614008 ], [ 31.208219555666229, 30.00885517674762 ], [ 31.208220986126381, 30.008855991999503 ], [ 31.208222420861947, 30.008856800091674 ], [ 31.208223859808058, 30.008857604632222 ], [ 31.208225303029558, 30.008858402013065 ], [ 31.208226750494045, 30.008859194038244 ], [ 31.2082282022015, 30.00885998070774 ], [ 31.208229656079112, 30.008860761993354 ], [ 31.208231116304948, 30.008861536147492 ], [ 31.20823257870093, 30.008862304917741 ], [ 31.208234045307446, 30.008863070136364 ], [ 31.208235516221801, 30.008863826391238 ], [ 31.208236991346702, 30.008864579094485 ], [ 31.208238468674182, 30.008865324609808 ], [ 31.208239952317452, 30.008866064797687 ], [ 31.208241438130877, 30.008866799601662 ], [ 31.208242926114433, 30.008867529021757 ], [ 31.208244420446228, 30.008868251310371 ], [ 31.208245916948165, 30.008868968215094 ], [ 31.20824741769307, 30.008869679764143 ], [ 31.208248922713377, 30.008870384153489 ], [ 31.208250429903828, 30.008871083158947 ], [ 31.208251941337245, 30.008871776808743 ], [ 31.208253454940817, 30.008872465074614 ], [ 31.208254972819777, 30.008873146180818 ], [ 31.208256494974144, 30.00887382012731 ], [ 31.208258019266218, 30.008874490493934 ], [ 31.208259547833702, 30.008875153700874 ], [ 31.208261078571322, 30.008875811523886 ], [ 31.208262613584335, 30.008876462187214 ], [ 31.208264152840325, 30.008877107494872 ], [ 31.208265694298881, 30.008877745614594 ], [ 31.208267237927579, 30.008878378350413 ], [ 31.208268785799248, 30.008879005730581 ], [ 31.208270335873486, 30.008879625922816 ], [ 31.208271890190687, 30.008880240759385 ], [ 31.208273446678032, 30.008880850212037 ], [ 31.208275007440779, 30.008881452505001 ], [ 31.208276570406078, 30.00888204761004 ], [ 31.208278135509108, 30.008882639135209 ], [ 31.208279704919953, 30.008883221696646 ], [ 31.208281276468501, 30.008883800678205 ], [ 31.208282850252058, 30.008884370667815 ], [ 31.208284428246142, 30.008884937105776 ], [ 31.208286008475227, 30.008885494551791 ], [ 31.208287590842019, 30.008886048417928 ], [ 31.208289175411384, 30.00888659509614 ], [ 31.208290764256134, 30.00888713461466 ], [ 31.208292355271031, 30.008887668749271 ], [ 31.208293948488478, 30.008888195695945 ], [ 31.208295545948896, 30.008888717286943 ], [ 31.208297143539056, 30.008889231661801 ], [ 31.208298745372176, 30.008889740680978 ], [ 31.208300349407864, 30.008890242512223 ], [ 31.208301955613681, 30.00889073895959 ], [ 31.208303564022074, 30.008891228219003 ], [ 31.208305174600589, 30.008891712094528 ], [ 31.208306789454497, 30.008892188810346 ], [ 31.208308404438146, 30.00889265831 ], [ 31.208310021591924, 30.008893122425768 ], [ 31.208311642988669, 30.008893581185859 ], [ 31.208313264547574, 30.008894030925756 ], [ 31.208942896845794, 30.009087694812056 ], [ 31.208944408400107, 30.009002885173917 ], [ 31.208943427901083, 30.008715113867723 ], [ 31.208943394052952, 30.00870534397453 ], [ 31.209165666037975, 30.008747221344155 ], [ 31.209471770918217, 30.008794208946966 ], [ 31.209472740128678, 30.008794155369561 ], [ 31.209473272941821, 30.008794272692697 ], [ 31.20949970256029, 30.008800114321087 ], [ 31.209634672727297, 30.008829887688663 ], [ 31.209653955616854, 30.00883411087479 ], [ 31.209966740882262, 30.008902596537343 ], [ 31.210038104567353, 30.008918102367922 ], [ 31.21028204212994, 30.008970819752616 ], [ 31.210544042466054, 30.00902748872485 ], [ 31.210702981897676, 30.009053292315347 ], [ 31.210716173333193, 30.009055440374521 ], [ 31.210911504258213, 30.009087245817692 ], [ 31.210970513304897, 30.009096853957157 ], [ 31.211236663978212, 30.009140423358225 ], [ 31.211396881657031, 30.009166651307158 ], [ 31.211553597052625, 30.009197182056084 ], [ 31.211560272646366, 30.009198485395626 ], [ 31.211663038627719, 30.009217865509758 ], [ 31.211774468500295, 30.009238900699938 ], [ 31.211892914686853, 30.009258777029416 ], [ 31.212125497511838, 30.009298023307093 ], [ 31.21252408265865, 30.009365279586657 ], [ 31.212829952719858, 30.009424994077495 ], [ 31.212851037443791, 30.009429111350848 ], [ 31.213027105944469, 30.009463485099598 ], [ 31.213374633792451, 30.009531333844052 ], [ 31.21352303243383, 30.009557337404022 ], [ 31.213572938998251, 30.00956607736304 ], [ 31.213624703762207, 30.009575138464331 ], [ 31.213672105358683, 30.009583436567116 ], [ 31.213754885624052, 30.009597926090397 ], [ 31.213771275903252, 30.00960079575405 ], [ 31.213779305514947, 30.009601980222403 ], [ 31.213787337329048, 30.009603157502262 ], [ 31.213795369272685, 30.009604327565469 ], [ 31.213803403418705, 30.009605490440197 ], [ 31.213811437661931, 30.009606647902295 ], [ 31.213819474107542, 30.009607798175903 ], [ 31.213827510682695, 30.009608941232877 ], [ 31.213835549427888, 30.009610078905382 ], [ 31.213843588302609, 30.00961120936125 ], [ 31.213851627306866, 30.009612332600465 ], [ 31.213859668481163, 30.009613450455216 ], [ 31.213867709784978, 30.00961456109334 ], [ 31.21387575329118, 30.009615664542952 ], [ 31.213883796894567, 30.009616762579959 ], [ 31.213891842700324, 30.009617853428459 ], [ 31.213899888635602, 30.009618937060328 ], [ 31.213907936773239, 30.009620013503664 ], [ 31.213915982935216, 30.009621084506293 ], [ 31.213924033372408, 30.009622148348537 ], [ 31.213932081866268, 30.009623204945996 ], [ 31.213940134603, 30.00962425618712 ], [ 31.213948185396394, 30.009625300183483 ], [ 31.213956238392147, 30.009626336991321 ], [ 31.21396429148507, 30.009627368386575 ], [ 31.213970962854901, 30.009628216819415 ], [ 31.213972346780348, 30.009628392593303 ], [ 31.213980402205138, 30.009629409583383 ], [ 31.21398845775941, 30.009630419356832 ], [ 31.213996515483718, 30.009631423745798 ], [ 31.213999370362288, 30.009631778278742 ], [ 31.214004573337522, 30.009632420918134 ], [ 31.214012633361349, 30.009633412705991 ], [ 31.214020693514659, 30.009634397277214 ], [ 31.214028753797468, 30.00963537463176 ], [ 31.214036814209756, 30.009636344769685 ], [ 31.214044876792073, 30.009637309523139 ], [ 31.214052939536199, 30.009638265255909 ], [ 31.214061004418006, 30.009639217408246 ], [ 31.214069069461623, 30.009640160539888 ], [ 31.214076400097497, 30.009641012501852 ], [ 31.214077134602398, 30.009641098258932 ], [ 31.214085201945498, 30.009642028789457 ], [ 31.214093269385749, 30.009642953907374 ], [ 31.214101336955494, 30.009643871808656 ], [ 31.2141094046547, 30.009644782493282 ], [ 31.21411747455624, 30.009645685989387 ], [ 31.214125544554914, 30.009646584072897 ], [ 31.21413361675592, 30.009647474967885 ], [ 31.2141416890864, 30.009648358646221 ], [ 31.214149761514015, 30.009649236911958 ], [ 31.214157834071102, 30.009650107961047 ], [ 31.214165908830495, 30.009650971821618 ], [ 31.214173983719359, 30.009651828465525 ], [ 31.214182058705358, 30.009652679696838 ], [ 31.214190133820814, 30.009653523711513 ], [ 31.214198211106254, 30.009654362341692 ], [ 31.21420628855347, 30.0096551919512 ], [ 31.214214366097824, 30.009656016148075 ], [ 31.214222445812162, 30.009656834960492 ], [ 31.214230525688262, 30.00965764475222 ], [ 31.21423860566151, 30.009658449131322 ], [ 31.214246685764184, 30.009659246293786 ], [ 31.21425476596399, 30.009660038043641 ], [ 31.214262848366086, 30.009660822604975 ], [ 31.21427093089763, 30.009661599949652 ], [ 31.214279015631469, 30.009662370105822 ], [ 31.214287098389566, 30.009663134821238 ], [ 31.214295183349961, 30.009663892348151 ], [ 31.214303268439785, 30.009664642658386 ], [ 31.214311353626726, 30.009665387556034 ], [ 31.2143194389431, 30.009666125237018 ], [ 31.214327526461755, 30.009666855729488 ], [ 31.214335612004668, 30.009667580781208 ], [ 31.214343699782191, 30.009668296840367 ], [ 31.214351789697336, 30.009669009319087 ], [ 31.214359877701376, 30.009669712748995 ], [ 31.214367967875372, 30.009670410794421 ], [ 31.214376056105937, 30.009671101595046 ], [ 31.214384146538784, 30.009671785207161 ], [ 31.214392237068719, 30.00967246340667 ], [ 31.214400329800924, 30.009673134417653 ], [ 31.214408420589685, 30.009673798183854 ], [ 31.214414291315887, 30.009674318141528 ], [ 31.214420162139113, 30.009674832686823 ], [ 31.214426033091698, 30.009675340015708 ], [ 31.21443190621417, 30.009675841960345 ], [ 31.214437777360807, 30.009676338464473 ], [ 31.214443650677332, 30.009676829584357 ], [ 31.214449524090892, 30.009677315291846 ], [ 31.214455397633792, 30.009677793782913 ], [ 31.214461271273723, 30.00967826686162 ], [ 31.214467147115862, 30.009678732752029 ], [ 31.214473020949832, 30.009679195005948 ], [ 31.214478896986012, 30.0096796500716 ], [ 31.214484773119214, 30.009680099724871 ], [ 31.214491028293821, 30.009680570761496 ], [ 31.214497285638327, 30.009681036413816 ], [ 31.214503543112158, 30.009681494849705 ], [ 31.214509800715344, 30.009681946069126 ], [ 31.214516058415562, 30.009682391876154 ], [ 31.214522316245112, 30.009682830466694 ], [ 31.214528576276862, 30.009683261868918 ], [ 31.214534834332781, 30.009683687830613 ], [ 31.214541094590896, 30.009684106603974 ], [ 31.214547354978343, 30.009684518160874 ], [ 31.214553615495127, 30.009684922501304 ], [ 31.214559876108936, 30.009685321429341 ], [ 31.21456613685206, 30.009685713140911 ], [ 31.214572397724531, 30.009686097636013 ], [ 31.214578658694016, 30.009686476718727 ], [ 31.214584919792827, 30.009686848584973 ], [ 31.214591183093823, 30.009687213262882 ], [ 31.214597444451293, 30.009687570696208 ], [ 31.214603707978622, 30.009687922745254 ], [ 31.214609969562424, 30.009688267549727 ], [ 31.214616233348405, 30.009688605165849 ], [ 31.214622497231385, 30.009688937369557 ], [ 31.214628759170836, 30.009689262328685 ], [ 31.214635023312461, 30.009689580099487 ], [ 31.214641287583405, 30.009689890653846 ], [ 31.214647551951344, 30.009690195795766 ], [ 31.214653816448603, 30.009690493721244 ], [ 31.214660081075184, 30.009690784430244 ], [ 31.214666345798754, 30.009691069726845 ], [ 31.21467261065164, 30.009691347806985 ], [ 31.214678875633833, 30.009691618670672 ], [ 31.214685140745335, 30.009691882317881 ], [ 31.214691403880973, 30.009692140524578 ], [ 31.214697669218776, 30.009692391542917 ], [ 31.214703934685875, 30.009692635344805 ], [ 31.214710200249971, 30.009692873734291 ], [ 31.214716465943383, 30.009693104907306 ], [ 31.214722731766081, 30.009693328863861 ], [ 31.214728997685768, 30.009693547408006 ], [ 31.214735263767064, 30.00969375693165 ], [ 31.214741529945343, 30.009693961042878 ], [ 31.214747794147758, 30.009694159713558 ], [ 31.214754060584628, 30.009694349391872 ], [ 31.21476032711848, 30.009694533657765 ], [ 31.214766591708774, 30.009694710679064 ], [ 31.214772858468894, 30.009694882316087 ], [ 31.214779123285457, 30.009695046708519 ], [ 31.214785390304161, 30.009695203912617 ], [ 31.214791655379294, 30.009695353872139 ], [ 31.214797920551405, 30.009695498419248 ], [ 31.214804185885107, 30.009695633945842 ], [ 31.214810451283462, 30.00969576586407 ], [ 31.214816716843423, 30.009695888761801 ], [ 31.214822982500351, 30.009696006247104 ], [ 31.214829248286556, 30.00969611651594 ], [ 31.21483551420204, 30.009696219568337 ], [ 31.214841778141626, 30.009696317180175 ], [ 31.214848044283354, 30.009696407603702 ], [ 31.214854308481488, 30.00969649078263 ], [ 31.214860572808913, 30.009696566745102 ], [ 31.214866837233284, 30.009696637295143 ], [ 31.214873101786921, 30.009696700628751 ], [ 31.214879366437536, 30.009696758549943 ], [ 31.214885629176859, 30.009696807422493 ], [ 31.214891894085994, 30.009696850910743 ], [ 31.214898157051536, 30.00969688715443 ], [ 31.214904420114035, 30.009696917985679 ], [ 31.214910683305813, 30.009696941600488 ], [ 31.214916946626833, 30.009696957998838 ], [ 31.214923210077117, 30.009696967180698 ], [ 31.214929471551482, 30.009696970922047 ], [ 31.214934596940093, 30.009696968273477 ], [ 31.214935735227975, 30.009696967475051 ], [ 31.214941996960871, 30.00969695678349 ], [ 31.214948258823014, 30.00969693887544 ], [ 31.214954518709249, 30.009696915526867 ], [ 31.214960780797593, 30.009696884989953 ], [ 31.214967040910015, 30.009696849012492 ], [ 31.214973301184006, 30.009696804014546 ], [ 31.21497956155493, 30.009696753604185 ], [ 31.214985822055098, 30.009696695977336 ], [ 31.21499208057935, 30.009696632909979 ], [ 31.214998339232853, 30.009696562626164 ], [ 31.215002509681828, 30.00969651093121 ], [ 31.215004598015589, 30.009696485125854 ], [ 31.215010856927574, 30.009696400409116 ], [ 31.215017113863638, 30.009696310251822 ], [ 31.215023370928932, 30.00969621287808 ], [ 31.215029628123474, 30.00969610828788 ], [ 31.215035885414927, 30.009695998285245 ], [ 31.21528787101121, 30.009687313620013 ], [ 31.21530890988797, 30.009686590269236 ], [ 31.215394162773752, 30.00968366479902 ], [ 31.215688880211513, 30.009673592020221 ], [ 31.215718885489462, 30.009672569745501 ], [ 31.215794008758834, 30.009667281735421 ], [ 31.215821257967921, 30.009665364939167 ], [ 31.216102774698289, 30.009645537672068 ], [ 31.216177364762952, 30.009640267475813 ], [ 31.216181487160796, 30.009639888481228 ], [ 31.21618560946175, 30.009639514898648 ], [ 31.216189733706397, 30.009639148560201 ], [ 31.216193857854147, 30.00963878763374 ], [ 31.216197983913297, 30.009638435755466 ], [ 31.216202111948412, 30.009638089317267 ], [ 31.216206239854372, 30.00963775009512 ], [ 31.216210369736288, 30.009637416313076 ], [ 31.216214501561897, 30.009637089775158 ], [ 31.21621863325834, 30.009636770453262 ], [ 31.216222764825613, 30.009636458347423 ], [ 31.216226900441722, 30.009636151709756 ], [ 31.216231033855795, 30.009635852260036 ], [ 31.216235171286428, 30.009635560082561 ], [ 31.216239306515043, 30.009635275092997 ], [ 31.216243445792482, 30.009634995571659 ], [ 31.216247582867908, 30.009634723238225 ], [ 31.216251723992169, 30.009634456373007 ], [ 31.216255864954988, 30.009634198527856 ], [ 31.216260005820935, 30.009633946094695 ], [ 31.216264148630575, 30.00963370090567 ], [ 31.216268291343336, 30.009633461128626 ], [ 31.216272435967515, 30.009633230399771 ], [ 31.216276580494828, 30.009633005082925 ], [ 31.216277993819986, 30.009632928604088 ], [ 31.216280726965842, 30.009632787010201 ], [ 31.216284873339987, 30.00963257434946 ], [ 31.216289021657829, 30.009632368932866 ], [ 31.216293169846516, 30.009632170732306 ], [ 31.216297319978914, 30.009631979775875 ], [ 31.216301467941584, 30.009631794203333 ], [ 31.216305619888537, 30.009631617707079 ], [ 31.216309771770909, 30.009631444818766 ], [ 31.216313923491843, 30.009631280950533 ], [ 31.216318077188774, 30.009631122522389 ], [ 31.216322230756568, 30.009630971310283 ], [ 31.216326384195199, 30.009630827314215 ], [ 31.216330539577555, 30.009630690562272 ], [ 31.21633469486304, 30.009630559222327 ], [ 31.216338852092242, 30.009630435126518 ], [ 31.216343009192297, 30.009630318246739 ], [ 31.216347166195501, 30.009630206778944 ], [ 31.216351325142426, 30.009630102555299 ], [ 31.216355483960204, 30.009630005547699 ], [ 31.21635964264885, 30.009629915756111 ], [ 31.216363803313499, 30.00962983140462 ], [ 31.216367963848995, 30.009629754269159 ], [ 31.216372124255365, 30.009629684349733 ], [ 31.216376286605456, 30.009629621674449 ], [ 31.21638044885869, 30.009629564411163 ], [ 31.216384610982804, 30.009629514363894 ], [ 31.216388772977783, 30.009629471532676 ], [ 31.216392936948758, 30.009629434141548 ], [ 31.216397100758332, 30.00962940577049 ], [ 31.216401266576192, 30.009629381035477 ], [ 31.216405430159782, 30.009629365292444 ], [ 31.216409595687097, 30.00962935679355 ], [ 31.216413761117575, 30.009629353706661 ], [ 31.216417926418924, 30.009629357835777 ], [ 31.216422093696284, 30.009629367405005 ], [ 31.216426260812234, 30.009629385994309 ], [ 31.216430427831355, 30.009629409995608 ], [ 31.216434594721342, 30.009629441212926 ], [ 31.216438761514492, 30.009629477842243 ], [ 31.216442930219099, 30.009629523519745 ], [ 31.216447098826858, 30.009629574609242 ], [ 31.216451267305505, 30.009629632914759 ], [ 31.216455435687312, 30.00962969663226 ], [ 31.216459603940006, 30.009629767565823 ], [ 31.216463774136439, 30.009629845743504 ], [ 31.216467942130905, 30.009629931109139 ], [ 31.216472112069102, 30.009630023718895 ], [ 31.21647628191047, 30.009630121740631 ], [ 31.216480451622726, 30.00963022697842 ], [ 31.216484621238148, 30.009630337628192 ], [ 31.216488790692175, 30.009630457298062 ], [ 31.216492962122231, 30.009630582408001 ], [ 31.216497131350327, 30.009630714705875 ], [ 31.216501302522158, 30.009630854247895 ], [ 31.216505473597177, 30.00963099920191 ], [ 31.216509642470232, 30.009631151343847 ], [ 31.216513813287026, 30.009631310729933 ], [ 31.216517983974715, 30.009631477332057 ], [ 31.216522154565588, 30.009631649346147 ], [ 31.216526325027353, 30.0096318285763 ], [ 31.216530495360011, 30.00963201502249 ], [ 31.216534665595855, 30.009632206880667 ], [ 31.216538835670317, 30.009632407758914 ], [ 31.216543007720816, 30.009632614077248 ], [ 31.216547177601637, 30.009632825779498 ], [ 31.216551347321072, 30.009633046501836 ], [ 31.216555516943703, 30.009633272636144 ], [ 31.216559686437233, 30.009633505986489 ], [ 31.21656385580166, 30.009633746552876 ], [ 31.216568027142138, 30.009633992559348 ], [ 31.216572196280662, 30.009634245753769 ], [ 31.216576365290091, 30.009634506164229 ], [ 31.216580534170429, 30.009634773790712 ], [ 31.216584702953952, 30.009635046829199 ], [ 31.216588871608394, 30.009635327083732 ], [ 31.216593040133741, 30.009635614554281 ], [ 31.216597208529993, 30.00963590924087 ], [ 31.216601374756589, 30.00963620931137 ], [ 31.216605542926953, 30.009636516625996 ], [ 31.216609710968228, 30.009636831156666 ], [ 31.21661387683984, 30.009637151071232 ], [ 31.21661804465522, 30.009637478229926 ], [ 31.216622210268671, 30.009637812576557 ], [ 31.21662637575303, 30.009638154139232 ], [ 31.216630541140592, 30.009638501113912 ], [ 31.216634706399066, 30.00963885530463 ], [ 31.21663887152847, 30.009639216711363 ], [ 31.216643034455934, 30.009639585306061 ], [ 31.216647178663177, 30.009639957255867 ], [ 31.216651322741349, 30.009640336421707 ], [ 31.216655466690437, 30.009640722803592 ], [ 31.216659608437592, 30.009641116373412 ], [ 31.216663752160805, 30.009641515383343 ], [ 31.216667893682096, 30.009641921581199 ], [ 31.21667203510658, 30.009642333191067 ], [ 31.216676176402, 30.009642752016973 ], [ 31.216680315495491, 30.009643178030807 ], [ 31.216684456532771, 30.009643611288784 ], [ 31.216688595400388, 30.009644049930671 ], [ 31.216692734138949, 30.009644495788592 ], [ 31.216696870675577, 30.009644948834453 ], [ 31.216701009188274, 30.009645407320427 ], [ 31.216705145499045, 30.009645872994341 ], [ 31.21670928168075, 30.009646345884288 ], [ 31.216713417765671, 30.009646824186216 ], [ 31.216717551648667, 30.009647309676119 ], [ 31.2167207212918, 30.009647686460792 ], [ 31.216721685402604, 30.009647802382048 ], [ 31.216725819059757, 30.009648300499983 ], [ 31.216729950514992, 30.009648805805856 ], [ 31.216734083914009, 30.009649318355862 ], [ 31.216738215111125, 30.009649838093832 ], [ 31.216742344138595, 30.009650363215687 ], [ 31.216746475142141, 30.009650893777646 ], [ 31.2167506039115, 30.009651433331591 ], [ 31.216754730511205, 30.009651978269453 ], [ 31.216758859054732, 30.009652530451437 ], [ 31.216762985428609, 30.009653088017341 ], [ 31.216767109600585, 30.009653652771171 ], [ 31.216771235716362, 30.00965422476914 ], [ 31.21677535758965, 30.009654802122935 ], [ 31.216779481406736, 30.009655386720858 ], [ 31.216783603021916, 30.009655978506746 ], [ 31.216787724540328, 30.009656575704593 ], [ 31.216791843824552, 30.009657181894475 ], [ 31.216795963044291, 30.009657791692298 ], [ 31.216800082102683, 30.009658410510205 ], [ 31.216804198991468, 30.009659034712023 ], [ 31.216808315783474, 30.009659664325824 ], [ 31.216812430341307, 30.009660302931632 ], [ 31.216816544802366, 30.009660946949449 ], [ 31.216820657093795, 30.009661596351172 ], [ 31.216824769223916, 30.00966225477298 ], [ 31.21682888128954, 30.009662916802732 ], [ 31.216832991120999, 30.009663587824488 ], [ 31.216837098782829, 30.009664264230157 ], [ 31.216841206315618, 30.009664947851856 ], [ 31.216845313719372, 30.009665638689594 ], [ 31.216849418953508, 30.009666334911262 ], [ 31.216853521985744, 30.009667038320885 ], [ 31.216857626994074, 30.009667747170585 ], [ 31.216861727727665, 30.009668463180148 ], [ 31.21686582833221, 30.009669186405763 ], [ 31.216869928840008, 30.009669915043379 ], [ 31.216874027145906, 30.009670650868955 ], [ 31.216878123249916, 30.009671393882456 ], [ 31.216882219257169, 30.009672142307977 ], [ 31.216886315135394, 30.009672897949557 ], [ 31.216890406771149, 30.009673658946941 ], [ 31.216894500318457, 30.009674428992508 ], [ 31.216898589655575, 30.009675202589847 ], [ 31.216902678831389, 30.009675985207284 ], [ 31.216906767910448, 30.009676773236716 ], [ 31.216910854819904, 30.009677566650062 ], [ 31.216914939495197, 30.009678369055411 ], [ 31.216919024073736, 30.009679176872758 ], [ 31.216923106482682, 30.009679990074027 ], [ 31.216927186689734, 30.009680810463237 ], [ 31.216931266767769, 30.0096816380685 ], [ 31.216935344676205, 30.00968247105768 ], [ 31.21693942245561, 30.009683311262894 ], [ 31.216943495960287, 30.009684158627991 ], [ 31.216947571441082, 30.009685011433177 ], [ 31.216951642647139, 30.009685871398219 ], [ 31.216955713756448, 30.009686736775279 ], [ 31.216959782663888, 30.009687609340283 ], [ 31.216963851442305, 30.009688489121352 ], [ 31.216967918051139, 30.009689374286328 ], [ 31.216971982458094, 30.00969026663925 ], [ 31.216976044695439, 30.009691164376118 ], [ 31.216980106803785, 30.009692069328995 ], [ 31.216984166710262, 30.009692981469851 ], [ 31.216988224447142, 30.009693898994623 ], [ 31.216992282087283, 30.009694821931411 ], [ 31.216996335420422, 30.009695753832101 ], [ 31.217000388656828, 30.009696691144779 ], [ 31.217004441796504, 30.009697633869493 ], [ 31.217170951828617, 30.009713595023808 ], [ 31.217220186636631, 30.009718302321723 ], [ 31.217231413390881, 30.009719372907313 ], [ 31.217388834950182, 30.009713017355345 ], [ 31.217415698178584, 30.009711930473248 ], [ 31.217425256069653, 30.009711251546957 ], [ 31.217487741544396, 30.009706810894048 ], [ 31.218044452910974, 30.009660787006425 ], [ 31.218046011884514, 30.009660681804785 ], [ 31.218047568881953, 30.009660571162929 ], [ 31.218049123967806, 30.009660451472765 ], [ 31.218050679150409, 30.009660326370451 ], [ 31.218052234462043, 30.009660194051946 ], [ 31.218053787797551, 30.009660056293225 ], [ 31.218055341262083, 30.00965991131832 ], [ 31.218056892782784, 30.009659759099129 ], [ 31.21805844235962, 30.009659599635683 ], [ 31.21805999206547, 30.009659432956049 ], [ 31.218061539795219, 30.009659260836198 ], [ 31.218063087653984, 30.00965908150016 ], [ 31.218064633536642, 30.009658896723902 ], [ 31.218066177507701, 30.009658702899326 ], [ 31.21806771950267, 30.00965850363453 ], [ 31.218069261626635, 30.009658297153543 ], [ 31.218070801774509, 30.009658085232353 ], [ 31.218072342051382, 30.009657866094965 ], [ 31.218073878311561, 30.009657639685233 ], [ 31.218075414668476, 30.009657407863362 ], [ 31.218076949113801, 30.009657166993183 ], [ 31.218078481583024, 30.00965692068279 ], [ 31.218080012076147, 30.009656668932159 ], [ 31.218081542698272, 30.009656409965356 ], [ 31.218083069303688, 30.009656143726218 ], [ 31.218084596038114, 30.009655870270873 ], [ 31.218086118723573, 30.009655591347251 ], [ 31.218087641538034, 30.009655305207446 ], [ 31.218089162408649, 30.009655011823355 ], [ 31.218090681303156, 30.009654712999062 ], [ 31.218092196180944, 30.009654406902442 ], [ 31.218093711155497, 30.009654095393653 ], [ 31.218095224186182, 30.009653776640626 ], [ 31.218096735273026, 30.009653450643313 ], [ 31.218098242343149, 30.009653117373681 ], [ 31.218099749510021, 30.009652778691908 ], [ 31.218101031937497, 30.009652485687692 ], [ 31.218101252627935, 30.009652434541842 ], [ 31.218102753801993, 30.009652083147493 ], [ 31.218104253032184, 30.009651724508917 ], [ 31.218105750318539, 30.009651358626069 ], [ 31.218107245628776, 30.009650987302987 ], [ 31.218108736922293, 30.009650608707588 ], [ 31.218110228312554, 30.009650224700042 ], [ 31.21811171568611, 30.00964983342018 ], [ 31.218113199010695, 30.009649436671999 ], [ 31.218114682464286, 30.009649032707642 ], [ 31.218116161901161, 30.009648621470937 ], [ 31.218117639361921, 30.009648204794036 ], [ 31.218119114846569, 30.0096477826769 ], [ 31.218120586314502, 30.009647353287459 ], [ 31.218122055838585, 30.009646916653743 ], [ 31.218123521313682, 30.009646474551737 ], [ 31.21812498484493, 30.009646025205473 ], [ 31.218126446400067, 30.009645570419003 ], [ 31.218127903938484, 30.009645108360182 ], [ 31.218129357460178, 30.009644639029041 ], [ 31.218130808973513, 30.009644166061722 ], [ 31.218132258575245, 30.009643684046111 ], [ 31.218133704095738, 30.009643198366245 ], [ 31.218135147704643, 30.009642703638075 ], [ 31.218136587232305, 30.009642205245672 ], [ 31.218138022775509, 30.009641697776882 ], [ 31.21813945631035, 30.009641186671942 ], [ 31.218140887901328, 30.009640668322714 ], [ 31.218142313402723, 30.00964014267311 ], [ 31.21814373692801, 30.009639611583289 ], [ 31.218145158477178, 30.009639075053244 ], [ 31.218146573936767, 30.009638531222805 ], [ 31.218147450858048, 30.009638189419466 ], [ 31.218388193752894, 30.009649960939303 ], [ 31.218963862849304, 30.009678104950801 ], [ 31.218956314361318, 30.009732835531761 ], [ 31.219078311442544, 30.009742321799504 ], [ 31.219067349477477, 30.009845366269129 ], [ 31.219132945703159, 30.009957623000862 ], [ 31.219142992067543, 30.00995699206409 ], [ 31.219187760999038, 30.00984194879187 ], [ 31.219199340528299, 30.009678455344723 ], [ 31.220182160011944, 30.009679906198425 ] ] ] ] } },
{ "type": "Feature", "properties": { "fid": 4, "OBJECTID": 4, "Gov_A_Name": "الجيزه", "GOV_CODE": "21", "Section_A_": "قسم الجيزه", "SubSection": "المنيب", "Shyakha_2d": "01", "Section_2d": "04", "Final_code": "210401", "ذكور_": 57072, "اناث_": 53747, "Shape_Leng": 5321.4951871000003, "Shape_Area": 1333918.3821, "سكان_": 110819, "الأطفال_": 34354, "الشباب_": 70924, "الكبار_": 5541, "التعلمين_": 96412 }, "geometry": { "type": "MultiPolygon", "coordinates": [ [ [ [ 31.208696184895263, 29.974452816587196 ], [ 31.207767252658556, 29.974462173042717 ], [ 31.205044707356553, 29.974489561302754 ], [ 31.203240058520652, 29.974492353580992 ], [ 31.20226370820178, 29.97449729063386 ], [ 31.202218455168897, 29.974497492038704 ], [ 31.202165619925594, 29.974497725241701 ], [ 31.200497853863432, 29.974503523440927 ], [ 31.19921816971144, 29.974502980305637 ], [ 31.199151939761567, 29.974502951521742 ], [ 31.198562052784695, 29.974502697955597 ], [ 31.197221193252606, 29.974540408720145 ], [ 31.197155045938057, 29.974542231456301 ], [ 31.197153587932124, 29.974542399159844 ], [ 31.197152125912343, 29.974542559590507 ], [ 31.1971506639903, 29.974542714609068 ], [ 31.197149200126503, 29.97454286238311 ], [ 31.197147736393035, 29.974543002941001 ], [ 31.197146270685227, 29.974543138058419 ], [ 31.197144803068237, 29.974543264127274 ], [ 31.197143335549004, 29.97454338478402 ], [ 31.197141866088007, 29.974543498196244 ], [ 31.197140394685249, 29.974543604363955 ], [ 31.197138925452357, 29.974543705147923 ], [ 31.197137452238174, 29.974543796854991 ], [ 31.197135979121757, 29.974543883149916 ], [ 31.197134506135676, 29.974543962228715 ], [ 31.197133031175241, 29.974544035867023 ], [ 31.197131556377748, 29.974544100485168 ], [ 31.197130079605905, 29.974544159662813 ], [ 31.197128602964415, 29.974544211624302 ], [ 31.197127126453257, 29.974544256369658 ], [ 31.197125648000345, 29.974544293870494 ], [ 31.197124169677778, 29.974544324155175 ], [ 31.197122691452968, 29.97454434902777 ], [ 31.197121211286401, 29.974544366655834 ], [ 31.197119731250183, 29.974544377067751 ], [ 31.197118251344303, 29.974544380263527 ], [ 31.197116771536194, 29.974544378047177 ], [ 31.197115289818907, 29.974544366782286 ], [ 31.197113808199379, 29.97454435010528 ], [ 31.197112326710201, 29.974544326212136 ], [ 31.197110845351368, 29.974544295102838 ], [ 31.197109364122902, 29.974544256777403 ], [ 31.197107882992178, 29.974544213039845 ], [ 31.197106401991807, 29.974544162086151 ], [ 31.197104919049682, 29.974544103887929 ], [ 31.197103438310009, 29.974544038501929 ], [ 31.197101955628586, 29.974543965871423 ], [ 31.197100475117022, 29.97454388785717 ], [ 31.197098992696301, 29.974543800794368 ], [ 31.197097512445445, 29.974543708347834 ], [ 31.197096032324936, 29.974543608685138 ], [ 31.197094550230091, 29.974543503581959 ], [ 31.197093070370286, 29.974543389486993 ], [ 31.197091590608245, 29.974543269979893 ], [ 31.197090110976557, 29.974543143256653 ], [ 31.197088633547331, 29.974543009345652 ], [ 31.197087154176348, 29.974542868190102 ], [ 31.197085676975231, 29.974542721650849 ], [ 31.197084199937066, 29.97454256609139 ], [ 31.197082722996669, 29.974542405119834 ], [ 31.197081246186613, 29.97454223693212 ], [ 31.197079771546438, 29.974542063360666 ], [ 31.197078297069201, 29.974541880769046 ], [ 31.197076822689731, 29.974541692765307 ], [ 31.197075350512716, 29.974541497573782 ], [ 31.197073878466057, 29.974541295166127 ], [ 31.197072408589282, 29.974541087374725 ], [ 31.197070936770746, 29.97454087233881 ], [ 31.197069469226779, 29.974540650143499 ], [ 31.197067999741073, 29.974540420703654 ], [ 31.197066534529924, 29.974540184104423 ], [ 31.19706506734444, 29.974539942064688 ], [ 31.197063602361428, 29.974539692837194 ], [ 31.197062139580861, 29.974539436421924 ], [ 31.197060676930661, 29.974539172790518 ], [ 31.197059216450338, 29.974538903775343 ], [ 31.197057758172466, 29.974538627572411 ], [ 31.197056300024972, 29.974538344153355 ], [ 31.197054841975238, 29.974538055322171 ], [ 31.197053388200075, 29.974537759331579 ], [ 31.197051934555269, 29.97453745612485 ], [ 31.197050481040826, 29.974537145701966 ], [ 31.197049031768362, 29.974536829923718 ], [ 31.197047582626261, 29.974536506929326 ], [ 31.19704613568662, 29.974536176747169 ], [ 31.197044688877341, 29.974535839348871 ], [ 31.197043246310042, 29.97453549659518 ], [ 31.197041810056831, 29.974535148514512 ], [ 31.19704037600609, 29.974534793246072 ], [ 31.197038944125225, 29.974534432593867 ], [ 31.197037514446826, 29.974534064753918 ], [ 31.197036086938297, 29.974533691530208 ], [ 31.197034659592731, 29.97453330928635 ], [ 31.197033236456555, 29.974532923491143 ], [ 31.197031815555437, 29.974532528704131 ], [ 31.197030394752094, 29.974532128505007 ], [ 31.197028976118627, 29.974531722922144 ], [ 31.197027561792321, 29.974531308375834 ], [ 31.19702641401787, 29.974530938982284 ], [ 31.197025270550576, 29.974530560625286 ], [ 31.197024127181049, 29.974530176856184 ], [ 31.197022988053515, 29.974529787731726 ], [ 31.197021851128429, 29.974529391419491 ], [ 31.197020716373235, 29.974528989723535 ], [ 31.197019585892612, 29.974528580868171 ], [ 31.197018457581855, 29.974528166629078 ], [ 31.197017331473564, 29.974527745202224 ], [ 31.197016207567749, 29.974527316587608 ], [ 31.197015087903917, 29.974526882617614 ], [ 31.197013970409962, 29.974526443263908 ], [ 31.197012857190572, 29.974525996750799 ], [ 31.197011746141062, 29.974525544853964 ], [ 31.197010637294021, 29.974525085769354 ], [ 31.197009532688966, 29.974524621329373 ], [ 31.197008430253785, 29.974524151505676 ], [ 31.197007332093175, 29.97452367452258 ], [ 31.197006236102446, 29.974523192155758 ], [ 31.197005144386289, 29.974522702629546 ], [ 31.19700405691211, 29.974522207747945 ], [ 31.197002971607823, 29.974521707482641 ], [ 31.1970018905781, 29.974521200057929 ], [ 31.197000811718262, 29.974520687249495 ], [ 31.196999737100409, 29.974520169085693 ], [ 31.196998666757114, 29.974519643762498 ], [ 31.196997598583714, 29.974519113055589 ], [ 31.196996534652296, 29.974518576993301 ], [ 31.196995474995447, 29.974518033771627 ], [ 31.196994419580584, 29.974517485194593 ], [ 31.196993366335601, 29.974516931233822 ], [ 31.196992317332604, 29.974516371917698 ], [ 31.19699127260418, 29.974515805442202 ], [ 31.196990232085152, 29.974515235415335 ], [ 31.196989195840697, 29.974514658229104 ], [ 31.196988163838224, 29.974514075687512 ], [ 31.196987134038224, 29.974513485958166 ], [ 31.196986110519731, 29.974512892705846 ], [ 31.196985091275806, 29.97451229229415 ], [ 31.196984074201762, 29.974511686498722 ], [ 31.196983063409213, 29.974511077180331 ], [ 31.196982054819138, 29.974510460674182 ], [ 31.196981052543158, 29.974509838841062 ], [ 31.196980054509151, 29.974509211652574 ], [ 31.196979058677627, 29.974508577276303 ], [ 31.196978069127603, 29.974507939377094 ], [ 31.196977083819561, 29.974507296122525 ], [ 31.196976102753506, 29.974506647512612 ], [ 31.196975128034129, 29.974505991771668 ], [ 31.196974155452047, 29.974505332451034 ], [ 31.196973189184057, 29.974504667803412 ], [ 31.196972227158039, 29.974503997800422 ], [ 31.196971269374014, 29.974503322442089 ], [ 31.196970315864565, 29.974502639924367 ], [ 31.19696936860403, 29.974501955687714 ], [ 31.196968425618071, 29.974501264291675 ], [ 31.1969674889462, 29.974500567568661 ], [ 31.196966554444217, 29.974499865461919 ], [ 31.196965626223726, 29.974499159832206 ], [ 31.19696470431732, 29.974498448875529 ], [ 31.196963786685508, 29.974497730759467 ], [ 31.19696287323049, 29.974497010896091 ], [ 31.196961966122153, 29.974496283901715 ], [ 31.196961063255792, 29.974495551551978 ], [ 31.196960166670944, 29.9744948156793 ], [ 31.196959274328087, 29.974494074451247 ], [ 31.196958388266715, 29.974493329700259 ], [ 31.196957506479933, 29.974492577789874 ], [ 31.19695663097464, 29.974491822356544 ], [ 31.196955759678758, 29.9744910633719 ], [ 31.196954894729544, 29.974490297256224 ], [ 31.196954033989726, 29.974489527589242 ], [ 31.196953181603508, 29.974488754427671 ], [ 31.196952331387184, 29.974487975882361 ], [ 31.196951489557048, 29.974487192038463 ], [ 31.196950651936316, 29.974486404643255 ], [ 31.196949820629662, 29.974485611921043 ], [ 31.196948993532409, 29.974484815647511 ], [ 31.196948174821344, 29.974484014075369 ], [ 31.196947360352265, 29.974483207147863 ], [ 31.196946552132097, 29.974482398501465 ], [ 31.196945748186508, 29.974481582695667 ], [ 31.196944950489833, 29.974480765170959 ], [ 31.196944161179349, 29.974479942347635 ], [ 31.196943376110845, 29.974479114168961 ], [ 31.196942595251738, 29.974478282438966 ], [ 31.196941822746233, 29.974477447214397 ], [ 31.196941056522231, 29.974476608466865 ], [ 31.196940294540216, 29.974475764364001 ], [ 31.196939540911796, 29.974474916766546 ], [ 31.196938791525366, 29.974474063813744 ], [ 31.196938048387835, 29.974473209142037 ], [ 31.196937311564408, 29.974472349143348 ], [ 31.196936581022477, 29.974471485621688 ], [ 31.196935858834141, 29.974470618605476 ], [ 31.196935140887796, 29.974469746233908 ], [ 31.196934429190353, 29.974468872143412 ], [ 31.196933723807, 29.974467992725945 ], [ 31.196933024705146, 29.974467109785543 ], [ 31.196932333956887, 29.974466223350547 ], [ 31.196931647418033, 29.974465333364243 ], [ 31.196930969232778, 29.97446443988337 ], [ 31.196930295256912, 29.974463542851172 ], [ 31.196929629634646, 29.974462642324394 ], [ 31.196928970293879, 29.974461738274684 ], [ 31.196928317234615, 29.974460830702011 ], [ 31.196927670456848, 29.974459919606407 ], [ 31.19692702996057, 29.974459004987832 ], [ 31.196926395745791, 29.97445808684633 ], [ 31.196925769884611, 29.974457165210257 ], [ 31.196925150272339, 29.974456241855261 ], [ 31.196924536974151, 29.974455313173291 ], [ 31.196923929924885, 29.974454382772411 ], [ 31.1969233312292, 29.974453448876947 ], [ 31.196922738815015, 29.974452511458569 ], [ 31.196922152649741, 29.974451572321239 ], [ 31.196921572798548, 29.974450627856953 ], [ 31.196921001268361, 29.974449681702129 ], [ 31.196920436019674, 29.974448732024353 ], [ 31.196919877019887, 29.974447780627646 ], [ 31.196919326373699, 29.974446825736404 ], [ 31.196918782009011, 29.974445867322185 ], [ 31.196918243893229, 29.974444907189067 ], [ 31.196917714131033, 29.974443943561376 ], [ 31.19691719061775, 29.974442978214789 ], [ 31.196916675458063, 29.974442009373604 ], [ 31.196916164475176, 29.974441038785145 ], [ 31.196915663917995, 29.974440064730477 ], [ 31.196915167570197, 29.974439087124502 ], [ 31.196914681582918, 29.974438109660401 ], [ 31.196914199837622, 29.974437126840932 ], [ 31.196913726380739, 29.97443614413498 ], [ 31.196913261277452, 29.974435157934455 ], [ 31.19691280245566, 29.974434168210962 ], [ 31.19691234985018, 29.974433178572603 ], [ 31.196911905598295, 29.974432185439671 ], [ 31.196911469700002, 29.974431188812172 ], [ 31.196911040018023, 29.974430192269789 ], [ 31.196910616617533, 29.974429192204461 ], [ 31.196910201538049, 29.974428190448588 ], [ 31.196909794779572, 29.974427187002213 ], [ 31.196909394302583, 29.974426180032861 ], [ 31.196909000041906, 29.974425173148642 ], [ 31.196908616206915, 29.974424162798222 ], [ 31.196908236516141, 29.974423152504546 ], [ 31.196907867251063, 29.974422138744679 ], [ 31.196907504234886, 29.974421123265902 ], [ 31.196907147467609, 29.974420106068212 ], [ 31.196906799021324, 29.974419087179974 ], [ 31.196906458896052, 29.974418066601217 ], [ 31.196906127059183, 29.974417046135947 ], [ 31.196905801503807, 29.974416022147739 ], [ 31.196905482197323, 29.974414996440604 ], [ 31.19690517117926, 29.974413970846975 ], [ 31.196904868514789, 29.974412941758782 ], [ 31.196904574138721, 29.974411912784074 ], [ 31.196904286011556, 29.974410882090456 ], [ 31.196904006205379, 29.974409849706305 ], [ 31.196903734687623, 29.974408817435638 ], [ 31.196903469451353, 29.974407781642057 ], [ 31.196903212503493, 29.974406745961957 ], [ 31.196902961804522, 29.974405708562934 ], [ 31.196902721466071, 29.974404671305773 ], [ 31.196902487376509, 29.974403632329739 ], [ 31.196902259535847, 29.97440259163476 ], [ 31.196902042055687, 29.974401551081659 ], [ 31.196901830824434, 29.974400508809655 ], [ 31.196901627881587, 29.974399466651143 ], [ 31.19690143118763, 29.974398422773728 ], [ 31.196901242814661, 29.974397377205758 ], [ 31.196901062697521, 29.974396333555333 ], [ 31.196900890933968, 29.974395286410328 ], [ 31.196900727426225, 29.974394241182857 ], [ 31.196900570199965, 29.974393192432437 ], [ 31.196900421229525, 29.974392145599566 ], [ 31.196900280580081, 29.974391097076136 ], [ 31.196900146146938, 29.974390048637822 ], [ 31.196900020034786, 29.974388998508989 ], [ 31.19689990221104, 29.974387948493643 ], [ 31.196899792675708, 29.974386898591799 ], [ 31.196899691428762, 29.974385848803447 ], [ 31.196899596398126, 29.974384799100218 ], [ 31.196899509688489, 29.974383747706451 ], [ 31.196899431267251, 29.974382696426179 ], [ 31.196899359062318, 29.974381645231031 ], [ 31.196899297217875, 29.974380594177738 ], [ 31.196899241589744, 29.974379543209579 ], [ 31.196899194250026, 29.97437849235493 ], [ 31.196899153126594, 29.974377441585386 ], [ 31.19689912239625, 29.97437638915369 ], [ 31.196899097849634, 29.974375338611129 ], [ 31.196960086316377, 29.973958292608099 ], [ 31.197049222763052, 29.973388487641181 ], [ 31.197073492913781, 29.973233347860244 ], [ 31.197100082787969, 29.973114665039059 ], [ 31.196844039224565, 29.973141990501254 ], [ 31.196231635380403, 29.973198418233199 ], [ 31.194018815294715, 29.973402285919459 ], [ 31.193919349591418, 29.973411449033467 ], [ 31.193877307909855, 29.973417130321561 ], [ 31.193895597183321, 29.973558778198303 ], [ 31.19416574434532, 29.975658969692969 ], [ 31.19436927985236, 29.977064164066647 ], [ 31.194409733301185, 29.977343398544381 ], [ 31.194527344237891, 29.978189177824177 ], [ 31.19460294306748, 29.978700872197486 ], [ 31.194757016314774, 29.979743689292636 ], [ 31.194780497924871, 29.97990262107929 ], [ 31.194781039028477, 29.979906280757685 ], [ 31.194782246774846, 29.979914451743941 ], [ 31.194825611666396, 29.980177103135432 ], [ 31.194841624799402, 29.980274080488741 ], [ 31.1948428744086, 29.98027936488679 ], [ 31.194844119873476, 29.980284649227997 ], [ 31.194845354944729, 29.980289935231184 ], [ 31.194846585871666, 29.980295221177517 ], [ 31.194847808477192, 29.980300508814256 ], [ 31.194849022793942, 29.980305796337309 ], [ 31.194850230861519, 29.980311085579153 ], [ 31.194851430607685, 29.980316376511386 ], [ 31.194852624169936, 29.980321665554339 ], [ 31.194853809378145, 29.98032695809167 ], [ 31.194854988369791, 29.980332250543789 ], [ 31.194856161144898, 29.980337542910654 ], [ 31.194857325598573, 29.980342836967903 ], [ 31.19485848176349, 29.98034813091148 ], [ 31.194859631679204, 29.98035342657386 ], [ 31.194860773306139, 29.980358722122563 ], [ 31.19486190868388, 29.980364019390073 ], [ 31.19486303577283, 29.980369316543911 ], [ 31.194864156612589, 29.980374615416558 ], [ 31.194865271235784, 29.980379914203947 ], [ 31.194866375497963, 29.980385212849285 ], [ 31.194867475583177, 29.980390513241822 ], [ 31.194867708030245, 29.980391642421708 ], [ 31.194868576729032, 29.980395869587646 ], [ 31.19486967373054, 29.980401225876609 ], [ 31.194870760371035, 29.980406582023527 ], [ 31.194871840762332, 29.980411939889226 ], [ 31.194872912864838, 29.980417297641299 ], [ 31.194873978718135, 29.980422657112147 ], [ 31.194875036282639, 29.980428016469325 ], [ 31.194876087597933, 29.980433377545314 ], [ 31.194877130624423, 29.980438738507623 ], [ 31.194878165362134, 29.980444099356305 ], [ 31.194879193850621, 29.980449461923769 ], [ 31.194880216122527, 29.980454824405989 ], [ 31.194881228000778, 29.98046018855019 ], [ 31.194882233662451, 29.980465552609118 ], [ 31.194883233107543, 29.980470916582831 ], [ 31.194884224231185, 29.980476282246904 ], [ 31.19488520706604, 29.980481647797344 ], [ 31.194886183651658, 29.980487015066572 ], [ 31.194887151948471, 29.980492382222145 ], [ 31.194888111956473, 29.980497749264071 ], [ 31.194889065715252, 29.980503118024771 ], [ 31.194890013257446, 29.980508486700241 ], [ 31.194890950438602, 29.980513855233664 ], [ 31.194891881370527, 29.980519225485867 ], [ 31.194892806085857, 29.980524595652827 ], [ 31.194893722512372, 29.980529965706129 ], [ 31.194894630617437, 29.980535337449833 ], [ 31.194895532505907, 29.980540709108276 ], [ 31.194896426072908, 29.980546082457117 ], [ 31.194897311383734, 29.980551453888264 ], [ 31.194898190445322, 29.980556827038207 ], [ 31.194899063257672, 29.980562201906956 ], [ 31.194899925741609, 29.980567574829582 ], [ 31.194900781976301, 29.980572949471036 ], [ 31.194901631994391, 29.980578324027235 ], [ 31.19490247369102, 29.980583700273808 ], [ 31.194903307098819, 29.980589076406726 ], [ 31.194904132217786, 29.980594452426011 ], [ 31.194904951120133, 29.980599828360063 ], [ 31.194905763773242, 29.980605206012896 ], [ 31.194906568137519, 29.980610583552085 ], [ 31.194907364212952, 29.980615960977612 ], [ 31.194908151999545, 29.980621338289513 ], [ 31.19490893353688, 29.980626717320177 ], [ 31.194909708857615, 29.98063209626563 ], [ 31.194910473817274, 29.980637475069006 ], [ 31.19491123252768, 29.980642855591192 ], [ 31.194911985054105, 29.980648234224105 ], [ 31.194912729259048, 29.980653614547396 ], [ 31.194913465175141, 29.98065899475705 ], [ 31.194914194841971, 29.980664376685493 ], [ 31.194914916252593, 29.980669756696241 ], [ 31.194914983559013, 29.980670275503599 ], [ 31.194915636553709, 29.980675198043965 ], [ 31.194916350638202, 29.980680639306442 ], [ 31.194917056433844, 29.980686080455275 ], [ 31.19491775598021, 29.980691523322928 ], [ 31.194918447270368, 29.98069696427288 ], [ 31.194919130239036, 29.980702406913213 ], [ 31.194919804918843, 29.980707849439902 ], [ 31.194920473382012, 29.980713291881354 ], [ 31.194921133556317, 29.980718734209173 ], [ 31.194921785409136, 29.980724178227362 ], [ 31.194922431045313, 29.980729622160297 ], [ 31.194923068425265, 29.980735064175597 ], [ 31.194923697483716, 29.980740507881251 ], [ 31.194924318220664, 29.980745953277278 ], [ 31.194924932773599, 29.980751396784072 ], [ 31.194925539037669, 29.980756840177186 ], [ 31.194926136980236, 29.980762285260713 ], [ 31.19492672870615, 29.980767730258986 ], [ 31.194927310103601, 29.980773173311182 ], [ 31.194927887324006, 29.98077861811057 ], [ 31.194928454150659, 29.980784064571946 ], [ 31.194929012721065, 29.980789509115638 ], [ 31.194929565074837, 29.980794953574097 ], [ 31.194930109107087, 29.980800399722934 ], [ 31.194930646955321, 29.98080584398252 ], [ 31.194930720282677, 29.980806602867684 ], [ 31.19493117648204, 29.980811289932468 ], [ 31.194931695647632, 29.980816735740376 ], [ 31.194932210701442, 29.98082217968744 ], [ 31.194932715361496, 29.980827625296453 ], [ 31.194933213804902, 29.980833070820239 ], [ 31.194933703959403, 29.980838516230385 ], [ 31.194934185792388, 29.980843963330905 ], [ 31.19493465936911, 29.980849408513766 ], [ 31.194935126729181, 29.980854853611373 ], [ 31.194935585800341, 29.980860298595342 ], [ 31.194936036549969, 29.9808657452697 ], [ 31.19493648111558, 29.980871190054796 ], [ 31.194936915287421, 29.980876636501861 ], [ 31.194937343275218, 29.980882081059637 ], [ 31.194937762941493, 29.980887527307825 ], [ 31.194938176423722, 29.980892971666748 ], [ 31.194938579512179, 29.980898417687648 ], [ 31.194938976416601, 29.980903861819268 ], [ 31.194939364999481, 29.980909307641287 ], [ 31.194939745326081, 29.980914751545633 ], [ 31.194940117331143, 29.98092019714035 ], [ 31.194940483152163, 29.98092564084579 ], [ 31.194940840651636, 29.98093108624164 ], [ 31.19494118782259, 29.980936529691402 ], [ 31.194941530816461, 29.980941974888367 ], [ 31.194941863481827, 29.980947418139237 ], [ 31.194942187825628, 29.980952863080507 ], [ 31.194942505985392, 29.980958306132493 ], [ 31.194942813783992, 29.980963749042438 ], [ 31.19494311533327, 29.980969193671182 ], [ 31.194943408626262, 29.980974636382246 ], [ 31.194943693630329, 29.980980078979663 ], [ 31.19494397034547, 29.980985521463417 ], [ 31.194944238771683, 29.980990963833548 ], [ 31.194944498908971, 29.980996406090036 ], [ 31.194944750789951, 29.981001846428835 ], [ 31.194944994349381, 29.981007288458034 ], [ 31.194945225508036, 29.981012728512741 ], [ 31.194945448377755, 29.981018168453776 ], [ 31.194945660886297, 29.98102360825278 ], [ 31.194945860961433, 29.9810290478813 ], [ 31.194946052780264, 29.981034485592168 ], [ 31.194946234237925, 29.981039923160967 ], [ 31.194946403262168, 29.98104536055931 ], [ 31.194946561925224, 29.98105079781558 ], [ 31.194946710259732, 29.981056233125774 ], [ 31.194946848200434, 29.981061670097951 ], [ 31.194946973772968, 29.981067103291601 ], [ 31.194947088951686, 29.981072538147206 ], [ 31.194947191729611, 29.981077971028341 ], [ 31.194947284146348, 29.981083403767396 ], [ 31.19494736412965, 29.981088836336003 ], [ 31.194947433784396, 29.981094266958515 ], [ 31.194947488933472, 29.98109969738216 ], [ 31.194947531681741, 29.981105125831299 ], [ 31.194947561996571, 29.981110554109975 ], [ 31.194947577805721, 29.981115982189781 ], [ 31.194947579141832, 29.98112140826667 ], [ 31.194947563932651, 29.981126832312242 ], [ 31.194947532145552, 29.981132256130543 ], [ 31.194947481740908, 29.981137677889102 ], [ 31.19494741064651, 29.981143097559528 ], [ 31.194947322974169, 29.981148517002676 ], [ 31.194947227045478, 29.981153934528123 ], [ 31.194947120755586, 29.98115935191154 ], [ 31.194947006176694, 29.981164769181294 ], [ 31.19494688330882, 29.981170186337422 ], [ 31.194946750079716, 29.98117560335146 ], [ 31.194946608594275, 29.981181018447852 ], [ 31.194946456747591, 29.981186433402165 ], [ 31.194946296611917, 29.981191848242847 ], [ 31.194923463913284, 29.981423830772282 ], [ 31.194838723548706, 29.981750468158889 ], [ 31.194815631923667, 29.9818275166303 ], [ 31.194715930776287, 29.982160156162934 ], [ 31.194780105402433, 29.982173474363464 ], [ 31.194805629038253, 29.982178772202207 ], [ 31.194810765385981, 29.982179344272776 ], [ 31.194815901864338, 29.982179909127041 ], [ 31.194821038473318, 29.982180466764987 ], [ 31.194826175212913, 29.98218101718664 ], [ 31.194831312050496, 29.982181562195986 ], [ 31.194836449018688, 29.982182099989039 ], [ 31.194841588189767, 29.982182630594171 ], [ 31.194846727458817, 29.982183155787052 ], [ 31.194851866891121, 29.982183671959582 ], [ 31.194857006421401, 29.982184182719841 ], [ 31.194862146082286, 29.982184686263789 ], [ 31.194863203407934, 29.982184789180032 ], [ 31.194867285841152, 29.98218518439543 ], [ 31.194872427835527, 29.982185673535156 ], [ 31.194877567855613, 29.982186157234199 ], [ 31.19488271007857, 29.982186633745322 ], [ 31.194884752527219, 29.982186820542783 ], [ 31.194887852432124, 29.98218710304015 ], [ 31.194892994883659, 29.982187566922697 ], [ 31.194898137498431, 29.982188021784903 ], [ 31.194903280211172, 29.982188471234817 ], [ 31.194908423054507, 29.982188913468434 ], [ 31.194913565995819, 29.982189350289762 ], [ 31.19491870910036, 29.982189778090753 ], [ 31.194923854375126, 29.982190200507862 ], [ 31.194928997708239, 29.982190615680249 ], [ 31.1949341432442, 29.982191023664736 ], [ 31.194939286805862, 29.982191426208544 ], [ 31.19494443260302, 29.982191819760423 ], [ 31.194949578498136, 29.982192207899999 ], [ 31.194954722451573, 29.982192588794852 ], [ 31.194959868575239, 29.982192964305856 ], [ 31.194965014862127, 29.982193330796502 ], [ 31.194970161246975, 29.982193691874862 ], [ 31.194975305690154, 29.982194045708518 ], [ 31.194980452336175, 29.982194392354252 ], [ 31.194985599112776, 29.982194731783693 ], [ 31.194990745987337, 29.982195065800838 ], [ 31.19499589299248, 29.982195392601668 ], [ 31.195001038055956, 29.982195712157782 ], [ 31.195006185322267, 29.982196024525987 ], [ 31.195011332686526, 29.982196331481912 ], [ 31.195016480213987, 29.982196629417508 ], [ 31.195021625767151, 29.982196921912387 ], [ 31.195026773523143, 29.982197207219375 ], [ 31.195031919304817, 29.982197487085656 ], [ 31.195037067321966, 29.982197757960037 ], [ 31.1950422133648, 29.9821980233937 ], [ 31.195047361610463, 29.982198281639459 ], [ 31.195052507914433, 29.982198532640503 ], [ 31.195057654348982, 29.982198776425236 ], [ 31.195062800881463, 29.982199014797683 ], [ 31.195067947544526, 29.982199245953819 ], [ 31.195073094338142, 29.98219946989364 ], [ 31.195078241262333, 29.982199686617136 ], [ 31.195083388284452, 29.982199897928368 ], [ 31.195088535469782, 29.982200100219249 ], [ 31.195093680680774, 29.982200297069433 ], [ 31.19509882809459, 29.98220048673171 ], [ 31.195103973566706, 29.982200669149268 ], [ 31.195109119136752, 29.982200846154548 ], [ 31.195114264837358, 29.982201015943502 ], [ 31.195119410701153, 29.982201176712135 ], [ 31.195124554557985, 29.982201333844085 ], [ 31.195129700650263, 29.982201481984106 ], [ 31.19513484480084, 29.982201622879408 ], [ 31.195139989049338, 29.982201758362407 ], [ 31.195145133428387, 29.98220188662912 ], [ 31.19515027793798, 29.982202007679504 ], [ 31.195155422545501, 29.982202123317609 ], [ 31.19515604830297, 29.98220213550491 ], [ 31.195160565243949, 29.982202229906953 ], [ 31.195165710112569, 29.982202331112436 ], [ 31.195170853039478, 29.982202425073194 ], [ 31.195175996096928, 29.982202511817643 ], [ 31.195181137180036, 29.982202593121386 ], [ 31.195186280498593, 29.982202665433185 ], [ 31.195191421842786, 29.982202732304298 ], [ 31.195196563317531, 29.9822027919591 ], [ 31.19520170285055, 29.982202844369208 ], [ 31.195206844553741, 29.982202891395406 ], [ 31.195211984347832, 29.982202929372871 ], [ 31.19521712423985, 29.982202961938025 ], [ 31.195222264262398, 29.982202987286897 ], [ 31.195227402310582, 29.982203007195046 ], [ 31.195232540521936, 29.982203018082867 ], [ 31.195237678831202, 29.982203023558419 ], [ 31.195242815198736, 29.982203021789243 ], [ 31.195247953769055, 29.982203012832141 ], [ 31.195253090397649, 29.982202996630349 ], [ 31.195258225051891, 29.982202974987828 ], [ 31.195263361908914, 29.982202946157415 ], [ 31.19526849685683, 29.982202908278261 ], [ 31.195273629797761, 29.982202866762439 ], [ 31.195278764974098, 29.982202816254688 ], [ 31.195283898176072, 29.982202760306226 ], [ 31.195289031541201, 29.982202695337435 ], [ 31.195294162931965, 29.982202624927957 ], [ 31.195299294420607, 29.98220254910618 ], [ 31.195304426072411, 29.982202464264077 ], [ 31.195309555749844, 29.982202373981277 ], [ 31.195314685590418, 29.982202274678112 ], [ 31.19531981552889, 29.982202169962701 ], [ 31.195324943492981, 29.982202059806561 ], [ 31.195330069547957, 29.982201940601687 ], [ 31.195335197773069, 29.982201816012964 ], [ 31.195340324056446, 29.982201684179472 ], [ 31.19534545047032, 29.982201545129701 ], [ 31.195350574942456, 29.982201398835194 ], [ 31.195355699512469, 29.982201247128412 ], [ 31.195360822173352, 29.982201086372861 ], [ 31.195365944932121, 29.982200920205042 ], [ 31.195371065749136, 29.982200746792518 ], [ 31.195376186664024, 29.982200567967695 ], [ 31.195381307742046, 29.982200380122524 ], [ 31.19538642684568, 29.982200186836657 ], [ 31.195391546079815, 29.9821999863345 ], [ 31.19539666337219, 29.982199778587603 ], [ 31.195401780762438, 29.982199565428424 ], [ 31.195406896243558, 29.982199343220493 ], [ 31.195412011822537, 29.982199115600292 ], [ 31.195417127532018, 29.982198880763775 ], [ 31.195422239194844, 29.982198640458158 ], [ 31.195427353093052, 29.982198391160612 ], [ 31.195432465016868, 29.982198136422376 ], [ 31.195437574998905, 29.982197874439411 ], [ 31.195442685111445, 29.982197605240138 ], [ 31.195447793282213, 29.98219732879614 ], [ 31.19545290155083, 29.98219704693987 ], [ 31.19545800787769, 29.982196757838885 ], [ 31.19546311433503, 29.982196461521575 ], [ 31.195468218850596, 29.98219615795955 ], [ 31.195473323496639, 29.982195847181224 ], [ 31.195478426168293, 29.982195530962208 ], [ 31.195483526898151, 29.982195207498467 ], [ 31.195488627758508, 29.982194876818411 ], [ 31.195493728716713, 29.982194540726073 ], [ 31.195498827765757, 29.982194195584995 ], [ 31.195503924840395, 29.982193845003216 ], [ 31.19582119218148, 29.982181111947757 ], [ 31.196119154195653, 29.982169151189513 ], [ 31.196469852605176, 29.982155075550331 ], [ 31.196787893562256, 29.982142307445827 ], [ 31.196918048335654, 29.982137083240811 ], [ 31.196974423087795, 29.982134820170081 ], [ 31.197302401834374, 29.982121652789175 ], [ 31.197523505410089, 29.982112775909695 ], [ 31.197661611146952, 29.982116739948346 ], [ 31.198024653885959, 29.98212715890471 ], [ 31.198065582491289, 29.982128328997998 ], [ 31.198337253295069, 29.982136107042518 ], [ 31.198337303029373, 29.9821361077231 ], [ 31.198524156496148, 29.982127437137031 ], [ 31.198617719118836, 29.982123094581002 ], [ 31.198897280450826, 29.982110121475429 ], [ 31.199230104889697, 29.982094673355757 ], [ 31.199281530695128, 29.982092706107821 ], [ 31.19940425646524, 29.982086796785545 ], [ 31.199713059347996, 29.982071926560558 ], [ 31.19978999295548, 29.982068221929648 ], [ 31.200047732166933, 29.982055808719718 ], [ 31.200312665955213, 29.982043049447686 ], [ 31.20036046627126, 29.982040747110258 ], [ 31.200579253120384, 29.982030211186743 ], [ 31.200693222019304, 29.982024722316183 ], [ 31.200828795565982, 29.982018191469628 ], [ 31.200978432621255, 29.982010984699286 ], [ 31.201072626661091, 29.982006446916955 ], [ 31.201247079754776, 29.981998045110014 ], [ 31.201776594892301, 29.98197721883912 ], [ 31.202388610862887, 29.98195314644876 ], [ 31.2025529116898, 29.981946683047649 ], [ 31.202835137381193, 29.9819355802912 ], [ 31.20312188904353, 29.981924298702598 ], [ 31.203390192352224, 29.981913742768622 ], [ 31.203828266138871, 29.981896507197714 ], [ 31.203946047847982, 29.981891872314101 ], [ 31.203987827239075, 29.981890228158441 ], [ 31.204282039789543, 29.981878652433849 ], [ 31.204305410297017, 29.981877731510959 ], [ 31.204591298894304, 29.981866481854059 ], [ 31.204880524915147, 29.981855100239695 ], [ 31.204882930527138, 29.981855033793124 ], [ 31.204885336009315, 29.981854974562665 ], [ 31.204887741394124, 29.981854920744272 ], [ 31.204890148688911, 29.981854875974271 ], [ 31.204892555886342, 29.981854836616357 ], [ 31.20489496295394, 29.981854804474555 ], [ 31.204896934521429, 29.981854784439616 ], [ 31.204897371963991, 29.981854779577095 ], [ 31.204899780844222, 29.98185476189575 ], [ 31.204902189627088, 29.981854749626475 ], [ 31.204904598247673, 29.981854746377341 ], [ 31.204907006770906, 29.981854748540272 ], [ 31.204909417236571, 29.981854757947573 ], [ 31.204911825532619, 29.9818547727387 ], [ 31.204914235738652, 29.981854796578215 ], [ 31.204916645847323, 29.981854825829817 ], [ 31.204919057898451, 29.981854862325754 ], [ 31.204921467747489, 29.981854906009552 ], [ 31.204923877466719, 29.981854956909469 ], [ 31.204926289128398, 29.981855015053757 ], [ 31.204928698620453, 29.981855078581845 ], [ 31.204931110054957, 29.981855149354292 ], [ 31.204933521359649, 29.981855227342855 ], [ 31.204935930462263, 29.981855312519262 ], [ 31.204938341539791, 29.981855403136006 ], [ 31.204940752487492, 29.981855500968869 ], [ 31.204943163272937, 29.981855607821856 ], [ 31.204945571921208, 29.981855718254618 ], [ 31.204947982479492, 29.9818558377358 ], [ 31.20495039290795, 29.981855964433077 ], [ 31.204952803239067, 29.981856096542426 ], [ 31.204955211368105, 29.981856235839633 ], [ 31.204957621439604, 29.981856382381224 ], [ 31.204960029309021, 29.981856536110637 ], [ 31.204962439153359, 29.981856695280388 ], [ 31.204964846795619, 29.981856861637983 ], [ 31.204967254308077, 29.981857035211693 ], [ 31.204969661690722, 29.981857216001508 ], [ 31.204972068943576, 29.981857404007446 ], [ 31.204974476099068, 29.981857597425442 ], [ 31.204976881020045, 29.981857799835321 ], [ 31.204979287915926, 29.981858007685556 ], [ 31.204981692642203, 29.981858220919577 ], [ 31.204984097206218, 29.981858443173756 ], [ 31.204986499600626, 29.981858670811761 ], [ 31.204988903937483, 29.981858905694132 ], [ 31.204991306072291, 29.98185914776435 ], [ 31.204993708077286, 29.981859397050673 ], [ 31.20499610998494, 29.981859651749065 ], [ 31.204998509658072, 29.981859915439344 ], [ 31.20500090923386, 29.981860184541716 ], [ 31.20500330867986, 29.981860460860187 ], [ 31.205005708028505, 29.98186074259073 ], [ 31.205008105175079, 29.981861031509137 ], [ 31.205010502159414, 29.981861329447685 ], [ 31.205012897006597, 29.981861630966005 ], [ 31.205015291691513, 29.98186194150448 ], [ 31.205017686246652, 29.98186225925906 ], [ 31.205020078632181, 29.981862582397458 ], [ 31.205022470887904, 29.981862912751971 ], [ 31.205024863046297, 29.981863248518561 ], [ 31.205027252970172, 29.981863593277044 ], [ 31.205029640724437, 29.981863943419352 ], [ 31.205032028348917, 29.981864300777762 ], [ 31.205034415843606, 29.981864665352273 ], [ 31.205036801168692, 29.981865035310602 ], [ 31.20503918636398, 29.981865412485064 ], [ 31.20504156935721, 29.981865796847359 ], [ 31.205043950148383, 29.981866188397529 ], [ 31.205046330809783, 29.981866587163807 ], [ 31.205048711373831, 29.981866991342137 ], [ 31.205051089735829, 29.98186740270835 ], [ 31.20505346592822, 29.981867819458376 ], [ 31.205055841958377, 29.981868245228544 ], [ 31.205058215818937, 29.981868676382554 ], [ 31.205060589549696, 29.981869114752662 ], [ 31.205062961110869, 29.981869558506578 ], [ 31.205065330437527, 29.981870011252404 ], [ 31.205067697594597, 29.981870469382045 ], [ 31.205070064654329, 29.981870932923741 ], [ 31.205072431551837, 29.981871405485627 ], [ 31.205074794207466, 29.98187188340307 ], [ 31.205077156733314, 29.98187236853661 ], [ 31.205079517057111, 29.981872860858012 ], [ 31.205081877283583, 29.981873358591486 ], [ 31.205084235308007, 29.981873863512817 ], [ 31.205086591130382, 29.981874375622038 ], [ 31.205088944783167, 29.981874893115052 ], [ 31.205091296233896, 29.981875417795948 ], [ 31.20509364755485, 29.981875949692924 ], [ 31.205095996706209, 29.981876486973729 ], [ 31.205098343655521, 29.981877031442412 ], [ 31.205100688402791, 29.981877583098935 ], [ 31.205103030948017, 29.981878141943355 ], [ 31.205105373395913, 29.981878706199829 ], [ 31.205107711569511, 29.981879277615896 ], [ 31.205110049645768, 29.981879854444049 ], [ 31.205112385487542, 29.981880440264099 ], [ 31.205114719192164, 29.981881029663953 ], [ 31.205117050662309, 29.981881628055692 ], [ 31.205119379962859, 29.981882231831257 ], [ 31.205121709133621, 29.98188284282292 ], [ 31.20512403406255, 29.981883459170167 ], [ 31.205126356789421, 29.981884082705275 ], [ 31.20512867731426, 29.981884713428254 ], [ 31.205130997709322, 29.981885351367335 ], [ 31.20513331386254, 29.981885994661994 ], [ 31.205135627846161, 29.981886643340477 ], [ 31.205137941700009, 29.981887299235076 ], [ 31.205140251279563, 29.981887962289285 ], [ 31.205142558657069, 29.981888632531358 ], [ 31.205144863865002, 29.98188930815725 ], [ 31.20514716894316, 29.981889990999257 ], [ 31.205149469779464, 29.981890679196844 ], [ 31.205151766341462, 29.981891374554035 ], [ 31.205154062773701, 29.981892077127355 ], [ 31.205156357036351, 29.981892785084479 ], [ 31.205158649129412, 29.981893498425446 ], [ 31.205160936915732, 29.981894220730055 ], [ 31.20516322253247, 29.981894948418507 ], [ 31.205165505979618, 29.981895681490776 ], [ 31.205167787224742, 29.981896421750893 ], [ 31.205170066267822, 29.981897169198906 ], [ 31.205172343141335, 29.981897922030729 ], [ 31.205174615740539, 29.981898682022159 ], [ 31.205176886170168, 29.981899447397428 ], [ 31.205179154397765, 29.981900219960565 ], [ 31.205181418383511, 29.981900997879261 ], [ 31.205183682239497, 29.981901783014074 ], [ 31.205185941821195, 29.98190257530851 ], [ 31.205188197161036, 29.981903372958538 ], [ 31.205190452403567, 29.981904176020624 ], [ 31.205192703371807, 29.981904986242334 ], [ 31.205194952138022, 29.981905803651902 ], [ 31.205197196662382, 29.981906626417054 ], [ 31.205199438984721, 29.98190745637007 ], [ 31.205201679137485, 29.981908291706919 ], [ 31.20520391712067, 29.981909132427589 ], [ 31.205206150829568, 29.98190998030789 ], [ 31.205208380264168, 29.981910835347797 ], [ 31.205210607529182, 29.981911695771544 ], [ 31.205212832592192, 29.981912563383148 ], [ 31.20521505548562, 29.981913436378591 ], [ 31.205217274137198, 29.981914314729604 ], [ 31.205219488514498, 29.98191520024023 ], [ 31.205221700689766, 29.981916092938732 ], [ 31.205223910695462, 29.981916991021073 ], [ 31.205226116459315, 29.981917894458981 ], [ 31.20522831794888, 29.981918805056505 ], [ 31.205230517268873, 29.981919721037876 ], [ 31.205232714386849, 29.981920644207104 ], [ 31.20523490726297, 29.98192157273192 ], [ 31.205237095897274, 29.981922506612303 ], [ 31.20523928232954, 29.981923447680586 ], [ 31.205241464487521, 29.981924395908454 ], [ 31.205243644508389, 29.981925347716139 ], [ 31.205245820222515, 29.981926308487481 ], [ 31.205247993799521, 29.9819272728386 ], [ 31.205250163102235, 29.981928244349341 ], [ 31.205252328163127, 29.981929221215683 ], [ 31.205254488949716, 29.981930205241635 ], [ 31.205256647566745, 29.98193119465143 ], [ 31.20525880398176, 29.981932191249072 ], [ 31.205260954115104, 29.981933191370032 ], [ 31.205263102014005, 29.981934200482904 ], [ 31.205265247775767, 29.981935213175561 ], [ 31.205282167634508, 29.981943982625808 ], [ 31.205538939827065, 29.98207704975383 ], [ 31.206186636964311, 29.982412701943954 ], [ 31.206281212854353, 29.982457388272447 ], [ 31.206608855359459, 29.982612193905599 ], [ 31.206883430010201, 29.982741924511249 ], [ 31.206955936271267, 29.982776183035408 ], [ 31.207185832704827, 29.982884803826931 ], [ 31.207236373723475, 29.982908681450159 ], [ 31.207458959896542, 29.983013847702786 ], [ 31.207477203205325, 29.983022467082218 ], [ 31.207758034257004, 29.983196368194513 ], [ 31.208286804545622, 29.983454904462846 ], [ 31.20829141753396, 29.983457157883151 ], [ 31.208351681800671, 29.983486624169966 ], [ 31.208453173552996, 29.98353621745855 ], [ 31.209053302874974, 29.983829469198422 ], [ 31.209044388516563, 29.983842933876883 ], [ 31.209076587792481, 29.983840039021487 ], [ 31.209265995276091, 29.983921128488365 ], [ 31.210064258805048, 29.984262877398564 ], [ 31.210076347719834, 29.984267026056173 ], [ 31.210078612176432, 29.984262352557579 ], [ 31.210082029891584, 29.984255325452942 ], [ 31.21008545168614, 29.984248302012652 ], [ 31.210088883809426, 29.984241280517132 ], [ 31.210092322116807, 29.984234260910071 ], [ 31.21009576864823, 29.984227245023675 ], [ 31.210099221363745, 29.984220231025734 ], [ 31.210102682303297, 29.984213220748462 ], [ 31.21010615149925, 29.9842062123878 ], [ 31.210109626846933, 29.984199207719641 ], [ 31.210113110451008, 29.984192204968096 ], [ 31.210116602279122, 29.984185205937209 ], [ 31.210120100291327, 29.984178208794777 ], [ 31.210520629816415, 29.983374079591144 ], [ 31.211291776628791, 29.982125215367347 ], [ 31.211406698719895, 29.981969178463601 ], [ 31.21130881530118, 29.981859016644151 ], [ 31.211213584757846, 29.981782412693104 ], [ 31.211089371867679, 29.981682393279424 ], [ 31.210993675814564, 29.981605297445316 ], [ 31.210990987646138, 29.981600892263057 ], [ 31.210988305759432, 29.981596483557151 ], [ 31.210985632226699, 29.981592071355752 ], [ 31.210982964975692, 29.981587655630676 ], [ 31.210980303974058, 29.981583238186008 ], [ 31.210977651326399, 29.981578817245818 ], [ 31.210975007032726, 29.981574392810131 ], [ 31.210972369020759, 29.981569964850792 ], [ 31.210969739330437, 29.981565535199994 ], [ 31.210967115921822, 29.98156110202553 ], [ 31.210964500867188, 29.981556665355576 ], [ 31.21096189206191, 29.981552226966002 ], [ 31.210959291642965, 29.981547783276902 ], [ 31.210956699545644, 29.981543337896333 ], [ 31.210954113697678, 29.981538890796159 ], [ 31.210951534163776, 29.981534438368278 ], [ 31.210948965023764, 29.981529984277124 ], [ 31.210946400060852, 29.981525528438191 ], [ 31.210943845556518, 29.981521067327861 ], [ 31.210928670877827, 29.981494243187235 ], [ 31.210926170609696, 29.981489762964266 ], [ 31.210923674550997, 29.981485279189496 ], [ 31.210921188918526, 29.981480791947391 ], [ 31.210918709535413, 29.981476302985698 ], [ 31.210916238538605, 29.981471808724457 ], [ 31.21091377583106, 29.981467314575813 ], [ 31.210911319437567, 29.981462815099487 ], [ 31.21090557670583, 29.981455365747028 ], [ 31.210899840256403, 29.981447912870738 ], [ 31.210894108017047, 29.981440456442453 ], [ 31.210888384132268, 29.981432996518507 ], [ 31.21088266656216, 29.981425531266684 ], [ 31.210876957314291, 29.981418064323222 ], [ 31.210874103775318, 29.981414328159445 ], [ 31.210871252308817, 29.981410592023757 ], [ 31.210865553553326, 29.981403118004486 ], [ 31.210859863184755, 29.981395638685512 ], [ 31.21085417906615, 29.981388157646755 ], [ 31.21084849918994, 29.98138067125198 ], [ 31.210842827668316, 29.981373181361516 ], [ 31.210837162429002, 29.981365687947243 ], [ 31.210831503471994, 29.981358191009154 ], [ 31.210825852869565, 29.98135069057539 ], [ 31.210820206477187, 29.981343186589648 ], [ 31.210814566367109, 29.9813356790801 ], [ 31.210808934611602, 29.981328168074874 ], [ 31.210803309138413, 29.981320653545822 ], [ 31.210797687907611, 29.98131313366077 ], [ 31.210792074999027, 29.981305612084086 ], [ 31.210786468372746, 29.981298086983596 ], [ 31.21078087013338, 29.98129055658341 ], [ 31.210775276071704, 29.981283024435275 ], [ 31.210769688292331, 29.981275488763334 ], [ 31.21076410889987, 29.981267947791697 ], [ 31.210760128356643, 29.981262561447632 ], [ 31.210758533685098, 29.981260405072149 ], [ 31.210752966857239, 29.981252857052876 ], [ 31.210747406279317, 29.981245307313863 ], [ 31.210741852016056, 29.98123775224698 ], [ 31.210736304002737, 29.981230195460341 ], [ 31.210730810841326, 29.981222700771355 ], [ 31.210725326002112, 29.981215204390757 ], [ 31.210719847477527, 29.981207702682351 ], [ 31.210714373130614, 29.981200199226006 ], [ 31.210708907138226, 29.981192692274004 ], [ 31.210703445355865, 29.981185181770059 ], [ 31.210697991928036, 29.981177667770474 ], [ 31.210692544782486, 29.98117015024707 ], [ 31.210687101846943, 29.981162629171717 ], [ 31.21068438557629, 29.981158867802357 ], [ 31.210622292794895, 29.98107212508927 ], [ 31.210616933568723, 29.981064560036803 ], [ 31.210611578520211, 29.981056993236411 ], [ 31.210606231793847, 29.981049424744466 ], [ 31.210600889309848, 29.981041850896492 ], [ 31.210595555180351, 29.981034273552915 ], [ 31.210590225228508, 29.981026694461441 ], [ 31.210584903631176, 29.981019111874332 ], [ 31.210579586243846, 29.981011525735266 ], [ 31.210574275138764, 29.98100393607243 ], [ 31.210568972388188, 29.980996342913965 ], [ 31.210563673815251, 29.980988748007601 ], [ 31.210558381524578, 29.980981149577453 ], [ 31.210553095548491, 29.980973545819491 ], [ 31.210547817894557, 29.980965940369927 ], [ 31.21054254649053, 29.980958333200654 ], [ 31.21053727932884, 29.980950720675391 ], [ 31.210532020489289, 29.980943106458554 ], [ 31.210526767964346, 29.980935486913889 ], [ 31.210521523761535, 29.980927865677675 ], [ 31.210516283736357, 29.980920242693522 ], [ 31.210511052098042, 29.980912614409757 ], [ 31.210505824637341, 29.980904984378071 ], [ 31.210500605563499, 29.980897349046757 ], [ 31.210495392739531, 29.98088971199569 ], [ 31.210490186197809, 29.980882071420865 ], [ 31.210484987978212, 29.980874429154465 ], [ 31.210479793968592, 29.980866783336147 ], [ 31.210474608345823, 29.980859132218157 ], [ 31.210469428972925, 29.980851479380451 ], [ 31.210464255849903, 29.980843824823015 ], [ 31.210459089041475, 29.980836164937767 ], [ 31.210453928482906, 29.980828503332827 ], [ 31.210448776278824, 29.980820838232244 ], [ 31.210443628284718, 29.980813169579747 ], [ 31.210438488612727, 29.980805499235689 ], [ 31.210433355222971, 29.980797825367866 ], [ 31.210429671369059, 29.980792309515348 ], [ 31.210428228115429, 29.980790147976286 ], [ 31.210423107290119, 29.980782467060944 ], [ 31.210417990642423, 29.980774784397695 ], [ 31.210412876067739, 29.98076710176246 ], [ 31.210407765703032, 29.980759415575299 ], [ 31.210402659515935, 29.980751727640243 ], [ 31.210401753310123, 29.980750363764503 ], [ 31.210397555434206, 29.980744037929121 ], [ 31.210329800438647, 29.980631520473381 ], [ 31.210214616016351, 29.980440242155083 ], [ 31.210212255040133, 29.980436319593927 ], [ 31.20985724612774, 29.979866085375825 ], [ 31.209854766580712, 29.979862765698545 ], [ 31.209852291210662, 29.979859444273544 ], [ 31.209849824226783, 29.979856117549055 ], [ 31.209847365564347, 29.97985278913319 ], [ 31.209844911111254, 29.979849457165525 ], [ 31.209842465011963, 29.979846121702451 ], [ 31.209840023122005, 29.979842782687612 ], [ 31.209837589585856, 29.979839440177336 ], [ 31.209835164403508, 29.979836094171631 ], [ 31.2098327434305, 29.979832744614143 ], [ 31.209830330778928, 29.979829393365289 ], [ 31.209827924441292, 29.979826036788769 ], [ 31.209825524352862, 29.979822678492706 ], [ 31.209823130545999, 29.979819316673041 ], [ 31.209820745092934, 29.97981595135796 ], [ 31.209818365921432, 29.979812582519266 ], [ 31.209816657997589, 29.979810155725229 ], [ 31.209815992999136, 29.979809211961026 ], [ 31.209813626390776, 29.979805836075155 ], [ 31.209811268103842, 29.979802458497883 ], [ 31.209808916098474, 29.979799077397022 ], [ 31.209806570374681, 29.979795692772552 ], [ 31.209804230932434, 29.979792304624503 ], [ 31.209801899843995, 29.979788912981022 ], [ 31.209799575004762, 29.979785519618009 ], [ 31.209797256447086, 29.979782122731361 ], [ 31.209794946243189, 29.979778722349323 ], [ 31.209792640248644, 29.979775318415506 ], [ 31.209790342607882, 29.979771910986276 ], [ 31.209788053288541, 29.979768501865649 ], [ 31.209785768178534, 29.979765089193268 ], [ 31.209783491422325, 29.979761673025468 ], [ 31.209781223019899, 29.979758253362252 ], [ 31.209778958794434, 29.979754831951308 ], [ 31.20977670292276, 29.979751407044947 ], [ 31.209774453332653, 29.979747978614981 ], [ 31.209772212096315, 29.979744546689627 ], [ 31.209769975036959, 29.979741113016527 ], [ 31.20976774633138, 29.979737675847993 ], [ 31.209765525979577, 29.979734235184058 ], [ 31.20976330980475, 29.979730792772433 ], [ 31.209761101983705, 29.979727346865346 ], [ 31.209758902516437, 29.979723897462875 ], [ 31.20975670933073, 29.979720444536806 ], [ 31.209754522394203, 29.97971698989118 ], [ 31.209752341739232, 29.979713531721981 ], [ 31.209750169438042, 29.979710070057351 ], [ 31.209748003386046, 29.979706606673194 ], [ 31.209745843615593, 29.979703139765427 ], [ 31.209743692198916, 29.979699669362272 ], [ 31.209741547031435, 29.979696197239555 ], [ 31.209739410217725, 29.979692721621422 ], [ 31.209737277613332, 29.979689242451531 ], [ 31.209735155402583, 29.979685761618441 ], [ 31.209733037401154, 29.979682277233618 ], [ 31.209730927721136, 29.979678791157408 ], [ 31.209728824322656, 29.979675301557606 ], [ 31.209726729277961, 29.979671808462399 ], [ 31.209724640482438, 29.97966831364765 ], [ 31.209722560040696, 29.97966481533749 ], [ 31.209720483808262, 29.979661313475578 ], [ 31.209718417969473, 29.979657809950467 ], [ 31.209716356339992, 29.979654302873598 ], [ 31.209714303031909, 29.979650794105378 ], [ 31.209712258077605, 29.979647281841725 ], [ 31.209710219372472, 29.979643767858551 ], [ 31.209708186948891, 29.979640250351778 ], [ 31.209706160806842, 29.979636729321445 ], [ 31.209704142986197, 29.979633206599747 ], [ 31.209702133519315, 29.979629680382626 ], [ 31.209700130301595, 29.979626152445967 ], [ 31.20969813333307, 29.979622622789769 ], [ 31.209696144750655, 29.979619087834134 ], [ 31.209694162385055, 29.979615552963004 ], [ 31.20969218633336, 29.979612012764246 ], [ 31.209690218603054, 29.979608470874126 ], [ 31.209688259194152, 29.979604927292648 ], [ 31.209686306066772, 29.979601380187585 ], [ 31.209684359188568, 29.979597831362984 ], [ 31.209682420664127, 29.979594279042999 ], [ 31.209680488388841, 29.979590725003458 ], [ 31.209678562395098, 29.979587167440346 ], [ 31.209676646794968, 29.979583608214053 ], [ 31.2096747233592, 29.979580023618404 ], [ 31.209672808244814, 29.979576437331417 ], [ 31.209670901484202, 29.979572847549026 ], [ 31.209669000972749, 29.9795692560471 ], [ 31.209667108815037, 29.979565661049765 ], [ 31.209665222906501, 29.979562064332899 ], [ 31.209663343279495, 29.979558464092474 ], [ 31.209661474046097, 29.979554862188845 ], [ 31.209659608989632, 29.979551258537512 ], [ 31.209657752286926, 29.979547651390774 ], [ 31.209655903937961, 29.979544040748653 ], [ 31.209654061805796, 29.979540430191051 ], [ 31.209652228059742, 29.97953681433399 ], [ 31.209650402602712, 29.979533198589621 ], [ 31.209648581354976, 29.979529579293484 ], [ 31.209646770533205, 29.979525956530154 ], [ 31.209644965928234, 29.979522333851317 ], [ 31.209643167604781, 29.979518707648914 ], [ 31.209641377635073, 29.97951507795111 ], [ 31.20963959598674, 29.979511446561961 ], [ 31.209637820587563, 29.979507813453282 ], [ 31.209636053542123, 29.979504176849208 ], [ 31.209634292745843, 29.979500538525585 ], [ 31.209632542343158, 29.979496898538812 ], [ 31.209630798221987, 29.979493255028455 ], [ 31.209629062422191, 29.979489609826757 ], [ 31.209627332903906, 29.979485961101464 ], [ 31.209625613779217, 29.979482310713017 ], [ 31.209623900903676, 29.979478658605043 ], [ 31.209622196381865, 29.979475003001678 ], [ 31.209620500181426, 29.979471345706962 ], [ 31.209618810262501, 29.979467684888665 ], [ 31.209617130737161, 29.979464022407203 ], [ 31.20961545746097, 29.979460358206214 ], [ 31.209613792538519, 29.979456690509817 ], [ 31.209612135937412, 29.979453021122101 ], [ 31.209610487657685, 29.979449350043016 ], [ 31.209608845659453, 29.979445675440378 ], [ 31.209607211982593, 29.979441999146385 ], [ 31.209605588699311, 29.979438321189221 ], [ 31.209603971697526, 29.979434639708479 ], [ 31.209602360944888, 29.979430956508232 ], [ 31.209600760585833, 29.97942727164482 ], [ 31.20959916650828, 29.979423583257816 ], [ 31.209597582824294, 29.979419893207655 ], [ 31.209596005389454, 29.979416201437981 ], [ 31.209594434203748, 29.979412507948762 ], [ 31.209592873443984, 29.979408810992343 ], [ 31.209591321005568, 29.979405112344594 ], [ 31.20958977481629, 29.979401411977314 ], [ 31.209588236980728, 29.979397708114618 ], [ 31.209586709538733, 29.979394002588794 ], [ 31.20958518627365, 29.979390295315252 ], [ 31.209583673402136, 29.979386586378556 ], [ 31.209582168851977, 29.97938287575052 ], [ 31.209580670583307, 29.979379161598889 ], [ 31.209579182708204, 29.979375445784118 ], [ 31.209577701082225, 29.979371728249824 ], [ 31.209576227777593, 29.979368009024181 ], [ 31.209574762826676, 29.979364286303156 ], [ 31.209573306164724, 29.979360563694822 ], [ 31.209571857856492, 29.979356837591133 ], [ 31.209570415797376, 29.979353109767892 ], [ 31.209568984164189, 29.979349378477465 ], [ 31.209567558747764, 29.979345647271565 ], [ 31.209566141685041, 29.979341912570252 ], [ 31.209564734983495, 29.979338178009833 ], [ 31.209563334563445, 29.979334439925857 ], [ 31.209561942464731, 29.979330700150534 ], [ 31.209560558719716, 29.979326956879849 ], [ 31.209559181191448, 29.979323213693672 ], [ 31.209558416660602, 29.979321117314324 ], [ 31.20955781405674, 29.979319468844356 ], [ 31.209556455275727, 29.979315720499628 ], [ 31.209555102743824, 29.979311970435397 ], [ 31.209553760573115, 29.979308220512035 ], [ 31.209552424683871, 29.979304467065131 ], [ 31.209551099188186, 29.979300711955066 ], [ 31.209549779973973, 29.979296953321427 ], [ 31.20954846904872, 29.979293194800498 ], [ 31.209547166444796, 29.979289434588225 ], [ 31.20954587426678, 29.979285670908769 ], [ 31.209544588305505, 29.979281907313826 ], [ 31.209543310697921, 29.979278140223506 ], [ 31.20954204137929, 29.979274373245893 ], [ 31.209540780414354, 29.979270602772917 ], [ 31.20953952777073, 29.979266830608569 ], [ 31.209538283448442, 29.979263056752899 ], [ 31.209537047447458, 29.979259281205895 ], [ 31.209535819735425, 29.979255505771608 ], [ 31.209534600377086, 29.979251726841941 ], [ 31.209533391412275, 29.97924794624911 ], [ 31.209532188728929, 29.97924416213273 ], [ 31.209530994334536, 29.979240378129042 ], [ 31.209529808261447, 29.979236592434038 ], [ 31.20952863258189, 29.979232805075863 ], [ 31.209527463151442, 29.979229015998175 ], [ 31.209526302042292, 29.979225225229161 ], [ 31.209525151326673, 29.979221432796983 ], [ 31.209524006892508, 29.979217636841263 ], [ 31.209522872819512, 29.979213841026422 ], [ 31.209521747067818, 29.97921004352024 ], [ 31.209520629637424, 29.979206244322743 ], [ 31.209519520528339, 29.979202443433891 ], [ 31.209518419740558, 29.979198640853717 ], [ 31.209517327306454, 29.979194834778177 ], [ 31.209516245233488, 29.979191028843516 ], [ 31.209515169409613, 29.979187221189356 ], [ 31.209514103979259, 29.979183411872022 ], [ 31.2095130468702, 29.979179600863358 ], [ 31.209511998082448, 29.979175788163364 ], [ 31.209510959688199, 29.979171973800234 ], [ 31.209509929615248, 29.979168157745764 ], [ 31.209508907895962, 29.979164338195918 ], [ 31.2095078986424, 29.979160517011088 ], [ 31.209506897742497, 29.9791566923309 ], [ 31.209505905163891, 29.979152865959392 ], [ 31.209504922978791, 29.979149037924699 ], [ 31.209504789350579, 29.979148514611776 ], [ 31.209503949114971, 29.979145208198684 ], [ 31.209502983604818, 29.979141374977321 ], [ 31.209502026415965, 29.979137540064592 ], [ 31.209501077580754, 29.979133701656519 ], [ 31.209500137066836, 29.979129861557094 ], [ 31.209499206946411, 29.979126019794524 ], [ 31.209498283075071, 29.979122176312451 ], [ 31.209497367525003, 29.979118331139066 ], [ 31.209496460296219, 29.979114484274323 ], [ 31.209495563460933, 29.97911063574643 ], [ 31.20949467287473, 29.979106785499035 ], [ 31.209493790609788, 29.97910293356032 ], [ 31.209492918738341, 29.979099079958445 ], [ 31.209492053115969, 29.979095224637057 ], [ 31.209491195814874, 29.979091367624349 ], [ 31.209490348907259, 29.979087508948503 ], [ 31.209489508248708, 29.979083648553132 ], [ 31.209488677951278, 29.979079788298666 ], [ 31.209487853935283, 29.979075924520625 ], [ 31.209487040280408, 29.979072060883514 ], [ 31.209486232874578, 29.979068195526867 ], [ 31.209485435862245, 29.979064328507071 ], [ 31.209484645066588, 29.979060461571819 ], [ 31.209483417096042, 29.979056007647753 ], [ 31.20948219744681, 29.979051552032331 ], [ 31.209480986118891, 29.97904709472559 ], [ 31.209479785184502, 29.979042635755697 ], [ 31.209478590499202, 29.979038175066297 ], [ 31.209477404135221, 29.979033712685556 ], [ 31.209476224020339, 29.979029248585309 ], [ 31.209475052194389, 29.979024784597755 ], [ 31.209473888722115, 29.979020317114838 ], [ 31.209472733538792, 29.979015849744624 ], [ 31.209471586676763, 29.97901138068309 ], [ 31.209470446063829, 29.979006909902051 ], [ 31.209469313739834, 29.979002439233721 ], [ 31.209468189769506, 29.978997965070004 ], [ 31.209467072015897, 29.97899349099082 ], [ 31.209465962583597, 29.978989015220311 ], [ 31.20946486147259, 29.978984537758468 ], [ 31.209463768650508, 29.978980060409341 ], [ 31.209462682077525, 29.978975581340702 ], [ 31.209461605898031, 29.978971100608916 ], [ 31.209460533895424, 29.978966618129441 ], [ 31.209459472253947, 29.978962135790855 ], [ 31.209458418933771, 29.978957651760936 ], [ 31.209457371862669, 29.978953166011514 ], [ 31.209456333112861, 29.978948678570756 ], [ 31.209455302651978, 29.978944191242721 ], [ 31.209454278440163, 29.978939702195181 ], [ 31.209453264589484, 29.978935213288519 ], [ 31.209452256987877, 29.978930722662358 ], [ 31.209451257707556, 29.978926230344868 ], [ 31.209450264676313, 29.978921736307861 ], [ 31.209449282006197, 29.97891724241175 ], [ 31.209448305585148, 29.978912746796137 ], [ 31.209447337453017, 29.978908251293234 ], [ 31.209446377674524, 29.978903752294976 ], [ 31.209445424080371, 29.978899255185262 ], [ 31.209444480912076, 29.978894754608394 ], [ 31.209443543960482, 29.978890254116045 ], [ 31.209442615297782, 29.978885753736414 ], [ 31.209441692916528, 29.978881249833226 ], [ 31.209440780864014, 29.978876747874981 ], [ 31.209439875092929, 29.978872242393194 ], [ 31.209438977610759, 29.978867737024107 ], [ 31.209438620243311, 29.978865936703073 ], [ 31.209438088417489, 29.978863231767747 ], [ 31.209437205505644, 29.978858722987837 ], [ 31.209436332922532, 29.978854216152854 ], [ 31.20943546662085, 29.978849705794346 ], [ 31.209434608575705, 29.978845197352566 ], [ 31.209433758884185, 29.978840685415442 ], [ 31.209432917481568, 29.97883617359102 ], [ 31.209432082295628, 29.978831661851142 ], [ 31.209431255430957, 29.978827148419935 ], [ 31.209430436887548, 29.978822633297408 ], [ 31.209429626633021, 29.978818118287595 ], [ 31.209428824667381, 29.978813603390492 ], [ 31.209428028983169, 29.978809084969857 ], [ 31.209427241555474, 29.978804568465961 ], [ 31.209426462449038, 29.97880005027076 ], [ 31.209425691663849, 29.978795530384229 ], [ 31.209424929167543, 29.978791010610404 ], [ 31.209424172887921, 29.978786490921117 ], [ 31.209423427001749, 29.978781969568686 ], [ 31.209422687364629, 29.978777446496771 ], [ 31.209421956016381, 29.978772923537552 ], [ 31.209421230884811, 29.97876840066289 ], [ 31.209420516146686, 29.978763876125065 ], [ 31.209419807625238, 29.978759351671783 ], [ 31.209419107425028, 29.978754825527179 ], [ 31.209418415513696, 29.978750299495296 ], [ 31.209417731923608, 29.978745771772083 ], [ 31.209417056622392, 29.978741244161586 ], [ 31.209416387537846, 29.978736716635655 ], [ 31.209415726774527, 29.978732187418373 ], [ 31.209415074300079, 29.978727658313808 ], [ 31.209414430146868, 29.978723127517927 ], [ 31.209413794282529, 29.978718596834774 ], [ 31.209413164634849, 29.978714066236147 ], [ 31.209412543308403, 29.978709533946198 ], [ 31.209411930270818, 29.978705001768972 ], [ 31.20941132552209, 29.978700469704474 ], [ 31.2094107290946, 29.978695935948629 ], [ 31.209410140955963, 29.978691402305525 ], [ 31.209409559066351, 29.978686866942898 ], [ 31.209408985465608, 29.978682331693015 ], [ 31.209408420153707, 29.978677796555839 ], [ 31.20940786316304, 29.978673259727326 ], [ 31.209407312356653, 29.978668724787415 ], [ 31.209406771976049, 29.97866418638031 ], [ 31.209406237779742, 29.9786596498618 ], [ 31.20940571190464, 29.97865511165196 ], [ 31.2094051943184, 29.978650573554837 ], [ 31.209404685053379, 29.978646033766378 ], [ 31.209404184044821, 29.978641495894703 ], [ 31.209403689285285, 29.978636956303522 ], [ 31.209403202814595, 29.978632416825054 ], [ 31.209402724665111, 29.978627875655285 ], [ 31.209402254804477, 29.978623334598193 ], [ 31.209401793232693, 29.978618793653865 ], [ 31.209401337877534, 29.978614252794056 ], [ 31.209400892915792, 29.978609710271098 ], [ 31.209400454170687, 29.978605167832697 ], [ 31.209400023714419, 29.978600625507017 ], [ 31.209399601546984, 29.978596083294033 ], [ 31.209399187700761, 29.978591539389761 ], [ 31.209398780038793, 29.978586997374048 ], [ 31.209398382770239, 29.9785824536952 ], [ 31.20939799175067, 29.978577908296842 ], [ 31.20939760898758, 29.978573364815269 ], [ 31.209397234545673, 29.978568819642362 ], [ 31.209396868360237, 29.978564276386216 ], [ 31.209396508423794, 29.978559731410567 ], [ 31.209396158848371, 29.978555186575825 ], [ 31.209395815521948, 29.978550640021577 ], [ 31.209395480451981, 29.97854609538409 ], [ 31.209395153703205, 29.978541549055279 ], [ 31.209394835243259, 29.978537002839197 ], [ 31.209394585105464, 29.978533385056842 ], [ 31.209394522999919, 29.978532456707661 ], [ 31.209394221117606, 29.97852791071702 ], [ 31.209393925451909, 29.978523364810918 ], [ 31.209393638107411, 29.97851881721348 ], [ 31.209393359019344, 29.978514271532827 ], [ 31.209393088252469, 29.978509724160848 ], [ 31.209392823702206, 29.978505176873409 ], [ 31.209392569512957, 29.978500629726859 ], [ 31.209392321540324, 29.978496082664861 ], [ 31.209392081856492, 29.978491535715587 ], [ 31.209391850461476, 29.978486988879034 ], [ 31.209391627355277, 29.97848244215519 ], [ 31.209391412570252, 29.978477893740038 ], [ 31.209391206041651, 29.978473347241628 ], [ 31.209391005762033, 29.978468799023748 ], [ 31.20939081373885, 29.97846425272262 ], [ 31.20939063003684, 29.978459704730163 ], [ 31.209390454623637, 29.978455156850426 ], [ 31.209390287499229, 29.978450609083406 ], [ 31.209390128663625, 29.978446061429118 ], [ 31.209389976044619, 29.978441513859369 ], [ 31.209389833754237, 29.978436968234575 ], [ 31.209389697712822, 29.978432420890272 ], [ 31.209389569960209, 29.978427873658671 ], [ 31.209389450496385, 29.978423326539819 ], [ 31.20938933724916, 29.978418779505486 ], [ 31.20938923436292, 29.978414232612057 ], [ 31.209389137693279, 29.978409685803165 ], [ 31.209389051416988, 29.978405137331151 ], [ 31.209388971324927, 29.978400590747697 ], [ 31.209388899521652, 29.978396044276984 ], [ 31.209388833934959, 29.978391497890797 ], [ 31.209388778676885, 29.978386953449569 ], [ 31.209388731739956, 29.97838240731701 ], [ 31.209388691019626, 29.978377861268985 ], [ 31.209388658588079, 29.978373315333691 ], [ 31.2093886344453, 29.978368769511107 ], [ 31.209388618591312, 29.978364223801258 ], [ 31.209388610993724, 29.97835968000815 ], [ 31.209388611717287, 29.978355134523746 ], [ 31.209388618625063, 29.978350590927914 ], [ 31.20938863385398, 29.978346045640755 ], [ 31.209388659411498, 29.978341502298548 ], [ 31.209379813527523, 29.978200895728946 ], [ 31.20935566866827, 29.977817035184916 ], [ 31.209333978070838, 29.977472213720894 ], [ 31.209311639602362, 29.977117067195763 ], [ 31.209296190438117, 29.976871449081511 ], [ 31.209286039134287, 29.976721704868947 ], [ 31.20926776739697, 29.976452156986433 ], [ 31.209268881605929, 29.976359562409129 ], [ 31.209270218800413, 29.976247839722866 ], [ 31.209270654755539, 29.976211413117895 ], [ 31.20927321882208, 29.975992728272104 ], [ 31.209275813930635, 29.97593276627094 ], [ 31.209286757670395, 29.975678731847708 ], [ 31.209286516122667, 29.975676021836399 ], [ 31.209286268326153, 29.975673313544597 ], [ 31.209286012273449, 29.975670603336027 ], [ 31.209285747899827, 29.975667894818798 ], [ 31.20928547523765, 29.975665186188838 ], [ 31.209285194254555, 29.975662479250179 ], [ 31.209284907055039, 29.975659772227001 ], [ 31.209284611566975, 29.975657065091095 ], [ 31.209284307790359, 29.97565435784248 ], [ 31.209283995692829, 29.975651652285165 ], [ 31.209283675306743, 29.975648946615141 ], [ 31.209283348704254, 29.975646240860573 ], [ 31.209283011708703, 29.975643536769137 ], [ 31.209282668496748, 29.975640832593172 ], [ 31.209282316996234, 29.975638128304475 ], [ 31.209281959246958, 29.97563542573528 ], [ 31.209281591136996, 29.975632723025203 ], [ 31.20928121681062, 29.975630020230557 ], [ 31.209280834163334, 29.975627319127241 ], [ 31.209280443227509, 29.975624617911215 ], [ 31.209280043970768, 29.975621918386512 ], [ 31.209279638497623, 29.975619218777236 ], [ 31.209279224735944, 29.975616519055269 ], [ 31.209278802653341, 29.97561382102462 ], [ 31.209278372282213, 29.975611122881237 ], [ 31.209277933590165, 29.975608426429179 ], [ 31.209277488681721, 29.975605729892575 ], [ 31.209277033380236, 29.97560303501912 ], [ 31.209276573934481, 29.975600340089294 ], [ 31.209276104095686, 29.975597646822617 ], [ 31.209275625968353, 29.97559495344321 ], [ 31.209275141592258, 29.975592261783319 ], [ 31.209274648927622, 29.975589570010683 ], [ 31.209274147942086, 29.975586879929384 ], [ 31.209273638668019, 29.975584189735354 ], [ 31.209273123145181, 29.97558150126083 ], [ 31.209272599333815, 29.975578812673586 ], [ 31.209272067201553, 29.97557612577765 ], [ 31.209271526780746, 29.975573438769 ], [ 31.209270980078816, 29.975570755283886 ], [ 31.209270423048594, 29.975568069853843 ], [ 31.209269859737233, 29.975565387947317 ], [ 31.209269290241853, 29.975562704152232 ], [ 31.209268710321073, 29.975560023824325 ], [ 31.209268124183897, 29.975557343411861 ], [ 31.209267529725828, 29.975554664690726 ], [ 31.209266926979243, 29.975551985856875 ], [ 31.209266317951517, 29.97554931054654 ], [ 31.209265698595509, 29.975546633291273 ], [ 31.209265072958367, 29.975543959559559 ], [ 31.209264441104839, 29.97554128574329 ], [ 31.209263798858295, 29.975538613590164 ], [ 31.209263150395351, 29.975535941352486 ], [ 31.209262493579157, 29.975533272610189 ], [ 31.209261828474443, 29.975530603755157 ], [ 31.209261157153335, 29.975527934815574 ], [ 31.209260477478978, 29.975525269371367 ], [ 31.209259789516107, 29.975522603814429 ], [ 31.20925909323234, 29.975519939948814 ], [ 31.209258390699823, 29.975517277802702 ], [ 31.20925767984642, 29.975514617347894 ], [ 31.209256960704501, 29.975511956780373 ], [ 31.209256233241707, 29.975509297904157 ], [ 31.209255499530151, 29.975506640747454 ], [ 31.209254757497717, 29.975503985282053 ], [ 31.209254009248909, 29.975501329732126 ], [ 31.209253250574704, 29.975498677649373 ], [ 31.209252485684129, 29.975496025482077 ], [ 31.209251712472678, 29.975493375006099 ], [ 31.209250933012477, 29.975490726249603 ], [ 31.209250145231394, 29.975488079184451 ], [ 31.209249349129436, 29.975485433810608 ], [ 31.2092485447066, 29.975482790128073 ], [ 31.20924773406739, 29.975480146360987 ], [ 31.209246915074928, 29.975477506089277 ], [ 31.209246089866102, 29.97547486573302 ], [ 31.209245254231885, 29.975472228843937 ], [ 31.209244412381306, 29.975469591870308 ], [ 31.209243564281984, 29.975466956616181 ], [ 31.209242705789656, 29.975464323025189 ], [ 31.209241841048584, 29.975461691153683 ], [ 31.209240970026414, 29.975459062805733 ], [ 31.209240088643593, 29.975456434316861 ], [ 31.209239201012046, 29.975453807547499 ], [ 31.209238307131759, 29.975451182497633 ], [ 31.209237404930604, 29.975448559139071 ], [ 31.209236494408568, 29.975445937471829 ], [ 31.209235575565671, 29.975443317495895 ], [ 31.209234650441672, 29.975440701043521 ], [ 31.209234263724149, 29.975439613093641 ], [ 31.209233717029178, 29.975438084478402 ], [ 31.20923277529581, 29.975435469604605 ], [ 31.209231827281343, 29.975432858254337 ], [ 31.209230870978374, 29.975430246791369 ], [ 31.209229908394306, 29.975427638851901 ], [ 31.20922893752174, 29.97542503079973 ], [ 31.209227958295951, 29.975422426242915 ], [ 31.209226972821423, 29.975419823405584 ], [ 31.209225979026034, 29.975417222259587 ], [ 31.209224976909777, 29.975414622804877 ], [ 31.209223968544801, 29.97541202506968 ], [ 31.209222951826593, 29.975409430829835 ], [ 31.209221928892017, 29.975406836505456 ], [ 31.209220897604222, 29.975404245676412 ], [ 31.209219857995556, 29.975401656538686 ], [ 31.209218812138175, 29.975399069120471 ], [ 31.209217757927561, 29.975396485197585 ], [ 31.209216695428449, 29.975393901161972 ], [ 31.209215626648259, 29.975391320649923 ], [ 31.209214551619343, 29.975388741857358 ], [ 31.209213468269564, 29.975386164756095 ], [ 31.209212376566569, 29.975383591150177 ], [ 31.20921127864721, 29.975381017459718 ], [ 31.209210172374625, 29.975378447264617 ], [ 31.209209057781194, 29.975375878760833 ], [ 31.209207936906672, 29.975373313780583 ], [ 31.209206809783428, 29.975370750519833 ], [ 31.209205672267199, 29.975368188922197 ], [ 31.209204530574389, 29.975365629072233 ], [ 31.209203380528347, 29.975363072717634 ], [ 31.209202222161462, 29.975360518054355 ], [ 31.209201055473724, 29.97535796508236 ], [ 31.209199884577032, 29.975355415662101 ], [ 31.209198703287356, 29.975352867904963 ], [ 31.209197515748968, 29.975350321867321 ], [ 31.209196321929493, 29.975347779353211 ], [ 31.209195119789172, 29.975345238530409 ], [ 31.209193909295632, 29.975342701202962 ], [ 31.209192692553376, 29.975340165595007 ], [ 31.209191469562413, 29.97533763170653 ], [ 31.209190238218223, 29.975335101313426 ], [ 31.209188998553202, 29.97533257261161 ], [ 31.209187752639458, 29.975330045629292 ], [ 31.209186498372503, 29.975327522142333 ], [ 31.209185237824464, 29.975325002178902 ], [ 31.20918397102772, 29.975322483934956 ], [ 31.209182695910137, 29.975319967382337 ], [ 31.209181412439332, 29.97531745432504 ], [ 31.209180122719822, 29.975314942987247 ], [ 31.209178826719235, 29.975312435172999 ], [ 31.209177522397802, 29.975309929050027 ], [ 31.209176209723157, 29.975307426422422 ], [ 31.209174892871953, 29.975304925542499 ], [ 31.209173565595393, 29.97530242812973 ], [ 31.209172234109893, 29.975299934268669 ], [ 31.209170892231423, 29.975297442070744 ], [ 31.209169546176376, 29.975294951620469 ], [ 31.209168191768132, 29.975292464665575 ], [ 31.209166829006669, 29.975289981205997 ], [ 31.209165459996516, 29.975287499465917 ], [ 31.209164084705279, 29.975285021249377 ], [ 31.209162701093206, 29.975282544724124 ], [ 31.209161311200063, 29.975280071722413 ], [ 31.209159912953712, 29.975277602216057 ], [ 31.209158508458664, 29.975275134429175 ], [ 31.209157097682542, 29.975272670165836 ], [ 31.209155678585581, 29.975270207593784 ], [ 31.209154253207565, 29.975267748545267 ], [ 31.209152819476337, 29.975265292992091 ], [ 31.209151379496401, 29.975262839158404 ], [ 31.209149933235409, 29.975260388848245 ], [ 31.209148478621206, 29.975257942033437 ], [ 31.209147017725936, 29.975255498742154 ], [ 31.209145548509845, 29.975253057142165 ], [ 31.209144073012684, 29.975250619065722 ], [ 31.209142591266819, 29.975248182708757 ], [ 31.209141103207521, 29.975245751679342 ], [ 31.209139606827396, 29.975243322341253 ], [ 31.209138102126435, 29.975240894694455 ], [ 31.209136593184176, 29.97523847240339 ], [ 31.208947457595006, 29.974899545859767 ], [ 31.208820988399665, 29.974672912856061 ], [ 31.208815691696564, 29.974663737182777 ], [ 31.208810403347641, 29.974654558013967 ], [ 31.208805119208641, 29.974645375293253 ], [ 31.208799843391422, 29.974636190881071 ], [ 31.208794571784136, 29.974627002916975 ], [ 31.208789308498641, 29.974617813261432 ], [ 31.208784051495176, 29.974608620082158 ], [ 31.208778800773768, 29.974599423379164 ], [ 31.208773556302017, 29.974590224956536 ], [ 31.208768320184422, 29.974581023038375 ], [ 31.208763088276747, 29.974571817568307 ], [ 31.208757864690856, 29.974562610406771 ], [ 31.208752645282491, 29.974553401497392 ], [ 31.208747434228293, 29.974544189092502 ], [ 31.208742229456117, 29.974534973163905 ], [ 31.208737030933595, 29.974525755515643 ], [ 31.208735415977014, 29.974522889679537 ], [ 31.208731838693105, 29.974516534343689 ], [ 31.208726652702261, 29.974507311452069 ], [ 31.208721475065559, 29.974498085064944 ], [ 31.208716301638759, 29.974488855125927 ], [ 31.208711136501357, 29.97447962529948 ], [ 31.208705977678349, 29.974470390145306 ], [ 31.208700827177097, 29.974461153299657 ], [ 31.208696184895263, 29.974452816587196 ] ] ] ] } },
{ "type": "Feature", "properties": { "fid": 5, "OBJECTID": 5, "Gov_A_Name": "الجيزه", "GOV_CODE": "21", "Section_A_": "قسم الجيزه", "SubSection": "ساقيه مكى", "Shyakha_2d": "07", "Section_2d": "04", "Final_code": "210407", "ذكور_": 13095, "اناث_": 12332, "Shape_Leng": 6668.2769255800004, "Shape_Area": 1023100.39735, "سكان_": 25427, "الأطفال_": 7628, "الشباب_": 16528, "الكبار_": 1271, "التعلمين_": 21868 }, "geometry": { "type": "MultiPolygon", "coordinates": [ [ [ [ 31.224338978701553, 30.002843176358169 ], [ 31.224269740593996, 30.002623343684398 ], [ 31.224173844960067, 30.002203569816778 ], [ 31.224173520781108, 30.002202681244786 ], [ 31.224173204925126, 30.002201790980589 ], [ 31.224172895351536, 30.002200897192214 ], [ 31.224172591996091, 30.002200003487747 ], [ 31.224172294923033, 30.002199106259066 ], [ 31.22417200617296, 30.002198207338214 ], [ 31.22417172364101, 30.002197308501263 ], [ 31.224171447391466, 30.002196406140115 ], [ 31.224171179464886, 30.002195502086785 ], [ 31.224170917756442, 30.002194598117356 ], [ 31.224170662330398, 30.002193690623741 ], [ 31.224170415195193, 30.002192783242016 ], [ 31.224170174342376, 30.002191872336066 ], [ 31.2241699397077, 30.002190961514025 ], [ 31.224169713395998, 30.002190048999804 ], [ 31.224169493302423, 30.002189136569477 ], [ 31.224169281563952, 30.00218822064295 ], [ 31.224169076043616, 30.002187304800309 ], [ 31.22416887677354, 30.002186387237515 ], [ 31.224168685826424, 30.00218546798256 ], [ 31.224168501097449, 30.002184548811499 ], [ 31.224168322618741, 30.002183627920285 ], [ 31.22416815243086, 30.00218270714096 ], [ 31.224167988493246, 30.002181784641479 ], [ 31.224167832878603, 30.002180860449826 ], [ 31.22416768348209, 30.002179936342074 ], [ 31.224167542408544, 30.00217901054214 ], [ 31.224167407553121, 30.00217808482612 ], [ 31.224167278915836, 30.002177159194012 ], [ 31.224167158601521, 30.002176231869708 ], [ 31.224167046610162, 30.002175302853228 ], [ 31.224166938732097, 30.002174375696743 ], [ 31.224166841249712, 30.002173446876053 ], [ 31.224166747944878, 30.002172516307233 ], [ 31.224166664971445, 30.002171587682305 ], [ 31.224166586175574, 30.002170657309271 ], [ 31.224166515670532, 30.002169727048116 ], [ 31.22416645345632, 30.002168796898829 ], [ 31.224166397492379, 30.002167865029399 ], [ 31.224166347714423, 30.002166935047917 ], [ 31.224166306259441, 30.002166003374271 ], [ 31.224166273063148, 30.002165073616542 ], [ 31.224166244044415, 30.002164142110704 ], [ 31.224166225389219, 30.002163210744698 ], [ 31.224166212952145, 30.00216227946261 ], [ 31.224166206733202, 30.002161348264419 ], [ 31.224166208772946, 30.002160418982161 ], [ 31.224166217062962, 30.002159487979743 ], [ 31.224166233643803, 30.002158557089196 ], [ 31.224166256410633, 30.002157628086628 ], [ 31.224166287468293, 30.002156699195908 ], [ 31.224166324744086, 30.002155770389109 ], [ 31.224166368238002, 30.002154841666208 ], [ 31.224166420022737, 30.002153913055178 ], [ 31.224166480066177, 30.002152986360077 ], [ 31.224166546327734, 30.002152059748873 ], [ 31.224166620880119, 30.002151133249566 ], [ 31.224166701618508, 30.002150208638184 ], [ 31.224166788575005, 30.00214928411074 ], [ 31.224166883822338, 30.002148359695138 ], [ 31.22416698525566, 30.00214743716753 ], [ 31.224167094947674, 30.002146516555797 ], [ 31.224167212930521, 30.002145596055964 ], [ 31.224167335058784, 30.002144675612072 ], [ 31.224167467518441, 30.002143757112059 ], [ 31.224167604123512, 30.002142838667996 ], [ 31.224167748987288, 30.002141922139856 ], [ 31.224167902109748, 30.00214100752763 ], [ 31.224168061450328, 30.002140092999337 ], [ 31.224168226976911, 30.002139180358967 ], [ 31.224168400762171, 30.002138269634536 ], [ 31.224168582838271, 30.002137359021972 ], [ 31.224168768995494, 30.002136452073461 ], [ 31.224168965516274, 30.002135545264778 ], [ 31.224169166182463, 30.002134638512032 ], [ 31.224169375075206, 30.002133735479255 ], [ 31.224169592258772, 30.00213283255836 ], [ 31.224169813523485, 30.002131933301509 ], [ 31.22417004515173, 30.002131034184476 ], [ 31.224170280893262, 30.002130136927452 ], [ 31.224170524861339, 30.002129243390403 ], [ 31.224170775047543, 30.002128349937255 ], [ 31.224171033492439, 30.002127458400025 ], [ 31.224171298123309, 30.002126568750754 ], [ 31.224171570980754, 30.002125682821461 ], [ 31.224171850056305, 30.002124796976062 ], [ 31.224172135285702, 30.002123914822683 ], [ 31.224172426733229, 30.002123032753207 ], [ 31.224172726407311, 30.002122154403697 ], [ 31.224173032267366, 30.002121277942141 ], [ 31.224173346353993, 30.002120405200589 ], [ 31.224173666658725, 30.00211953254291 ], [ 31.224173993117308, 30.002118663577246 ], [ 31.224174325761876, 30.002117796499519 ], [ 31.224174666632997, 30.002116933141799 ], [ 31.224175013690104, 30.002116071672013 ], [ 31.224175366933196, 30.002115212090196 ], [ 31.224175726330131, 30.00211435620038 ], [ 31.224176093985758, 30.002113502226461 ], [ 31.224176467827377, 30.002112650140525 ], [ 31.224176847822832, 30.00211180174659 ], [ 31.224177236044842, 30.002110957072624 ], [ 31.224177630452839, 30.002110114286612 ], [ 31.224178028941978, 30.00210927516466 ], [ 31.224178437762504, 30.002108437986578 ], [ 31.224178850664174, 30.002107604472535 ], [ 31.224179269751826, 30.002106772846446 ], [ 31.224179697066042, 30.002105944940336 ], [ 31.224180130534091, 30.002105120726224 ], [ 31.224180570155998, 30.002104300204131 ], [ 31.224181015963882, 30.002103481569979 ], [ 31.224181467925614, 30.002102666627838 ], [ 31.22418192604119, 30.002101855377699 ], [ 31.224182390342747, 30.002101046015511 ], [ 31.224182862838731, 30.002100242177345 ], [ 31.224183341520696, 30.002099440227152 ], [ 31.224183824283791, 30.002098641940979 ], [ 31.224184315273448, 30.002097847374792 ], [ 31.224184812416947, 30.00209705650061 ], [ 31.224185313641591, 30.002096269290437 ], [ 31.224185823092782, 30.002095485800268 ], [ 31.22418633872995, 30.00209470419804 ], [ 31.224186860488846, 30.002093928091863 ], [ 31.224187386328868, 30.002093155649728 ], [ 31.224187920395437, 30.002092386927576 ], [ 31.224188460615867, 30.002091621897389 ], [ 31.224189004917427, 30.002090860531279 ], [ 31.224189557413414, 30.002090104689195 ], [ 31.224190114022669, 30.002089350707074 ], [ 31.224190678826346, 30.002088602248978 ], [ 31.224191247711158, 30.002087857454935 ], [ 31.224191822749816, 30.002087116352872 ], [ 31.224192403942322, 30.002086378942831 ], [ 31.224192991288678, 30.002085645224781 ], [ 31.224193582684038, 30.002084916974837 ], [ 31.224194182305943, 30.002084192444848 ], [ 31.224194785976859, 30.002083473382946 ], [ 31.224195395833753, 30.00208275620901 ], [ 31.224196009707523, 30.002082046307191 ], [ 31.224196631839973, 30.002081338321315 ], [ 31.224197258021434, 30.002080635803509 ], [ 31.224197890356734, 30.002079936977701 ], [ 31.224198528813762, 30.002079243647955 ], [ 31.224199171351913, 30.002078553982262 ], [ 31.224199820011783, 30.002077869812595 ], [ 31.224200474793356, 30.002077191139001 ], [ 31.224201133688204, 30.002076514325392 ], [ 31.224201798672635, 30.00207584481187 ], [ 31.224202469810912, 30.00207517899036 ], [ 31.22420314503033, 30.002074516832877 ], [ 31.224203824298755, 30.002073860143504 ], [ 31.224204511761599, 30.002073208978135 ], [ 31.224205201200736, 30.002072563252892 ], [ 31.224205898866426, 30.002071921247612 ], [ 31.224257188168973, 30.002014635194538 ], [ 31.224288844805947, 30.001964065776889 ], [ 31.224340387949763, 30.001866212872333 ], [ 31.224340708141796, 30.001814592675508 ], [ 31.224356855602405, 30.001737685037085 ], [ 31.224495768988149, 30.001454623743665 ], [ 31.224429352153027, 30.001430296458285 ], [ 31.224222103644035, 30.001980280784981 ], [ 31.224221747766329, 30.001980822742034 ], [ 31.224221385734769, 30.001981361007097 ], [ 31.22422101544451, 30.001981897356242 ], [ 31.224220641105244, 30.001982428237277 ], [ 31.224220260612132, 30.001982955426321 ], [ 31.224219873965151, 30.001983478923346 ], [ 31.224219479123757, 30.00198399689635 ], [ 31.224219082241778, 30.00198451303735 ], [ 31.224218677165382, 30.001985023654303 ], [ 31.224218265935125, 30.001985530579258 ], [ 31.224217850655844, 30.001986032036118 ], [ 31.224217427117885, 30.001986531577064 ], [ 31.224216999530913, 30.0019870256499 ], [ 31.224216565822207, 30.001987514226705 ], [ 31.224216128032353, 30.001987999139441 ], [ 31.224215682015945, 30.001988480332223 ], [ 31.224215234023227, 30.001988956084862 ], [ 31.224214777836078, 30.001989426313497 ], [ 31.224214317567789, 30.001989892878083 ], [ 31.224213851177762, 30.001990353946599 ], [ 31.224213378633888, 30.001990811323118 ], [ 31.224212902041007, 30.001991263231563 ], [ 31.224212421366971, 30.001991711475956 ], [ 31.224211932498502, 30.001992154196298 ], [ 31.224211441653726, 30.001992591476551 ], [ 31.224210944687229, 30.001993023260724 ], [ 31.224210441599009, 30.001993449548838 ], [ 31.224209934429645, 30.001993872172918 ], [ 31.22420942321126, 30.001994289328895 ], [ 31.224208905871158, 30.001994700988838 ], [ 31.224208384482029, 30.001995107180651 ], [ 31.224207859043894, 30.001995507904411 ], [ 31.224207327484038, 30.00199590313208 ], [ 31.224206791843024, 30.00199629469574 ], [ 31.22420625218513, 30.001996678987233 ], [ 31.224205708478216, 30.001997057810634 ], [ 31.224205160722292, 30.001997431165954 ], [ 31.224204606812517, 30.001997800829262 ], [ 31.224204048885856, 30.001998163220414 ], [ 31.224203488982873, 30.001998520171451 ], [ 31.224202922958181, 30.001998871626416 ], [ 31.224202352916603, 30.001999215809263 ], [ 31.224201778793876, 30.001999556328052 ], [ 31.22420120065426, 30.001999889574709 ], [ 31.22420062053834, 30.00200021738123 ], [ 31.224200034300701, 30.002000539691682 ], [ 31.224199446086743, 30.002000856562024 ], [ 31.224198851783207, 30.002001166132242 ], [ 31.224198255503353, 30.002001470262332 ], [ 31.224197655174486, 30.002001768924345 ], [ 31.224197052869307, 30.002002062146239 ], [ 31.224196446547243, 30.002002348095974 ], [ 31.224195836176172, 30.002002628577607 ], [ 31.224195221788211, 30.002002901787115 ], [ 31.224194605423943, 30.002003169556481 ], [ 31.224193985042795, 30.002003430053712 ], [ 31.22419336058049, 30.002003686886898 ], [ 31.224192736278852, 30.002003934699818 ], [ 31.224192105855497, 30.00200417701668 ], [ 31.224191473455836, 30.002004413893427 ], [ 31.224190839111991, 30.002004643525989 ], [ 31.224190202791839, 30.002004867718441 ], [ 31.224189562454804, 30.002005084638739 ], [ 31.224188918068748, 30.002005296090925 ], [ 31.224188273811222, 30.002005500326906 ], [ 31.224187625536828, 30.002005697290755 ], [ 31.224186975286113, 30.002005888814473 ], [ 31.224186323059097, 30.002006074898066 ], [ 31.224185668920033, 30.00200625193343 ], [ 31.224185010699824, 30.002006425304756 ], [ 31.224184352640282, 30.002006589655821 ], [ 31.224183690531721, 30.00200674853879 ], [ 31.224183028551685, 30.002006900205544 ], [ 31.22418236252264, 30.002007046404213 ], [ 31.224181696622125, 30.002007185386663 ], [ 31.224181028777441, 30.002007317124942 ], [ 31.224180358988569, 30.002007441619032 ], [ 31.224179687223405, 30.002007560673007 ], [ 31.224179013514053, 30.002007672482819 ], [ 31.224178339901105, 30.002007778880451 ], [ 31.224177662303408, 30.002007876201894 ], [ 31.224176984802114, 30.002007968111165 ], [ 31.224176307397215, 30.002008054608304 ], [ 31.224175628080278, 30.002008132057203 ], [ 31.224174946787034, 30.002008204065969 ], [ 31.22417426562232, 30.002008268858514 ], [ 31.224173582513433, 30.002008326406905 ], [ 31.224172899500946, 30.002008378543128 ], [ 31.224172214544279, 30.002008423435182 ], [ 31.224171529716148, 30.002008461111021 ], [ 31.224170845016552, 30.002008491570642 ], [ 31.224170158372779, 30.002008514786095 ], [ 31.224169473898119, 30.00200853261736 ], [ 31.224168785406572, 30.002008543176469 ], [ 31.22416809911627, 30.002008546547337 ], [ 31.224167410849656, 30.002008544478091 ], [ 31.224166724816417, 30.002008533416529 ], [ 31.224166036806874, 30.00200851691487 ], [ 31.224165348925858, 30.002008493196993 ], [ 31.224164661141241, 30.00200846406694 ], [ 31.224163975590013, 30.002008425944613 ], [ 31.224163288062464, 30.002008382382161 ], [ 31.224162600663455, 30.002008331603498 ], [ 31.224161915465682, 30.002008273636598 ], [ 31.22416122829161, 30.002008210229544 ], [ 31.224160543350909, 30.00200813783022 ], [ 31.224159858474469, 30.002008061822782 ], [ 31.2241591737587, 30.002007976795085 ], [ 31.224158491244179, 30.002007884579157 ], [ 31.224157808826057, 30.002007786951047 ], [ 31.224157126536465, 30.002007682106747 ], [ 31.224156446448113, 30.00200757007422 ], [ 31.224155766456164, 30.00200745262951 ], [ 31.224155088665466, 30.002007327996566 ], [ 31.22415441100329, 30.002007196147424 ], [ 31.224153735510225, 30.002007058914071 ], [ 31.224153062250537, 30.002006912688437 ], [ 31.224152389087244, 30.002006761050648 ], [ 31.224151718093065, 30.002006604028672 ], [ 31.224151047227426, 30.002006439790485 ], [ 31.224150378563017, 30.002006268364045 ], [ 31.224149712099862, 30.002006089749379 ], [ 31.224149047805803, 30.002005905750519 ], [ 31.224148385712997, 30.002005714563413 ], [ 31.224147723716587, 30.00200551796415 ], [ 31.224147065994135, 30.002005314204631 ], [ 31.224146408400205, 30.002005103228878 ], [ 31.224145755048099, 30.002004886896916 ], [ 31.224145101824526, 30.002004663348771 ], [ 31.224144452842761, 30.002004434444359 ], [ 31.224143806062241, 30.002004198351731 ], [ 31.224143159378137, 30.002003956846963 ], [ 31.224142516967969, 30.00200370818191 ], [ 31.224141876726918, 30.002003454132648 ], [ 31.224141240759806, 30.002003192923127 ], [ 31.224140606961814, 30.002002926329428 ], [ 31.224139975365059, 30.002002652547471 ], [ 31.224139345937409, 30.002002373381337 ], [ 31.224138720783714, 30.002002087054937 ], [ 31.224138097799131, 30.002001795344327 ], [ 31.224137476983646, 30.002001498249555 ], [ 31.224136860442123, 30.002001193994495 ], [ 31.224136248142401, 30.002000884383229 ], [ 31.224135638011809, 30.002000569387764 ], [ 31.224135032155147, 30.002000247232033 ], [ 31.224134428467607, 30.001999919692114 ], [ 31.22413382902187, 30.001999586795968 ], [ 31.224133233850097, 30.001999246739544 ], [ 31.224132640847419, 30.001998901298954 ], [ 31.224132052086571, 30.001998550502137 ], [ 31.224131467567531, 30.001998194349081 ], [ 31.224130887290301, 30.001997832839844 ], [ 31.224130309182183, 30.001997465946381 ], [ 31.224129735348022, 30.001997091892676 ], [ 31.224129167828377, 30.001996712510717 ], [ 31.224128602445717, 30.001996329548607 ], [ 31.224128041337, 30.00199593942623 ], [ 31.224127484470092, 30.001995543947647 ], [ 31.224126931845007, 30.001995143112829 ], [ 31.224126383461734, 30.001994736921812 ], [ 31.224125841360848, 30.001994327206575 ], [ 31.224125301461211, 30.00199391030311 ], [ 31.224124767876095, 30.001993488071399 ], [ 31.224124236427951, 30.001993062259533 ], [ 31.224123711294329, 30.001992631119457 ], [ 31.224123190434653, 30.001992192819078 ], [ 31.224122675857366, 30.001991750994495 ], [ 31.224122163417064, 30.001991305589794 ], [ 31.224121657323405, 30.001990853052796 ], [ 31.224121157512144, 30.00199039699158 ], [ 31.224120659869989, 30.001989935546192 ], [ 31.224120168510218, 30.0019894705766 ], [ 31.224119683497104, 30.001988998474715 ], [ 31.224119202693672, 30.001988522820657 ], [ 31.224118726099924, 30.001988043614446 ], [ 31.224118255820699, 30.001987559079968 ], [ 31.224117789751141, 30.001987070993344 ], [ 31.224117329996123, 30.001986577578439 ], [ 31.224116874482906, 30.001986078807352 ], [ 31.224116427324788, 30.001985576540015 ], [ 31.224115982303637, 30.001985070692545 ], [ 31.224115545637581, 30.001984561348849 ], [ 31.224115113213347, 30.001984046648946 ], [ 31.224114685030926, 30.00198352659282 ], [ 31.224114265171455, 30.001983004844501 ], [ 31.224113849553802, 30.001982477739986 ], [ 31.224113440218545, 30.001981947111272 ], [ 31.224113037165662, 30.00198141295834 ], [ 31.224112638354601, 30.001980873449217 ], [ 31.224112245793787, 30.001980332219929 ], [ 31.224069050007703, 30.001744444477154 ], [ 31.223944990442813, 30.002058409033509 ], [ 31.223882523591001, 30.002098394284992 ], [ 31.223819934973314, 30.002083999710251 ], [ 31.223782213005396, 30.002000679179595 ], [ 31.223752857793187, 30.001928222683905 ], [ 31.223706414268865, 30.001674525856238 ], [ 31.223693178110906, 30.001351891158595 ], [ 31.223685100154071, 30.001228588133934 ], [ 31.223677984670903, 30.001152734400673 ], [ 31.223587745778488, 30.000797913128014 ], [ 31.223360281469141, 29.999978204926293 ], [ 31.223349519976768, 29.999939793741845 ], [ 31.223330541681062, 29.999795671357063 ], [ 31.223312163722298, 29.999687901209331 ], [ 31.22327584984156, 29.999392527421342 ], [ 31.223269411910231, 29.999340216902713 ], [ 31.223234123122833, 29.999132524245237 ], [ 31.223229291453261, 29.999104206191319 ], [ 31.223218785759336, 29.998994438271506 ], [ 31.223157058765576, 29.998966940063148 ], [ 31.22311887281754, 29.998390293851905 ], [ 31.22307414461169, 29.998270842966789 ], [ 31.223036860034693, 29.998003705203882 ], [ 31.223028704264657, 29.997971603368146 ], [ 31.222928739292644, 29.997575573007097 ], [ 31.222897198414952, 29.997374008355916 ], [ 31.222834139598817, 29.997353367127236 ], [ 31.222819619362976, 29.997348609327766 ], [ 31.222745602080266, 29.997154423463908 ], [ 31.22268221857005, 29.996988004220217 ], [ 31.222513471331467, 29.996512614577448 ], [ 31.222416585030334, 29.996239803218685 ], [ 31.222274210965214, 29.995785387515141 ], [ 31.222253113173711, 29.99566526486139 ], [ 31.22220346096298, 29.99538164004138 ], [ 31.222164611370044, 29.995295375164606 ], [ 31.222144093637862, 29.99524994257856 ], [ 31.222135341912985, 29.995182571183392 ], [ 31.222161773723418, 29.995137783575348 ], [ 31.222158511446203, 29.995022501439809 ], [ 31.22215411095571, 29.994860942325154 ], [ 31.222251312756491, 29.994857891944431 ], [ 31.222237286054458, 29.994655213913187 ], [ 31.222197760020599, 29.994590510733239 ], [ 31.222162400869916, 29.994582091605189 ], [ 31.222063356506141, 29.994269772298942 ], [ 31.222003562395276, 29.994178220627646 ], [ 31.221918894646844, 29.994132446564237 ], [ 31.221900967658723, 29.994086830596917 ], [ 31.221942271389537, 29.994066102833497 ], [ 31.221788404985467, 29.993334039314945 ], [ 31.22182304486045, 29.993298709877553 ], [ 31.221775964251385, 29.992912240441033 ], [ 31.221818493024223, 29.992883120344505 ], [ 31.221790468368116, 29.992580324305873 ], [ 31.220601876445947, 29.99250335169522 ], [ 31.219283524057381, 29.992417965312857 ], [ 31.219269715446522, 29.992423558272971 ], [ 31.218507920180667, 29.992423247164542 ], [ 31.218022522431184, 29.992423046711526 ], [ 31.217794349632324, 29.992418275794833 ], [ 31.215285666778723, 29.992401318205644 ], [ 31.214966744273749, 29.992398540143942 ], [ 31.214878419627016, 29.992397405505656 ], [ 31.214634427910937, 29.992394271392641 ], [ 31.214304851491313, 29.992390037167741 ], [ 31.213992429400079, 29.992386022243068 ], [ 31.213958294692251, 29.992385716077056 ], [ 31.213689134057311, 29.992383088613046 ], [ 31.213082311979232, 29.992374639314061 ], [ 31.212596129114587, 29.992367868734707 ], [ 31.212514074140412, 29.992366341261874 ], [ 31.212369205543705, 29.992363644916846 ], [ 31.211934572942237, 29.992355552756649 ], [ 31.21174004817599, 29.99235156765776 ], [ 31.211490690653893, 29.992346194855511 ], [ 31.211241074052868, 29.992340475208966 ], [ 31.211082407639719, 29.992339170670739 ], [ 31.210732774147299, 29.992336291578756 ], [ 31.210428304554434, 29.992333785591892 ], [ 31.210195937620973, 29.992331871350611 ], [ 31.21016091846554, 29.992331644202036 ], [ 31.21012341623981, 29.992330587504117 ], [ 31.209623045619285, 29.992316366227243 ], [ 31.209197036990986, 29.992304257286815 ], [ 31.208814913154601, 29.992298069166608 ], [ 31.208814679898214, 29.992309787893902 ], [ 31.208814365458629, 29.992325219136056 ], [ 31.208814044801372, 29.99234065029356 ], [ 31.208813715853918, 29.99235608133823 ], [ 31.208813378616295, 29.992371512270065 ], [ 31.208813033088486, 29.992386943089034 ], [ 31.208812681342973, 29.992402373823356 ], [ 31.208812319267185, 29.9924178026126 ], [ 31.208811953046165, 29.992433231345398 ], [ 31.208811576462477, 29.99244865993715 ], [ 31.208811193661052, 29.992464088444251 ], [ 31.208810802569431, 29.992479516838493 ], [ 31.208810403187602, 29.992494945119894 ], [ 31.208809997620449, 29.992510371512623 ], [ 31.208809583763081, 29.992525797792496 ], [ 31.208809161615481, 29.992541223959524 ], [ 31.208808731177665, 29.992556650013704 ], [ 31.208808294522104, 29.992572075983226 ], [ 31.208807913097925, 29.992585349959864 ], [ 31.208807849576313, 29.9925875018399 ], [ 31.208807398445185, 29.992602925807887 ], [ 31.208806936918922, 29.992618351438864 ], [ 31.208806469207307, 29.992633775181144 ], [ 31.208805995277935, 29.992649198838791 ], [ 31.208805511018227, 29.992664620551331 ], [ 31.208805423981044, 29.992667389243437 ], [ 31.20880502050835, 29.992680043983285 ], [ 31.208804521740621, 29.992695465498326 ], [ 31.208804016722723, 29.992710888732752 ], [ 31.208803501374472, 29.992726310022107 ], [ 31.208802981880932, 29.992741731254995 ], [ 31.208802452057029, 29.992757150542808 ], [ 31.208801913910452, 29.992772571521783 ], [ 31.208801369578484, 29.992787990612076 ], [ 31.208800819028738, 29.992803409617746 ], [ 31.208800258116202, 29.992818828482335 ], [ 31.208799690985881, 29.992834247262277 ], [ 31.208799115597657, 29.992849664125337 ], [ 31.208798531886732, 29.992865082679554 ], [ 31.208797941990415, 29.992880499345098 ], [ 31.208797341731287, 29.992895915869582 ], [ 31.208796735254349, 29.992911332309419 ], [ 31.208796122592002, 29.992926746860565 ], [ 31.208795501606932, 29.992942163102892 ], [ 31.208794872363953, 29.992957577428335 ], [ 31.208794234830645, 29.992972991640897 ], [ 31.208793591079509, 29.99298840576882 ], [ 31.208792936997941, 29.993003817951646 ], [ 31.208792278738645, 29.993019231882062 ], [ 31.208791610148911, 29.993034643867379 ], [ 31.208790935341334, 29.993050055768041 ], [ 31.208790252243404, 29.993065467555844 ], [ 31.208789560855134, 29.993080879230774 ], [ 31.208788863281416, 29.993096289017036 ], [ 31.208788157384941, 29.99311170049447 ], [ 31.208787443230509, 29.993127110054989 ], [ 31.208786722858214, 29.993142519530871 ], [ 31.208785994227945, 29.993157927089847 ], [ 31.208785257274911, 29.993173336340007 ], [ 31.208784512063911, 29.993188743673272 ], [ 31.208783760635022, 29.993204150921883 ], [ 31.208783000915766, 29.993219558057614 ], [ 31.208782234978628, 29.993234965108716 ], [ 31.208781458710991, 29.993250370214689 ], [ 31.208744848793724, 29.993960705224033 ], [ 31.208717848163676, 29.995246761879621 ], [ 31.208706371518879, 29.995754590000498 ], [ 31.208573764535863, 29.998817210227109 ], [ 31.208559746925477, 29.999140948512334 ], [ 31.208537496449786, 29.999713708159497 ], [ 31.208535872146591, 29.999755535501528 ], [ 31.20853519687558, 29.999772926890291 ], [ 31.208538111792183, 29.9997746537545 ], [ 31.208542058388971, 29.999776999161785 ], [ 31.208546000743421, 29.999779349924633 ], [ 31.208549938823133, 29.999781707847092 ], [ 31.208553872692931, 29.999784069321095 ], [ 31.208557802320392, 29.999786436150671 ], [ 31.208561727673111, 29.999788810139869 ], [ 31.208565648815917, 29.9997911876806 ], [ 31.208569565683973, 29.999793572380927 ], [ 31.208573476237067, 29.99979596240863 ], [ 31.208577384652877, 29.999798356016093 ], [ 31.208581288793951, 29.999800756783156 ], [ 31.208585186620052, 29.999803162877601 ], [ 31.208589082276475, 29.99980557435584 ], [ 31.208592971617922, 29.999807991161436 ], [ 31.208596856717033, 29.999810413322599 ], [ 31.208605018060034, 29.99981541093581 ], [ 31.208613181541335, 29.999820404968677 ], [ 31.208621351338614, 29.9998253936736 ], [ 31.208629525411663, 29.999830375218313 ], [ 31.208637703695661, 29.999835353210898 ], [ 31.20864588415035, 29.999840325819097 ], [ 31.208654073026096, 29.999845291323517 ], [ 31.208662264040129, 29.999850253247597 ], [ 31.208670459329927, 29.999855208011478 ], [ 31.20867865883065, 29.999860159223214 ], [ 31.208686864679787, 29.999865103302952 ], [ 31.208695072667204, 29.999870043802343 ], [ 31.208703287003029, 29.999874977169736 ], [ 31.20871150558219, 29.999879905180972 ], [ 31.208719726299645, 29.99988482961183 ], [ 31.2087279533655, 29.999889746910711 ], [ 31.208736184674692, 29.999894658853414 ], [ 31.208744420227234, 29.999899565439925 ], [ 31.208752660023105, 29.999904466670255 ], [ 31.20876090406232, 29.999909362544418 ], [ 31.208769154417524, 29.999914253090605 ], [ 31.208777406943426, 29.999919138252409 ], [ 31.208785663712657, 29.999924018058035 ], [ 31.208793926797881, 29.999928892535682 ], [ 31.208802192053788, 29.999933761628938 ], [ 31.208810463658093, 29.999938623590175 ], [ 31.20881873947333, 29.999943481999271 ], [ 31.208827017459253, 29.999948335023959 ], [ 31.208829423651302, 29.999949876315046 ], [ 31.208831832013303, 29.999951412222195 ], [ 31.208834246658135, 29.999952944605859 ], [ 31.208836665545547, 29.999954471633785 ], [ 31.208839088675546, 29.999955993305953 ], [ 31.208841516048142, 29.999957509622394 ], [ 31.208843945590672, 29.999959020554915 ], [ 31.208846381448449, 29.999960526159871 ], [ 31.208848821548806, 29.999962026409111 ], [ 31.208851265891749, 29.999963521302597 ], [ 31.208853714477279, 29.999965010840359 ], [ 31.208856167272994, 29.999966496826421 ], [ 31.208858624343705, 29.999967975652705 ], [ 31.208861085624584, 29.999969450927264 ], [ 31.208863551180471, 29.999970919042056 ], [ 31.208866018873888, 29.999972383576949 ], [ 31.208868492914942, 29.999973840980278 ], [ 31.208870971166174, 29.999975294831881 ], [ 31.208873451587351, 29.999976743299566 ], [ 31.208875938356169, 29.999978184635673 ], [ 31.208878429335154, 29.999979622420071 ], [ 31.208880922484095, 29.999981054820505 ], [ 31.208883419875612, 29.999982481865214 ], [ 31.208885921542116, 29.999983901750145 ], [ 31.208888427418813, 29.999985318083372 ], [ 31.20889093753809, 29.999986729060847 ], [ 31.208893451899943, 29.999988134682582 ], [ 31.208895970536791, 29.999989533144529 ], [ 31.208898569326362, 29.999990970591302 ], [ 31.208901174431166, 29.999992402710529 ], [ 31.208903781738311, 29.999993827641774 ], [ 31.208906393288053, 29.999995247217253 ], [ 31.208909009080386, 29.999996661436988 ], [ 31.208911631187945, 29.999998070329191 ], [ 31.208914255497856, 29.999999472033398 ], [ 31.208916884017949, 30.000000870185893 ], [ 31.208919516813037, 30.000002261178601 ], [ 31.208922151810469, 30.000003644983334 ], [ 31.208924793090723, 30.000005025264549 ], [ 31.20892743657333, 30.00000639835778 ], [ 31.208930086371161, 30.000007766123449 ], [ 31.208932738371342, 30.000009126701137 ], [ 31.208935394581705, 30.000010483727138 ], [ 31.208938055067055, 30.000011833593334 ], [ 31.208940719794988, 30.000013178103764 ], [ 31.208943388797913, 30.000014515454414 ], [ 31.208946059970774, 30.000015847421118 ], [ 31.208948735386226, 30.000017174032074 ], [ 31.208951415044261, 30.000018495287279 ], [ 31.208954098977287, 30.000019809382692 ], [ 31.208956787152889, 30.000021118122337 ], [ 31.208959477530833, 30.000022419674014 ], [ 31.208962174191605, 30.000023717702181 ], [ 31.208964870982069, 30.000025008514111 ], [ 31.20896757412017, 30.000026292194491 ], [ 31.208970281500854, 30.000027570519116 ], [ 31.208972991051461, 30.000028843459777 ], [ 31.208975704844661, 30.000030111044687 ], [ 31.208978420840197, 30.000031371441601 ], [ 31.208981141078322, 30.000032626482763 ], [ 31.208983865591421, 30.000033874364124 ], [ 31.208986594347103, 30.000035116889737 ], [ 31.208989325272707, 30.000036354031408 ], [ 31.208992060473317, 30.000037584013263 ], [ 31.208994799916496, 30.000038808639378 ], [ 31.208997541529602, 30.000040027881539 ], [ 31.209000287417695, 30.000041239963881 ], [ 31.209003037548371, 30.00004244669049 ], [ 31.209005789881374, 30.000043646229077 ], [ 31.209008546456953, 30.000044840411931 ], [ 31.209011305234874, 30.000046027406785 ], [ 31.209014068222967, 30.000047210849903 ], [ 31.20901683551844, 30.000048385329215 ], [ 31.209019604951443, 30.000049556228582 ], [ 31.209022378691827, 30.000050718164132 ], [ 31.209025154569733, 30.000051876519741 ], [ 31.209027934722624, 30.00005302771558 ], [ 31.209030717077844, 30.000054171723409 ], [ 31.209033503675641, 30.000055310375465 ], [ 31.209036294516014, 30.000056443671784 ], [ 31.209039087558715, 30.000057569780083 ], [ 31.209041882771334, 30.00005869050441 ], [ 31.209044682258938, 30.000059804068965 ], [ 31.209047483916468, 30.000060912249555 ], [ 31.209050289848967, 30.00006201327033 ], [ 31.209053100024043, 30.000063108935358 ], [ 31.209055912401443, 30.000064197412375 ], [ 31.209058726948776, 30.000065280505453 ], [ 31.20906154573867, 30.000066358242748 ], [ 31.209064366763304, 30.000067426988004 ], [ 31.209067189925449, 30.000068492153332 ], [ 31.209070017362571, 30.000069550158866 ], [ 31.209072847002009, 30.000070600976407 ], [ 31.209075680884023, 30.000071646438169 ], [ 31.209078516968376, 30.000072684711931 ], [ 31.209081357295279, 30.000073717629938 ], [ 31.209084199792098, 30.000074745163982 ], [ 31.209087044491255, 30.000075765510019 ], [ 31.209089891392722, 30.000076778668046 ], [ 31.209092742536765, 30.000077786470307 ], [ 31.209095597955777, 30.000078787112784 ], [ 31.209098453472048, 30.000079782343068 ], [ 31.2091013132633, 30.000080770413575 ], [ 31.209104175256865, 30.000081751296054 ], [ 31.209107039387941, 30.000082728598613 ], [ 31.209109907826395, 30.000083696937342 ], [ 31.209112778434758, 30.000084659892096 ], [ 31.209115651245451, 30.000085615658833 ], [ 31.209118528298699, 30.000086566069811 ], [ 31.209121407521867, 30.00008751109684 ], [ 31.209124286907091, 30.000088447103607 ], [ 31.209127172575137, 30.000089379586846 ], [ 31.20913005840525, 30.000090303049831 ], [ 31.209132948477915, 30.000091221157053 ], [ 31.209135838647857, 30.00009213385211 ], [ 31.209138733092761, 30.000093039387355 ], [ 31.209141629739968, 30.000093937734601 ], [ 31.209144530662144, 30.000094828922052 ], [ 31.209147431649178, 30.000095716501349 ], [ 31.209150336943576, 30.000096595116801 ], [ 31.209153242335237, 30.000097468320106 ], [ 31.209156152001853, 30.000098334363575 ], [ 31.209159063838381, 30.000099195023079 ], [ 31.209161977877212, 30.000100048494577 ], [ 31.209164894118359, 30.000100894778086 ], [ 31.209167814602068, 30.000101735705805 ], [ 31.209170735183026, 30.000102571221348 ], [ 31.209173657998697, 30.000103397744862 ], [ 31.209176585056923, 30.000104218912593 ], [ 31.209179512212401, 30.000105034668149 ], [ 31.20918244367525, 30.00010584145986 ], [ 31.209185375235343, 30.000106642839398 ], [ 31.209188311037988, 30.000107438863164 ], [ 31.209191246970292, 30.000108227670726 ], [ 31.209194187177552, 30.000109009318475 ], [ 31.209197127514464, 30.000109783750009 ], [ 31.209200072093935, 30.000110552825777 ], [ 31.209203016770648, 30.00011131648936 ], [ 31.209205965754723, 30.000112071189097 ], [ 31.209208914836037, 30.000112820476669 ], [ 31.209211868192313, 30.000113562604422 ], [ 31.209214821645833, 30.000114299320007 ], [ 31.209217777301657, 30.000115028847574 ], [ 31.209220735159775, 30.000115751187135 ], [ 31.209223695187799, 30.000116468142707 ], [ 31.209226657418125, 30.000117177910283 ], [ 31.209229621850746, 30.000117880489842 ], [ 31.209232588453254, 30.00011857768542 ], [ 31.209235555185415, 30.000119267664786 ], [ 31.209238526192525, 30.000119950484343 ], [ 31.20924149729688, 30.000120627891718 ], [ 31.209244470603526, 30.000121298111086 ], [ 31.209247446112474, 30.000121961142433 ], [ 31.209250421751065, 30.000122616957569 ], [ 31.209253401632193, 30.000123267416942 ], [ 31.209256381642966, 30.000123910660093 ], [ 31.209259363823637, 30.000124548519253 ], [ 31.209262348238997, 30.000125177386394 ], [ 31.209265334824256, 30.000125800869512 ], [ 31.209268321506745, 30.000126418940482 ], [ 31.209271310423929, 30.000127028019385 ], [ 31.209274301511002, 30.000127631714321 ], [ 31.209277292695326, 30.000128229997092 ], [ 31.209280288186978, 30.000128819315982 ], [ 31.209283283775864, 30.000129403222708 ], [ 31.209286279494385, 30.000129979913229 ], [ 31.209289279487852, 30.000130549443917 ], [ 31.209292279578559, 30.000131113562432 ], [ 31.209295279798901, 30.000131670464743 ], [ 31.209298284294171, 30.00013222020722 ], [ 31.209301288886675, 30.000132764537529 ], [ 31.209304293641225, 30.000133299847576 ], [ 31.209307302638297, 30.000133829801847 ], [ 31.209310309659962, 30.000134354315744 ], [ 31.209313320988951, 30.000134869865775 ], [ 31.209316332415181, 30.000135380003655 ], [ 31.209319346043685, 30.00013588295349 ], [ 31.209322359801828, 30.000136378687113 ], [ 31.209325375729843, 30.000136869036766 ], [ 31.209328391787487, 30.000137352170192 ], [ 31.209331410047422, 30.000137828115594 ], [ 31.209334428436968, 30.00013829684481 ], [ 31.209337448996404, 30.000138760190012 ], [ 31.209340471758118, 30.000139216347208 ], [ 31.20934349464946, 30.000139665288174 ], [ 31.209346517638018, 30.000140108816989 ], [ 31.209349542861261, 30.000140543353734 ], [ 31.209352570254378, 30.000140972506486 ], [ 31.209355595704469, 30.000141394414836 ], [ 31.209569835369702, 30.00017327460974 ], [ 31.211048608633352, 30.000374407199676 ], [ 31.211192707436407, 30.000399623772633 ], [ 31.211303804625995, 30.0004191225905 ], [ 31.211407153183913, 30.000437305204908 ], [ 31.211431965090796, 30.000441680825617 ], [ 31.211560046406021, 30.000464263124446 ], [ 31.211632938205955, 30.000477128911847 ], [ 31.211725352652124, 30.000493482730445 ], [ 31.21174443564675, 30.000496861969541 ], [ 31.211747968440701, 30.000497548757515 ], [ 31.211751501331765, 30.000498230133292 ], [ 31.21175503639261, 30.000498906125024 ], [ 31.211758571615285, 30.000499573096452 ], [ 31.211762108975389, 30.00050023648787 ], [ 31.211765648569983, 30.000500890887178 ], [ 31.211769188261691, 30.000501539874254 ], [ 31.211772730123172, 30.00050218347728 ], [ 31.211776274186782, 30.000502819892208 ], [ 31.211779816307217, 30.000503449062741 ], [ 31.211783362670083, 30.00050407287738 ], [ 31.211786909162413, 30.000504689475775 ], [ 31.211790455784222, 30.000505298857892 ], [ 31.211794004575793, 30.000505902855963 ], [ 31.211797555537142, 30.000506501470003 ], [ 31.211801164500663, 30.000507102676504 ], [ 31.211804775666309, 30.00050769669491 ], [ 31.211808389034086, 30.000508283525217 ], [ 31.211812002498963, 30.000508864943306 ], [ 31.211815616125673, 30.000509437341115 ], [ 31.211819231889798, 30.000510006158908 ], [ 31.211822847815739, 30.000510565956382 ], [ 31.211826465911454, 30.000511120369804 ], [ 31.211830084136626, 30.000511667566993 ], [ 31.211833704563922, 30.000512207576058 ], [ 31.211837325088322, 30.000512742172923 ], [ 31.211840947814853, 30.000513269581699 ], [ 31.211842399425024, 30.000513478774931 ], [ 31.211844570670838, 30.000513789774196 ], [ 31.21184819365628, 30.00051430275045 ], [ 31.211851818811486, 30.000514810342633 ], [ 31.211855444096162, 30.000515310718583 ], [ 31.211859071582946, 30.000515803906413 ], [ 31.211862697094169, 30.000516291653884 ], [ 31.21186632688017, 30.000516772241401 ], [ 31.211869954722967, 30.000517245584515 ], [ 31.21187358476789, 30.000517711739526 ], [ 31.211877216982558, 30.000518172510464 ], [ 31.211880847286373, 30.00051862423296 ], [ 31.211884479759956, 30.000519070571389 ], [ 31.211888114403287, 30.000519511525773 ], [ 31.211891747103408, 30.000519945235727 ], [ 31.211895382038005, 30.000520369953559 ], [ 31.211899019110003, 30.000520791091343 ], [ 31.211902654271135, 30.0005212031807 ], [ 31.211906291602023, 30.000521609885975 ], [ 31.211909929062358, 30.00052200937499 ], [ 31.211913566652143, 30.000522401647768 ], [ 31.211917206444031, 30.000522786732429 ], [ 31.211920846333015, 30.000523166404875 ], [ 31.211924486351439, 30.000523538861074 ], [ 31.211928126499298, 30.000523904100998 ], [ 31.211931768816914, 30.000524263956855 ], [ 31.211935409223667, 30.000524614764284 ], [ 31.211939051800169, 30.000524960187647 ], [ 31.211942694473759, 30.000525300198767 ], [ 31.211946339381804, 30.000525631217748 ], [ 31.21194998231427, 30.000525956796366 ], [ 31.211953627448828, 30.0005262751869 ], [ 31.211957272712841, 30.000526586361136 ], [ 31.211960918106275, 30.00052689031914 ], [ 31.211964563596794, 30.000527188864918 ], [ 31.211968209216753, 30.000527480194428 ], [ 31.211971857038812, 30.000527764335853 ], [ 31.211975502885277, 30.000528043036873 ], [ 31.211979150966197, 30.000528312745768 ], [ 31.211982799144188, 30.000528577042449 ], [ 31.211986447451618, 30.000528834122868 ], [ 31.211990095856127, 30.000529085791069 ], [ 31.211993744422422, 30.000529328438951 ], [ 31.211997393085792, 30.000529565674618 ], [ 31.212000033366373, 30.000529733271737 ], [ 31.212001041846225, 30.000529797498078 ], [ 31.212004690768453, 30.000530020301234 ], [ 31.212008339820105, 30.000530235888135 ], [ 31.212011991041486, 30.000530446090956 ], [ 31.212015640319638, 30.000530649049363 ], [ 31.212019291767522, 30.000530846623715 ], [ 31.212022941304518, 30.000531035149606 ], [ 31.212026593011249, 30.000531218291446 ], [ 31.212030242774745, 30.000531394188869 ], [ 31.212033892667648, 30.00053156287002 ], [ 31.2120375447303, 30.000531726167086 ], [ 31.212041194849697, 30.000531882219768 ], [ 31.212044847171185, 30.000532031084333 ], [ 31.212048497549414, 30.000532172704478 ], [ 31.212052148057079, 30.000532307108365 ], [ 31.212055800734465, 30.0005324361282 ], [ 31.212059451468605, 30.000532557903593 ], [ 31.212063102332159, 30.00053267246275 ], [ 31.212066753292781, 30.000532781609682 ], [ 31.212070404415158, 30.000532881736291 ], [ 31.212074055634606, 30.000532976450682 ], [ 31.212077706983472, 30.000533063948822 ], [ 31.212081356356727, 30.0005331460066 ], [ 31.212085007964408, 30.000533219072217 ], [ 31.212088657596485, 30.000533286697458 ], [ 31.212092307357977, 30.000533347106433 ], [ 31.21209595724887, 30.000533400299148 ], [ 31.212099607236834, 30.000533448079647 ], [ 31.212103257354194, 30.000533488643882 ], [ 31.212106907600973, 30.000533521991869 ], [ 31.212110555904488, 30.000533548095401 ], [ 31.21211420641006, 30.00053356701088 ], [ 31.212117854940029, 30.000533580485943 ], [ 31.212121503599406, 30.000533586744751 ], [ 31.212125150315533, 30.000533585759154 ], [ 31.212128799233707, 30.00053357758544 ], [ 31.212132446176284, 30.000533563971363 ], [ 31.212136093248251, 30.000533543141021 ], [ 31.212136406349426, 30.000533540176477 ], [ 31.212139740449619, 30.000533515094407 ], [ 31.212143387780394, 30.000533479831518 ], [ 31.212147033135548, 30.000533439128276 ], [ 31.212150678620102, 30.000533391208766 ], [ 31.212154324234056, 30.000533336072991 ], [ 31.21215796790473, 30.000533273692792 ], [ 31.212161611672464, 30.000533205900375 ], [ 31.212165255601942, 30.000533129087685 ], [ 31.212168899628463, 30.000533046862738 ], [ 31.212172541679365, 30.000532959197439 ], [ 31.212176183892016, 30.000532862511829 ], [ 31.212179826201695, 30.000532760413986 ], [ 31.212183466568103, 30.000532651071726 ], [ 31.212187107063915, 30.000532534513219 ], [ 31.212190745616436, 30.000532410710289 ], [ 31.21219438633868, 30.000532281523295 ], [ 31.212198023044969, 30.000532145063719 ], [ 31.212201661953319, 30.000532001416062 ], [ 31.212205298918384, 30.000531850523952 ], [ 31.212208935980492, 30.000531694219656 ], [ 31.212212571099322, 30.000531530670909 ], [ 31.212216206347531, 30.000531359905924 ], [ 31.212219839652473, 30.000531181896513 ], [ 31.212223473054443, 30.000530998474883 ], [ 31.212227106585797, 30.000530807836999 ], [ 31.212230738173862, 30.000530609954705 ], [ 31.212234369891306, 30.000530404856121 ], [ 31.212237999633128, 30.000530194317179 ], [ 31.212241629504327, 30.000529976561971 ], [ 31.212245257432247, 30.000529751562333 ], [ 31.21224888548954, 30.000529519346468 ], [ 31.212252511571194, 30.000529281690216 ], [ 31.212256137782227, 30.000529036817685 ], [ 31.212259764122638, 30.000528784728917 ], [ 31.212263386447098, 30.000528525367571 ], [ 31.21226701094124, 30.000528260622144 ], [ 31.212270616910818, 30.000527988407061 ], [ 31.212274220904746, 30.000527710751623 ], [ 31.212277824995709, 30.000527427683966 ], [ 31.212281429248389, 30.000527135595991 ], [ 31.212285031525429, 30.000526838067657 ], [ 31.212288631859163, 30.000526533294916 ], [ 31.212292232322284, 30.000526221305893 ], [ 31.212295830809758, 30.000525903876504 ], [ 31.21229942735393, 30.000525579202701 ], [ 31.212303024027477, 30.000525247312648 ], [ 31.212306620798032, 30.000524910010373 ], [ 31.212310215625301, 30.000524565463664 ], [ 31.212313808509268, 30.000524213672573 ], [ 31.21231739944994, 30.000523854637031 ], [ 31.212320990487626, 30.000523490189298 ], [ 31.212324579582013, 30.000523118497135 ], [ 31.212328168805751, 30.000522739588732 ], [ 31.21233175605385, 30.00052235523993 ], [ 31.212335341358649, 30.000521963646737 ], [ 31.212338924720143, 30.000521564809105 ], [ 31.212342508178644, 30.000521160559288 ], [ 31.212346089693842, 30.000520749065032 ], [ 31.212349671338405, 30.000520330354533 ], [ 31.212353251039659, 30.000519904399606 ], [ 31.212356828765259, 30.000519473004307 ], [ 31.212360404547553, 30.000519034364604 ], [ 31.212363978354183, 30.000518590284518 ], [ 31.212367552322526, 30.000518137184159 ], [ 31.212371124315208, 30.000517678643394 ], [ 31.2123746964049, 30.000517214690419 ], [ 31.212378264478613, 30.000516743464889 ], [ 31.212381832681682, 30.000516265023098 ], [ 31.212385398941436, 30.000515779336904 ], [ 31.212388963257869, 30.000515286406284 ], [ 31.212392525598656, 30.000514788035296 ], [ 31.212396088036439, 30.000514284252084 ], [ 31.212399648563252, 30.000513771420426 ], [ 31.212403207114402, 30.000513253148398 ], [ 31.212406763689888, 30.000512729436 ], [ 31.212410318354415, 30.000512196675139 ], [ 31.212413873115935, 30.000511658502074 ], [ 31.212417423861467, 30.000511113056437 ], [ 31.212420974704003, 30.000510562198585 ], [ 31.212424523603218, 30.000510004096316 ], [ 31.21242807055911, 30.000509438749649 ], [ 31.212431615539337, 30.000508867962612 ], [ 31.212435158576252, 30.000508289931147 ], [ 31.212438701742499, 30.000507704683432 ], [ 31.212442240860408, 30.000507113967199 ], [ 31.212445780107657, 30.000506516034701 ], [ 31.212449315338926, 30.000505910829652 ], [ 31.212452850667187, 30.000505300212389 ], [ 31.212456384052114, 30.000504682350719 ], [ 31.212459913421053, 30.00050405721645 ], [ 31.212463442886996, 30.000503426669994 ], [ 31.21246697040959, 30.000502788879132 ], [ 31.212470495988871, 30.000502143843867 ], [ 31.212474019592474, 30.000501493368201 ], [ 31.212477541252742, 30.000500835648158 ], [ 31.212481060937336, 30.00050017248773 ], [ 31.212484578678598, 30.000499502082889 ], [ 31.212488094476534, 30.000498824433652 ], [ 31.212491608298787, 30.000498141344043 ], [ 31.212495120177707, 30.000497451010016 ], [ 31.212498628040631, 30.000496753403443 ], [ 31.212502136000545, 30.000496050384641 ], [ 31.212505642017117, 30.000495340121454 ], [ 31.212509146058007, 30.000494624417861 ], [ 31.212512646115233, 30.000493899637704 ], [ 31.212516146237114, 30.000493171249367 ], [ 31.212519644447983, 30.000492433812578 ], [ 31.212523138610525, 30.000491690907268 ], [ 31.212526630797374, 30.000490942561587 ], [ 31.212530121073229, 30.000490185167468 ], [ 31.212533609341047, 30.000489424137015 ], [ 31.212537095697876, 30.000488654058131 ], [ 31.212540580079018, 30.000487878538852 ], [ 31.212544062516812, 30.000487095775188 ], [ 31.212547542978925, 30.000486307571151 ], [ 31.212551021497696, 30.000485512122712 ], [ 31.212554496000443, 30.000484709401714 ], [ 31.21255797060018, 30.000483901268499 ], [ 31.212561443256565, 30.000483085890878 ], [ 31.212620887308073, 30.00047197281949 ], [ 31.212690307785437, 30.000458988624001 ], [ 31.212851343773536, 30.000428868058087 ], [ 31.212922492817523, 30.000415558946187 ], [ 31.212993262906878, 30.000402340287184 ], [ 31.213063575345547, 30.000389207404233 ], [ 31.213113090641706, 30.000379960466507 ], [ 31.213296784687014, 30.000345635778366 ], [ 31.213482819021845, 30.000310858997238 ], [ 31.213514312160481, 30.000304972616895 ], [ 31.213545803223127, 30.000299086200734 ], [ 31.213550443544275, 30.000298127852076 ], [ 31.21372294078456, 30.00026249570816 ], [ 31.214074663707887, 30.000190459493055 ], [ 31.21413029301225, 30.000179104493249 ], [ 31.214183853971427, 30.000168869053841 ], [ 31.214237419001424, 30.000158637256508 ], [ 31.214851091349775, 29.999997532565381 ], [ 31.215032976231125, 29.999949782602521 ], [ 31.215151709629247, 29.999925944272508 ], [ 31.215556298289183, 29.999895707196838 ], [ 31.215552070649782, 29.999780819900497 ], [ 31.215706392693669, 29.998705199995751 ], [ 31.21624388535384, 29.997707921494914 ], [ 31.216284764786991, 29.997581490488386 ], [ 31.216383095094681, 29.997601497644332 ], [ 31.216473899362651, 29.997322614742757 ], [ 31.21651330911666, 29.997278330840576 ], [ 31.216539783290482, 29.997237606923765 ], [ 31.216558344704669, 29.99715942660286 ], [ 31.21656014777162, 29.997058609332719 ], [ 31.21656161689468, 29.996976463930704 ], [ 31.216563152830627, 29.996890582349554 ], [ 31.216555373654021, 29.996845659007128 ], [ 31.216555974670769, 29.996812053249052 ], [ 31.216573534282837, 29.99678988311657 ], [ 31.216633524916283, 29.99679442944592 ], [ 31.216676289783177, 29.99680247943839 ], [ 31.216723676713592, 29.996791917449215 ], [ 31.216771664577337, 29.996747749680157 ], [ 31.216821256944257, 29.996613965948175 ], [ 31.216903545217431, 29.996331233804717 ], [ 31.216969343882887, 29.996010927213394 ], [ 31.21697965801852, 29.995913962290484 ], [ 31.217023490717523, 29.995862267561304 ], [ 31.217041851176624, 29.995795288453415 ], [ 31.217039363412425, 29.995694414824346 ], [ 31.217024207397547, 29.995582163747986 ], [ 31.217033321870151, 29.995552408581851 ], [ 31.217038077295236, 29.995526329647177 ], [ 31.217139078016451, 29.995396977394979 ], [ 31.217262459748859, 29.995215641482755 ], [ 31.217315871463541, 29.995108054387426 ], [ 31.217391438499956, 29.994971664612475 ], [ 31.217595198111592, 29.994603898565423 ], [ 31.217705843050847, 29.994414919129131 ], [ 31.217743491338727, 29.994344169841696 ], [ 31.217776879437302, 29.994281427096318 ], [ 31.217830423517107, 29.994166370978292 ], [ 31.217840204817652, 29.994099277365535 ], [ 31.217841606012811, 29.994020864443431 ], [ 31.217864389088831, 29.993946476300383 ], [ 31.21789943999951, 29.993905866370426 ], [ 31.217946825430598, 29.993895303874798 ], [ 31.217959026566245, 29.993932818271869 ], [ 31.217975517881889, 29.993970388946039 ], [ 31.218013991541735, 29.993978380379847 ], [ 31.218108831270374, 29.993953519135822 ], [ 31.218200181297021, 29.993883794414696 ], [ 31.218313644782395, 29.993777019738648 ], [ 31.218413841598416, 29.993692473477687 ], [ 31.218509347889547, 29.993630275347439 ], [ 31.218635347683744, 29.993542342847991 ], [ 31.218813022483673, 29.99344390725642 ], [ 31.218871139113535, 29.993412131752763 ], [ 31.218927982836341, 29.993508746123346 ], [ 31.218996377016296, 29.99365170975787 ], [ 31.219112087477853, 29.993727383724536 ], [ 31.219155269368329, 29.993891620279669 ], [ 31.219380151050096, 29.994607944725466 ], [ 31.219589165539698, 29.995425922737109 ], [ 31.219725656857548, 29.996016500026485 ], [ 31.219738668324688, 29.99623128694795 ], [ 31.219800239663932, 29.996409498734398 ], [ 31.219861813280314, 29.996587710524462 ], [ 31.219875387934696, 29.996680729422291 ], [ 31.219867209045869, 29.996712116077184 ], [ 31.219882010062662, 29.99684327850732 ], [ 31.219914377746179, 29.996843716269268 ], [ 31.219967395243213, 29.996861009288303 ], [ 31.219997327769242, 29.996891254853203 ], [ 31.220093751216677, 29.997145401376432 ], [ 31.220204688242685, 29.997437800666788 ], [ 31.220425416983751, 29.998074447983935 ], [ 31.220503442098256, 29.998346913602223 ], [ 31.220501051567123, 29.998480867838527 ], [ 31.220598686025973, 29.998760470003447 ], [ 31.220645815865325, 29.99899472471898 ], [ 31.22083838480188, 29.999619737898666 ], [ 31.220944622634743, 30.000083971827159 ], [ 31.221044589689395, 30.000441322525432 ], [ 31.221060536276568, 30.000786324417998 ], [ 31.221236788063539, 30.002072448910344 ], [ 31.221254444083733, 30.002368501953178 ], [ 31.22133987230805, 30.00250344458113 ], [ 31.221376388753633, 30.002672128602658 ], [ 31.221438662722907, 30.00312020423949 ], [ 31.221451643643675, 30.003540521151283 ], [ 31.221464624546584, 30.003960839844744 ], [ 31.221537138771247, 30.003977663194579 ], [ 31.221558332945197, 30.004065091720566 ], [ 31.22157976763754, 30.004394138384857 ], [ 31.221583225209866, 30.004396729431484 ], [ 31.22362114746198, 30.003437836174367 ], [ 31.223762911483952, 30.003371130515887 ], [ 31.224066198675754, 30.003228421599299 ], [ 31.224216007326358, 30.003157929915336 ], [ 31.224290595699905, 30.003127323585545 ], [ 31.224306168962769, 30.003083719017191 ], [ 31.224282471120013, 30.003035113053471 ], [ 31.224274586028208, 30.003020132290903 ], [ 31.224274467023434, 30.002920773943121 ], [ 31.224321517126047, 30.002852423324651 ], [ 31.224338978701553, 30.002843176358169 ] ] ] ] } },
{ "type": "Feature", "properties": { "fid": 6, "OBJECTID": 6, "Gov_A_Name": "الجيزه", "GOV_CODE": "21", "Section_A_": "قسم الجيزه", "SubSection": "جزيره الدهب", "Shyakha_2d": "02", "Section_2d": "04", "Final_code": "210402", "ذكور_": 26642, "اناث_": 25090, "Shape_Leng": 13837.5056845, "Shape_Area": 5614157.0548599996, "سكان_": 51732, "الأطفال_": 15002, "الشباب_": 34143, "الكبار_": 2587, "التعلمين_": 43455 }, "geometry": { "type": "MultiPolygon", "coordinates": [ [ [ [ 31.208696184895263, 29.974452816587196 ], [ 31.208700827177097, 29.974461153299657 ], [ 31.208705977678349, 29.974470390145306 ], [ 31.208711136501357, 29.97447962529948 ], [ 31.208716301638759, 29.974488855125927 ], [ 31.208721475065559, 29.974498085064944 ], [ 31.208726652702261, 29.974507311452069 ], [ 31.208731838693105, 29.974516534343689 ], [ 31.208735415977014, 29.974522889679537 ], [ 31.208737030933595, 29.974525755515643 ], [ 31.208742229456117, 29.974534973163905 ], [ 31.208747434228293, 29.974544189092502 ], [ 31.208752645282491, 29.974553401497392 ], [ 31.208757864690856, 29.974562610406771 ], [ 31.208763088276747, 29.974571817568307 ], [ 31.208768320184422, 29.974581023038375 ], [ 31.208773556302017, 29.974590224956536 ], [ 31.208778800773768, 29.974599423379164 ], [ 31.208784051495176, 29.974608620082158 ], [ 31.208789308498641, 29.974617813261432 ], [ 31.208794571784136, 29.974627002916975 ], [ 31.208799843391422, 29.974636190881071 ], [ 31.208805119208641, 29.974645375293253 ], [ 31.208810403347641, 29.974654558013967 ], [ 31.208815691696564, 29.974663737182777 ], [ 31.208820988399665, 29.974672912856061 ], [ 31.208947457595006, 29.974899545859767 ], [ 31.209136593184176, 29.97523847240339 ], [ 31.209138102126435, 29.975240894694455 ], [ 31.209139606827396, 29.975243322341253 ], [ 31.209141103207521, 29.975245751679342 ], [ 31.209142591266819, 29.975248182708757 ], [ 31.209144073012684, 29.975250619065722 ], [ 31.209145548509845, 29.975253057142165 ], [ 31.209147017725936, 29.975255498742154 ], [ 31.209148478621206, 29.975257942033437 ], [ 31.209149933235409, 29.975260388848245 ], [ 31.209151379496401, 29.975262839158404 ], [ 31.209152819476337, 29.975265292992091 ], [ 31.209154253207565, 29.975267748545267 ], [ 31.209155678585581, 29.975270207593784 ], [ 31.209157097682542, 29.975272670165836 ], [ 31.209158508458664, 29.975275134429175 ], [ 31.209159912953712, 29.975277602216057 ], [ 31.209161311200063, 29.975280071722413 ], [ 31.209162701093206, 29.975282544724124 ], [ 31.209164084705279, 29.975285021249377 ], [ 31.209165459996516, 29.975287499465917 ], [ 31.209166829006669, 29.975289981205997 ], [ 31.209168191768132, 29.975292464665575 ], [ 31.209169546176376, 29.975294951620469 ], [ 31.209170892231423, 29.975297442070744 ], [ 31.209172234109893, 29.975299934268669 ], [ 31.209173565595393, 29.97530242812973 ], [ 31.209174892871953, 29.975304925542499 ], [ 31.209176209723157, 29.975307426422422 ], [ 31.209177522397802, 29.975309929050027 ], [ 31.209178826719235, 29.975312435172999 ], [ 31.209180122719822, 29.975314942987247 ], [ 31.209181412439332, 29.97531745432504 ], [ 31.209182695910137, 29.975319967382337 ], [ 31.20918397102772, 29.975322483934956 ], [ 31.209185237824464, 29.975325002178902 ], [ 31.209186498372503, 29.975327522142333 ], [ 31.209187752639458, 29.975330045629292 ], [ 31.209188998553202, 29.97533257261161 ], [ 31.209190238218223, 29.975335101313426 ], [ 31.209191469562413, 29.97533763170653 ], [ 31.209192692553376, 29.975340165595007 ], [ 31.209193909295632, 29.975342701202962 ], [ 31.209195119789172, 29.975345238530409 ], [ 31.209196321929493, 29.975347779353211 ], [ 31.209197515748968, 29.975350321867321 ], [ 31.209198703287356, 29.975352867904963 ], [ 31.209199884577032, 29.975355415662101 ], [ 31.209201055473724, 29.97535796508236 ], [ 31.209202222161462, 29.975360518054355 ], [ 31.209203380528347, 29.975363072717634 ], [ 31.209204530574389, 29.975365629072233 ], [ 31.209205672267199, 29.975368188922197 ], [ 31.209206809783428, 29.975370750519833 ], [ 31.209207936906672, 29.975373313780583 ], [ 31.209209057781194, 29.975375878760833 ], [ 31.209210172374625, 29.975378447264617 ], [ 31.20921127864721, 29.975381017459718 ], [ 31.209212376566569, 29.975383591150177 ], [ 31.209213468269564, 29.975386164756095 ], [ 31.209214551619343, 29.975388741857358 ], [ 31.209215626648259, 29.975391320649923 ], [ 31.209216695428449, 29.975393901161972 ], [ 31.209217757927561, 29.975396485197585 ], [ 31.209218812138175, 29.975399069120471 ], [ 31.209219857995556, 29.975401656538686 ], [ 31.209220897604222, 29.975404245676412 ], [ 31.209221928892017, 29.975406836505456 ], [ 31.209222951826593, 29.975409430829835 ], [ 31.209223968544801, 29.97541202506968 ], [ 31.209224976909777, 29.975414622804877 ], [ 31.209225979026034, 29.975417222259587 ], [ 31.209226972821423, 29.975419823405584 ], [ 31.209227958295951, 29.975422426242915 ], [ 31.20922893752174, 29.97542503079973 ], [ 31.209229908394306, 29.975427638851901 ], [ 31.209230870978374, 29.975430246791369 ], [ 31.209231827281343, 29.975432858254337 ], [ 31.20923277529581, 29.975435469604605 ], [ 31.209233717029178, 29.975438084478402 ], [ 31.209234263724149, 29.975439613093641 ], [ 31.209234650441672, 29.975440701043521 ], [ 31.209235575565671, 29.975443317495895 ], [ 31.209236494408568, 29.975445937471829 ], [ 31.209237404930604, 29.975448559139071 ], [ 31.209238307131759, 29.975451182497633 ], [ 31.209239201012046, 29.975453807547499 ], [ 31.209240088643593, 29.975456434316861 ], [ 31.209240970026414, 29.975459062805733 ], [ 31.209241841048584, 29.975461691153683 ], [ 31.209242705789656, 29.975464323025189 ], [ 31.209243564281984, 29.975466956616181 ], [ 31.209244412381306, 29.975469591870308 ], [ 31.209245254231885, 29.975472228843937 ], [ 31.209246089866102, 29.97547486573302 ], [ 31.209246915074928, 29.975477506089277 ], [ 31.20924773406739, 29.975480146360987 ], [ 31.2092485447066, 29.975482790128073 ], [ 31.209249349129436, 29.975485433810608 ], [ 31.209250145231394, 29.975488079184451 ], [ 31.209250933012477, 29.975490726249603 ], [ 31.209251712472678, 29.975493375006099 ], [ 31.209252485684129, 29.975496025482077 ], [ 31.209253250574704, 29.975498677649373 ], [ 31.209254009248909, 29.975501329732126 ], [ 31.209254757497717, 29.975503985282053 ], [ 31.209255499530151, 29.975506640747454 ], [ 31.209256233241707, 29.975509297904157 ], [ 31.209256960704501, 29.975511956780373 ], [ 31.20925767984642, 29.975514617347894 ], [ 31.209258390699823, 29.975517277802702 ], [ 31.20925909323234, 29.975519939948814 ], [ 31.209259789516107, 29.975522603814429 ], [ 31.209260477478978, 29.975525269371367 ], [ 31.209261157153335, 29.975527934815574 ], [ 31.209261828474443, 29.975530603755157 ], [ 31.209262493579157, 29.975533272610189 ], [ 31.209263150395351, 29.975535941352486 ], [ 31.209263798858295, 29.975538613590164 ], [ 31.209264441104839, 29.97554128574329 ], [ 31.209265072958367, 29.975543959559559 ], [ 31.209265698595509, 29.975546633291273 ], [ 31.209266317951517, 29.97554931054654 ], [ 31.209266926979243, 29.975551985856875 ], [ 31.209267529725828, 29.975554664690726 ], [ 31.209268124183897, 29.975557343411861 ], [ 31.209268710321073, 29.975560023824325 ], [ 31.209269290241853, 29.975562704152232 ], [ 31.209269859737233, 29.975565387947317 ], [ 31.209270423048594, 29.975568069853843 ], [ 31.209270980078816, 29.975570755283886 ], [ 31.209271526780746, 29.975573438769 ], [ 31.209272067201553, 29.97557612577765 ], [ 31.209272599333815, 29.975578812673586 ], [ 31.209273123145181, 29.97558150126083 ], [ 31.209273638668019, 29.975584189735354 ], [ 31.209274147942086, 29.975586879929384 ], [ 31.209274648927622, 29.975589570010683 ], [ 31.209275141592258, 29.975592261783319 ], [ 31.209275625968353, 29.97559495344321 ], [ 31.209276104095686, 29.975597646822617 ], [ 31.209276573934481, 29.975600340089294 ], [ 31.209277033380236, 29.97560303501912 ], [ 31.209277488681721, 29.975605729892575 ], [ 31.209277933590165, 29.975608426429179 ], [ 31.209278372282213, 29.975611122881237 ], [ 31.209278802653341, 29.97561382102462 ], [ 31.209279224735944, 29.975616519055269 ], [ 31.209279638497623, 29.975619218777236 ], [ 31.209280043970768, 29.975621918386512 ], [ 31.209280443227509, 29.975624617911215 ], [ 31.209280834163334, 29.975627319127241 ], [ 31.20928121681062, 29.975630020230557 ], [ 31.209281591136996, 29.975632723025203 ], [ 31.209281959246958, 29.97563542573528 ], [ 31.209282316996234, 29.975638128304475 ], [ 31.209282668496748, 29.975640832593172 ], [ 31.209283011708703, 29.975643536769137 ], [ 31.209283348704254, 29.975646240860573 ], [ 31.209283675306743, 29.975648946615141 ], [ 31.209283995692829, 29.975651652285165 ], [ 31.209284307790359, 29.97565435784248 ], [ 31.209284611566975, 29.975657065091095 ], [ 31.209284907055039, 29.975659772227001 ], [ 31.209285194254555, 29.975662479250179 ], [ 31.20928547523765, 29.975665186188838 ], [ 31.209285747899827, 29.975667894818798 ], [ 31.209286012273449, 29.975670603336027 ], [ 31.209286268326153, 29.975673313544597 ], [ 31.209286516122667, 29.975676021836399 ], [ 31.209286757670395, 29.975678731847708 ], [ 31.209275813930635, 29.97593276627094 ], [ 31.20927321882208, 29.975992728272104 ], [ 31.209270654755539, 29.976211413117895 ], [ 31.209270218800413, 29.976247839722866 ], [ 31.209268881605929, 29.976359562409129 ], [ 31.20926776739697, 29.976452156986433 ], [ 31.209286039134287, 29.976721704868947 ], [ 31.209296190438117, 29.976871449081511 ], [ 31.209311639602362, 29.977117067195763 ], [ 31.209333978070838, 29.977472213720894 ], [ 31.20935566866827, 29.977817035184916 ], [ 31.209379813527523, 29.978200895728946 ], [ 31.209388659411498, 29.978341502298548 ], [ 31.20938863385398, 29.978346045640755 ], [ 31.209388618625063, 29.978350590927914 ], [ 31.209388611717287, 29.978355134523746 ], [ 31.209388610993724, 29.97835968000815 ], [ 31.209388618591312, 29.978364223801258 ], [ 31.2093886344453, 29.978368769511107 ], [ 31.209388658588079, 29.978373315333691 ], [ 31.209388691019626, 29.978377861268985 ], [ 31.209388731739956, 29.97838240731701 ], [ 31.209388778676885, 29.978386953449569 ], [ 31.209388833934959, 29.978391497890797 ], [ 31.209388899521652, 29.978396044276984 ], [ 31.209388971324927, 29.978400590747697 ], [ 31.209389051416988, 29.978405137331151 ], [ 31.209389137693279, 29.978409685803165 ], [ 31.20938923436292, 29.978414232612057 ], [ 31.20938933724916, 29.978418779505486 ], [ 31.209389450496385, 29.978423326539819 ], [ 31.209389569960209, 29.978427873658671 ], [ 31.209389697712822, 29.978432420890272 ], [ 31.209389833754237, 29.978436968234575 ], [ 31.209389976044619, 29.978441513859369 ], [ 31.209390128663625, 29.978446061429118 ], [ 31.209390287499229, 29.978450609083406 ], [ 31.209390454623637, 29.978455156850426 ], [ 31.20939063003684, 29.978459704730163 ], [ 31.20939081373885, 29.97846425272262 ], [ 31.209391005762033, 29.978468799023748 ], [ 31.209391206041651, 29.978473347241628 ], [ 31.209391412570252, 29.978477893740038 ], [ 31.209391627355277, 29.97848244215519 ], [ 31.209391850461476, 29.978486988879034 ], [ 31.209392081856492, 29.978491535715587 ], [ 31.209392321540324, 29.978496082664861 ], [ 31.209392569512957, 29.978500629726859 ], [ 31.209392823702206, 29.978505176873409 ], [ 31.209393088252469, 29.978509724160848 ], [ 31.209393359019344, 29.978514271532827 ], [ 31.209393638107411, 29.97851881721348 ], [ 31.209393925451909, 29.978523364810918 ], [ 31.209394221117606, 29.97852791071702 ], [ 31.209394522999919, 29.978532456707661 ], [ 31.209394585105464, 29.978533385056842 ], [ 31.209394835243259, 29.978537002839197 ], [ 31.209395153703205, 29.978541549055279 ], [ 31.209395480451981, 29.97854609538409 ], [ 31.209395815521948, 29.978550640021577 ], [ 31.209396158848371, 29.978555186575825 ], [ 31.209396508423794, 29.978559731410567 ], [ 31.209396868360237, 29.978564276386216 ], [ 31.209397234545673, 29.978568819642362 ], [ 31.20939760898758, 29.978573364815269 ], [ 31.20939799175067, 29.978577908296842 ], [ 31.209398382770239, 29.9785824536952 ], [ 31.209398780038793, 29.978586997374048 ], [ 31.209399187700761, 29.978591539389761 ], [ 31.209399601546984, 29.978596083294033 ], [ 31.209400023714419, 29.978600625507017 ], [ 31.209400454170687, 29.978605167832697 ], [ 31.209400892915792, 29.978609710271098 ], [ 31.209401337877534, 29.978614252794056 ], [ 31.209401793232693, 29.978618793653865 ], [ 31.209402254804477, 29.978623334598193 ], [ 31.209402724665111, 29.978627875655285 ], [ 31.209403202814595, 29.978632416825054 ], [ 31.209403689285285, 29.978636956303522 ], [ 31.209404184044821, 29.978641495894703 ], [ 31.209404685053379, 29.978646033766378 ], [ 31.2094051943184, 29.978650573554837 ], [ 31.20940571190464, 29.97865511165196 ], [ 31.209406237779742, 29.9786596498618 ], [ 31.209406771976049, 29.97866418638031 ], [ 31.209407312356653, 29.978668724787415 ], [ 31.20940786316304, 29.978673259727326 ], [ 31.209408420153707, 29.978677796555839 ], [ 31.209408985465608, 29.978682331693015 ], [ 31.209409559066351, 29.978686866942898 ], [ 31.209410140955963, 29.978691402305525 ], [ 31.2094107290946, 29.978695935948629 ], [ 31.20941132552209, 29.978700469704474 ], [ 31.209411930270818, 29.978705001768972 ], [ 31.209412543308403, 29.978709533946198 ], [ 31.209413164634849, 29.978714066236147 ], [ 31.209413794282529, 29.978718596834774 ], [ 31.209414430146868, 29.978723127517927 ], [ 31.209415074300079, 29.978727658313808 ], [ 31.209415726774527, 29.978732187418373 ], [ 31.209416387537846, 29.978736716635655 ], [ 31.209417056622392, 29.978741244161586 ], [ 31.209417731923608, 29.978745771772083 ], [ 31.209418415513696, 29.978750299495296 ], [ 31.209419107425028, 29.978754825527179 ], [ 31.209419807625238, 29.978759351671783 ], [ 31.209420516146686, 29.978763876125065 ], [ 31.209421230884811, 29.97876840066289 ], [ 31.209421956016381, 29.978772923537552 ], [ 31.209422687364629, 29.978777446496771 ], [ 31.209423427001749, 29.978781969568686 ], [ 31.209424172887921, 29.978786490921117 ], [ 31.209424929167543, 29.978791010610404 ], [ 31.209425691663849, 29.978795530384229 ], [ 31.209426462449038, 29.97880005027076 ], [ 31.209427241555474, 29.978804568465961 ], [ 31.209428028983169, 29.978809084969857 ], [ 31.209428824667381, 29.978813603390492 ], [ 31.209429626633021, 29.978818118287595 ], [ 31.209430436887548, 29.978822633297408 ], [ 31.209431255430957, 29.978827148419935 ], [ 31.209432082295628, 29.978831661851142 ], [ 31.209432917481568, 29.97883617359102 ], [ 31.209433758884185, 29.978840685415442 ], [ 31.209434608575705, 29.978845197352566 ], [ 31.20943546662085, 29.978849705794346 ], [ 31.209436332922532, 29.978854216152854 ], [ 31.209437205505644, 29.978858722987837 ], [ 31.209438088417489, 29.978863231767747 ], [ 31.209438620243311, 29.978865936703073 ], [ 31.209438977610759, 29.978867737024107 ], [ 31.209439875092929, 29.978872242393194 ], [ 31.209440780864014, 29.978876747874981 ], [ 31.209441692916528, 29.978881249833226 ], [ 31.209442615297782, 29.978885753736414 ], [ 31.209443543960482, 29.978890254116045 ], [ 31.209444480912076, 29.978894754608394 ], [ 31.209445424080371, 29.978899255185262 ], [ 31.209446377674524, 29.978903752294976 ], [ 31.209447337453017, 29.978908251293234 ], [ 31.209448305585148, 29.978912746796137 ], [ 31.209449282006197, 29.97891724241175 ], [ 31.209450264676313, 29.978921736307861 ], [ 31.209451257707556, 29.978926230344868 ], [ 31.209452256987877, 29.978930722662358 ], [ 31.209453264589484, 29.978935213288519 ], [ 31.209454278440163, 29.978939702195181 ], [ 31.209455302651978, 29.978944191242721 ], [ 31.209456333112861, 29.978948678570756 ], [ 31.209457371862669, 29.978953166011514 ], [ 31.209458418933771, 29.978957651760936 ], [ 31.209459472253947, 29.978962135790855 ], [ 31.209460533895424, 29.978966618129441 ], [ 31.209461605898031, 29.978971100608916 ], [ 31.209462682077525, 29.978975581340702 ], [ 31.209463768650508, 29.978980060409341 ], [ 31.20946486147259, 29.978984537758468 ], [ 31.209465962583597, 29.978989015220311 ], [ 31.209467072015897, 29.97899349099082 ], [ 31.209468189769506, 29.978997965070004 ], [ 31.209469313739834, 29.979002439233721 ], [ 31.209470446063829, 29.979006909902051 ], [ 31.209471586676763, 29.97901138068309 ], [ 31.209472733538792, 29.979015849744624 ], [ 31.209473888722115, 29.979020317114838 ], [ 31.209475052194389, 29.979024784597755 ], [ 31.209476224020339, 29.979029248585309 ], [ 31.209477404135221, 29.979033712685556 ], [ 31.209478590499202, 29.979038175066297 ], [ 31.209479785184502, 29.979042635755697 ], [ 31.209480986118891, 29.97904709472559 ], [ 31.20948219744681, 29.979051552032331 ], [ 31.209483417096042, 29.979056007647753 ], [ 31.209484645066588, 29.979060461571819 ], [ 31.209485435862245, 29.979064328507071 ], [ 31.209486232874578, 29.979068195526867 ], [ 31.209487040280408, 29.979072060883514 ], [ 31.209487853935283, 29.979075924520625 ], [ 31.209488677951278, 29.979079788298666 ], [ 31.209489508248708, 29.979083648553132 ], [ 31.209490348907259, 29.979087508948503 ], [ 31.209491195814874, 29.979091367624349 ], [ 31.209492053115969, 29.979095224637057 ], [ 31.209492918738341, 29.979099079958445 ], [ 31.209493790609788, 29.97910293356032 ], [ 31.20949467287473, 29.979106785499035 ], [ 31.209495563460933, 29.97911063574643 ], [ 31.209496460296219, 29.979114484274323 ], [ 31.209497367525003, 29.979118331139066 ], [ 31.209498283075071, 29.979122176312451 ], [ 31.209499206946411, 29.979126019794524 ], [ 31.209500137066836, 29.979129861557094 ], [ 31.209501077580754, 29.979133701656519 ], [ 31.209502026415965, 29.979137540064592 ], [ 31.209502983604818, 29.979141374977321 ], [ 31.209503949114971, 29.979145208198684 ], [ 31.209504789350579, 29.979148514611776 ], [ 31.209504922978791, 29.979149037924699 ], [ 31.209505905163891, 29.979152865959392 ], [ 31.209506897742497, 29.9791566923309 ], [ 31.2095078986424, 29.979160517011088 ], [ 31.209508907895962, 29.979164338195918 ], [ 31.209509929615248, 29.979168157745764 ], [ 31.209510959688199, 29.979171973800234 ], [ 31.209511998082448, 29.979175788163364 ], [ 31.2095130468702, 29.979179600863358 ], [ 31.209514103979259, 29.979183411872022 ], [ 31.209515169409613, 29.979187221189356 ], [ 31.209516245233488, 29.979191028843516 ], [ 31.209517327306454, 29.979194834778177 ], [ 31.209518419740558, 29.979198640853717 ], [ 31.209519520528339, 29.979202443433891 ], [ 31.209520629637424, 29.979206244322743 ], [ 31.209521747067818, 29.97921004352024 ], [ 31.209522872819512, 29.979213841026422 ], [ 31.209524006892508, 29.979217636841263 ], [ 31.209525151326673, 29.979221432796983 ], [ 31.209526302042292, 29.979225225229161 ], [ 31.209527463151442, 29.979229015998175 ], [ 31.20952863258189, 29.979232805075863 ], [ 31.209529808261447, 29.979236592434038 ], [ 31.209530994334536, 29.979240378129042 ], [ 31.209532188728929, 29.97924416213273 ], [ 31.209533391412275, 29.97924794624911 ], [ 31.209534600377086, 29.979251726841941 ], [ 31.209535819735425, 29.979255505771608 ], [ 31.209537047447458, 29.979259281205895 ], [ 31.209538283448442, 29.979263056752899 ], [ 31.20953952777073, 29.979266830608569 ], [ 31.209540780414354, 29.979270602772917 ], [ 31.20954204137929, 29.979274373245893 ], [ 31.209543310697921, 29.979278140223506 ], [ 31.209544588305505, 29.979281907313826 ], [ 31.20954587426678, 29.979285670908769 ], [ 31.209547166444796, 29.979289434588225 ], [ 31.20954846904872, 29.979293194800498 ], [ 31.209549779973973, 29.979296953321427 ], [ 31.209551099188186, 29.979300711955066 ], [ 31.209552424683871, 29.979304467065131 ], [ 31.209553760573115, 29.979308220512035 ], [ 31.209555102743824, 29.979311970435397 ], [ 31.209556455275727, 29.979315720499628 ], [ 31.20955781405674, 29.979319468844356 ], [ 31.209558416660602, 29.979321117314324 ], [ 31.209559181191448, 29.979323213693672 ], [ 31.209560558719716, 29.979326956879849 ], [ 31.209561942464731, 29.979330700150534 ], [ 31.209563334563445, 29.979334439925857 ], [ 31.209564734983495, 29.979338178009833 ], [ 31.209566141685041, 29.979341912570252 ], [ 31.209567558747764, 29.979345647271565 ], [ 31.209568984164189, 29.979349378477465 ], [ 31.209570415797376, 29.979353109767892 ], [ 31.209571857856492, 29.979356837591133 ], [ 31.209573306164724, 29.979360563694822 ], [ 31.209574762826676, 29.979364286303156 ], [ 31.209576227777593, 29.979368009024181 ], [ 31.209577701082225, 29.979371728249824 ], [ 31.209579182708204, 29.979375445784118 ], [ 31.209580670583307, 29.979379161598889 ], [ 31.209582168851977, 29.97938287575052 ], [ 31.209583673402136, 29.979386586378556 ], [ 31.20958518627365, 29.979390295315252 ], [ 31.209586709538733, 29.979394002588794 ], [ 31.209588236980728, 29.979397708114618 ], [ 31.20958977481629, 29.979401411977314 ], [ 31.209591321005568, 29.979405112344594 ], [ 31.209592873443984, 29.979408810992343 ], [ 31.209594434203748, 29.979412507948762 ], [ 31.209596005389454, 29.979416201437981 ], [ 31.209597582824294, 29.979419893207655 ], [ 31.20959916650828, 29.979423583257816 ], [ 31.209600760585833, 29.97942727164482 ], [ 31.209602360944888, 29.979430956508232 ], [ 31.209603971697526, 29.979434639708479 ], [ 31.209605588699311, 29.979438321189221 ], [ 31.209607211982593, 29.979441999146385 ], [ 31.209608845659453, 29.979445675440378 ], [ 31.209610487657685, 29.979449350043016 ], [ 31.209612135937412, 29.979453021122101 ], [ 31.209613792538519, 29.979456690509817 ], [ 31.20961545746097, 29.979460358206214 ], [ 31.209617130737161, 29.979464022407203 ], [ 31.209618810262501, 29.979467684888665 ], [ 31.209620500181426, 29.979471345706962 ], [ 31.209622196381865, 29.979475003001678 ], [ 31.209623900903676, 29.979478658605043 ], [ 31.209625613779217, 29.979482310713017 ], [ 31.209627332903906, 29.979485961101464 ], [ 31.209629062422191, 29.979489609826757 ], [ 31.209630798221987, 29.979493255028455 ], [ 31.209632542343158, 29.979496898538812 ], [ 31.209634292745843, 29.979500538525585 ], [ 31.209636053542123, 29.979504176849208 ], [ 31.209637820587563, 29.979507813453282 ], [ 31.20963959598674, 29.979511446561961 ], [ 31.209641377635073, 29.97951507795111 ], [ 31.209643167604781, 29.979518707648914 ], [ 31.209644965928234, 29.979522333851317 ], [ 31.209646770533205, 29.979525956530154 ], [ 31.209648581354976, 29.979529579293484 ], [ 31.209650402602712, 29.979533198589621 ], [ 31.209652228059742, 29.97953681433399 ], [ 31.209654061805796, 29.979540430191051 ], [ 31.209655903937961, 29.979544040748653 ], [ 31.209657752286926, 29.979547651390774 ], [ 31.209659608989632, 29.979551258537512 ], [ 31.209661474046097, 29.979554862188845 ], [ 31.209663343279495, 29.979558464092474 ], [ 31.209665222906501, 29.979562064332899 ], [ 31.209667108815037, 29.979565661049765 ], [ 31.209669000972749, 29.9795692560471 ], [ 31.209670901484202, 29.979572847549026 ], [ 31.209672808244814, 29.979576437331417 ], [ 31.2096747233592, 29.979580023618404 ], [ 31.209676646794968, 29.979583608214053 ], [ 31.209678562395098, 29.979587167440346 ], [ 31.209680488388841, 29.979590725003458 ], [ 31.209682420664127, 29.979594279042999 ], [ 31.209684359188568, 29.979597831362984 ], [ 31.209686306066772, 29.979601380187585 ], [ 31.209688259194152, 29.979604927292648 ], [ 31.209690218603054, 29.979608470874126 ], [ 31.20969218633336, 29.979612012764246 ], [ 31.209694162385055, 29.979615552963004 ], [ 31.209696144750655, 29.979619087834134 ], [ 31.20969813333307, 29.979622622789769 ], [ 31.209700130301595, 29.979626152445967 ], [ 31.209702133519315, 29.979629680382626 ], [ 31.209704142986197, 29.979633206599747 ], [ 31.209706160806842, 29.979636729321445 ], [ 31.209708186948891, 29.979640250351778 ], [ 31.209710219372472, 29.979643767858551 ], [ 31.209712258077605, 29.979647281841725 ], [ 31.209714303031909, 29.979650794105378 ], [ 31.209716356339992, 29.979654302873598 ], [ 31.209718417969473, 29.979657809950467 ], [ 31.209720483808262, 29.979661313475578 ], [ 31.209722560040696, 29.97966481533749 ], [ 31.209724640482438, 29.97966831364765 ], [ 31.209726729277961, 29.979671808462399 ], [ 31.209728824322656, 29.979675301557606 ], [ 31.209730927721136, 29.979678791157408 ], [ 31.209733037401154, 29.979682277233618 ], [ 31.209735155402583, 29.979685761618441 ], [ 31.209737277613332, 29.979689242451531 ], [ 31.209739410217725, 29.979692721621422 ], [ 31.209741547031435, 29.979696197239555 ], [ 31.209743692198916, 29.979699669362272 ], [ 31.209745843615593, 29.979703139765427 ], [ 31.209748003386046, 29.979706606673194 ], [ 31.209750169438042, 29.979710070057351 ], [ 31.209752341739232, 29.979713531721981 ], [ 31.209754522394203, 29.97971698989118 ], [ 31.20975670933073, 29.979720444536806 ], [ 31.209758902516437, 29.979723897462875 ], [ 31.209761101983705, 29.979727346865346 ], [ 31.20976330980475, 29.979730792772433 ], [ 31.209765525979577, 29.979734235184058 ], [ 31.20976774633138, 29.979737675847993 ], [ 31.209769975036959, 29.979741113016527 ], [ 31.209772212096315, 29.979744546689627 ], [ 31.209774453332653, 29.979747978614981 ], [ 31.20977670292276, 29.979751407044947 ], [ 31.209778958794434, 29.979754831951308 ], [ 31.209781223019899, 29.979758253362252 ], [ 31.209783491422325, 29.979761673025468 ], [ 31.209785768178534, 29.979765089193268 ], [ 31.209788053288541, 29.979768501865649 ], [ 31.209790342607882, 29.979771910986276 ], [ 31.209792640248644, 29.979775318415506 ], [ 31.209794946243189, 29.979778722349323 ], [ 31.209797256447086, 29.979782122731361 ], [ 31.209799575004762, 29.979785519618009 ], [ 31.209801899843995, 29.979788912981022 ], [ 31.209804230932434, 29.979792304624503 ], [ 31.209806570374681, 29.979795692772552 ], [ 31.209808916098474, 29.979799077397022 ], [ 31.209811268103842, 29.979802458497883 ], [ 31.209813626390776, 29.979805836075155 ], [ 31.209815992999136, 29.979809211961026 ], [ 31.209816657997589, 29.979810155725229 ], [ 31.209818365921432, 29.979812582519266 ], [ 31.209820745092934, 29.97981595135796 ], [ 31.209823130545999, 29.979819316673041 ], [ 31.209825524352862, 29.979822678492706 ], [ 31.209827924441292, 29.979826036788769 ], [ 31.209830330778928, 29.979829393365289 ], [ 31.2098327434305, 29.979832744614143 ], [ 31.209835164403508, 29.979836094171631 ], [ 31.209837589585856, 29.979839440177336 ], [ 31.209840023122005, 29.979842782687612 ], [ 31.209842465011963, 29.979846121702451 ], [ 31.209844911111254, 29.979849457165525 ], [ 31.209847365564347, 29.97985278913319 ], [ 31.209849824226783, 29.979856117549055 ], [ 31.209852291210662, 29.979859444273544 ], [ 31.209854766580712, 29.979862765698545 ], [ 31.20985724612774, 29.979866085375825 ], [ 31.210212255040133, 29.980436319593927 ], [ 31.210214616016351, 29.980440242155083 ], [ 31.210329800438647, 29.980631520473381 ], [ 31.210397555434206, 29.980744037929121 ], [ 31.210401753310123, 29.980750363764503 ], [ 31.210402659515935, 29.980751727640243 ], [ 31.210407765703032, 29.980759415575299 ], [ 31.210412876067739, 29.98076710176246 ], [ 31.210417990642423, 29.980774784397695 ], [ 31.210423107290119, 29.980782467060944 ], [ 31.210428228115429, 29.980790147976286 ], [ 31.210429671369059, 29.980792309515348 ], [ 31.210433355222971, 29.980797825367866 ], [ 31.210438488612727, 29.980805499235689 ], [ 31.210443628284718, 29.980813169579747 ], [ 31.210448776278824, 29.980820838232244 ], [ 31.210453928482906, 29.980828503332827 ], [ 31.210459089041475, 29.980836164937767 ], [ 31.210464255849903, 29.980843824823015 ], [ 31.210469428972925, 29.980851479380451 ], [ 31.210474608345823, 29.980859132218157 ], [ 31.210479793968592, 29.980866783336147 ], [ 31.210484987978212, 29.980874429154465 ], [ 31.210490186197809, 29.980882071420865 ], [ 31.210495392739531, 29.98088971199569 ], [ 31.210500605563499, 29.980897349046757 ], [ 31.210505824637341, 29.980904984378071 ], [ 31.210511052098042, 29.980912614409757 ], [ 31.210516283736357, 29.980920242693522 ], [ 31.210521523761535, 29.980927865677675 ], [ 31.210526767964346, 29.980935486913889 ], [ 31.210532020489289, 29.980943106458554 ], [ 31.21053727932884, 29.980950720675391 ], [ 31.21054254649053, 29.980958333200654 ], [ 31.210547817894557, 29.980965940369927 ], [ 31.210553095548491, 29.980973545819491 ], [ 31.210558381524578, 29.980981149577453 ], [ 31.210563673815251, 29.980988748007601 ], [ 31.210568972388188, 29.980996342913965 ], [ 31.210574275138764, 29.98100393607243 ], [ 31.210579586243846, 29.981011525735266 ], [ 31.210584903631176, 29.981019111874332 ], [ 31.210590225228508, 29.981026694461441 ], [ 31.210595555180351, 29.981034273552915 ], [ 31.210600889309848, 29.981041850896492 ], [ 31.210606231793847, 29.981049424744466 ], [ 31.210611578520211, 29.981056993236411 ], [ 31.210616933568723, 29.981064560036803 ], [ 31.210622292794895, 29.98107212508927 ], [ 31.21068438557629, 29.981158867802357 ], [ 31.210687101846943, 29.981162629171717 ], [ 31.210692544782486, 29.98117015024707 ], [ 31.210697991928036, 29.981177667770474 ], [ 31.210703445355865, 29.981185181770059 ], [ 31.210708907138226, 29.981192692274004 ], [ 31.210714373130614, 29.981200199226006 ], [ 31.210719847477527, 29.981207702682351 ], [ 31.210725326002112, 29.981215204390757 ], [ 31.210730810841326, 29.981222700771355 ], [ 31.210736304002737, 29.981230195460341 ], [ 31.210741852016056, 29.98123775224698 ], [ 31.210747406279317, 29.981245307313863 ], [ 31.210752966857239, 29.981252857052876 ], [ 31.210758533685098, 29.981260405072149 ], [ 31.210760128356643, 29.981262561447632 ], [ 31.21076410889987, 29.981267947791697 ], [ 31.210769688292331, 29.981275488763334 ], [ 31.210775276071704, 29.981283024435275 ], [ 31.21078087013338, 29.98129055658341 ], [ 31.210786468372746, 29.981298086983596 ], [ 31.210792074999027, 29.981305612084086 ], [ 31.210797687907611, 29.98131313366077 ], [ 31.210803309138413, 29.981320653545822 ], [ 31.210808934611602, 29.981328168074874 ], [ 31.210814566367109, 29.9813356790801 ], [ 31.210820206477187, 29.981343186589648 ], [ 31.210825852869565, 29.98135069057539 ], [ 31.210831503471994, 29.981358191009154 ], [ 31.210837162429002, 29.981365687947243 ], [ 31.210842827668316, 29.981373181361516 ], [ 31.21084849918994, 29.98138067125198 ], [ 31.21085417906615, 29.981388157646755 ], [ 31.210859863184755, 29.981395638685512 ], [ 31.210865553553326, 29.981403118004486 ], [ 31.210871252308817, 29.981410592023757 ], [ 31.210874103775318, 29.981414328159445 ], [ 31.210876957314291, 29.981418064323222 ], [ 31.21088266656216, 29.981425531266684 ], [ 31.210888384132268, 29.981432996518507 ], [ 31.210894108017047, 29.981440456442453 ], [ 31.210899840256403, 29.981447912870738 ], [ 31.21090557670583, 29.981455365747028 ], [ 31.210911319437567, 29.981462815099487 ], [ 31.21091377583106, 29.981467314575813 ], [ 31.210916238538605, 29.981471808724457 ], [ 31.210918709535413, 29.981476302985698 ], [ 31.210921188918526, 29.981480791947391 ], [ 31.210923674550997, 29.981485279189496 ], [ 31.210926170609696, 29.981489762964266 ], [ 31.210928670877827, 29.981494243187235 ], [ 31.210943845556518, 29.981521067327861 ], [ 31.210946400060852, 29.981525528438191 ], [ 31.210948965023764, 29.981529984277124 ], [ 31.210951534163776, 29.981534438368278 ], [ 31.210954113697678, 29.981538890796159 ], [ 31.210956699545644, 29.981543337896333 ], [ 31.210959291642965, 29.981547783276902 ], [ 31.21096189206191, 29.981552226966002 ], [ 31.210964500867188, 29.981556665355576 ], [ 31.210967115921822, 29.98156110202553 ], [ 31.210969739330437, 29.981565535199994 ], [ 31.210972369020759, 29.981569964850792 ], [ 31.210975007032726, 29.981574392810131 ], [ 31.210977651326399, 29.981578817245818 ], [ 31.210980303974058, 29.981583238186008 ], [ 31.210982964975692, 29.981587655630676 ], [ 31.210985632226699, 29.981592071355752 ], [ 31.210988305759432, 29.981596483557151 ], [ 31.210990987646138, 29.981600892263057 ], [ 31.210993675814564, 29.981605297445316 ], [ 31.211089371867679, 29.981682393279424 ], [ 31.211213584757846, 29.981782412693104 ], [ 31.21130881530118, 29.981859016644151 ], [ 31.211406698719895, 29.981969178463601 ], [ 31.211291776628791, 29.982125215367347 ], [ 31.210520629816415, 29.983374079591144 ], [ 31.210120100291327, 29.984178208794777 ], [ 31.210116602279122, 29.984185205937209 ], [ 31.210113110451008, 29.984192204968096 ], [ 31.210109626846933, 29.984199207719641 ], [ 31.21010615149925, 29.9842062123878 ], [ 31.210102682303297, 29.984213220748462 ], [ 31.210099221363745, 29.984220231025734 ], [ 31.21009576864823, 29.984227245023675 ], [ 31.210092322116807, 29.984234260910071 ], [ 31.210088883809426, 29.984241280517132 ], [ 31.21008545168614, 29.984248302012652 ], [ 31.210082029891584, 29.984255325452942 ], [ 31.210078612176432, 29.984262352557579 ], [ 31.210076347719834, 29.984267026056173 ], [ 31.21007593449329, 29.984267875762686 ], [ 31.210075204757651, 29.984269383411075 ], [ 31.210071803522968, 29.984276416152991 ], [ 31.210068410512328, 29.984283452615578 ], [ 31.210065023685789, 29.984290490966639 ], [ 31.210061645115676, 29.984297531234319 ], [ 31.210058274769612, 29.98430457522268 ], [ 31.210054912679972, 29.984311621127663 ], [ 31.210051556742069, 29.984318670725155 ], [ 31.210048206988269, 29.984325722211096 ], [ 31.210044867530844, 29.984332777445896 ], [ 31.210041534257535, 29.984339834569131 ], [ 31.210038209240647, 29.98434689360904 ], [ 31.210034890375507, 29.984353956341405 ], [ 31.210031579766799, 29.984361020990445 ], [ 31.210028277382154, 29.984368089360153 ], [ 31.210024981181622, 29.984375159618306 ], [ 31.21002169320516, 29.984382233597142 ], [ 31.21001841348513, 29.984389309492627 ], [ 31.21001513994922, 29.984396387276572 ], [ 31.210011874637384, 29.984403468781188 ], [ 31.210008617581984, 29.984410552202473 ], [ 31.210005366678349, 29.984417639316238 ], [ 31.210002124031142, 29.984424728346653 ], [ 31.209998889640385, 29.984431819293718 ], [ 31.209995663473716, 29.984438913961466 ], [ 31.209992443491167, 29.984446010517651 ], [ 31.209989229660373, 29.984453110766363 ], [ 31.209986026158351, 29.984460212959924 ], [ 31.209982828840463, 29.984467317041926 ], [ 31.20997963974666, 29.984474424844606 ], [ 31.20997645683698, 29.984481534535782 ], [ 31.209973282183761, 29.984488646143586 ], [ 31.209970115754636, 29.984495761472097 ], [ 31.209966955509646, 29.984502878689078 ], [ 31.209963805561067, 29.984509999654918 ], [ 31.209960659724302, 29.984517122481041 ], [ 31.209957524216321, 29.984524247252015 ], [ 31.209954394892485, 29.98453137391143 ], [ 31.209951273792747, 29.984538504291574 ], [ 31.209948160917108, 29.984545638392397 ], [ 31.209945054257975, 29.984552772577651 ], [ 31.209941955822952, 29.9845599104836 ], [ 31.209938863539694, 29.98456705208207 ], [ 31.20993578161762, 29.984574193821331 ], [ 31.209932705847319, 29.984581339253129 ], [ 31.209929636261158, 29.984588486573365 ], [ 31.209926576971441, 29.984595637642506 ], [ 31.209923523865879, 29.984602790600135 ], [ 31.209920479016784, 29.984609945474393 ], [ 31.209917440319483, 29.984617104041188 ], [ 31.209914409878664, 29.984624264524641 ], [ 31.209911387694326, 29.984631426924757 ], [ 31.209908373766481, 29.984638591241502 ], [ 31.209905365990426, 29.984645759250814 ], [ 31.20990236647085, 29.984652929176765 ], [ 31.209899373135443, 29.984660100991206 ], [ 31.209896390096489, 29.984667276554514 ], [ 31.209893413241698, 29.984674454006328 ], [ 31.209890444643399, 29.984681633374805 ], [ 31.209887482196891, 29.984688816435785 ], [ 31.209884528039254, 29.984695999609414 ], [ 31.209881582073383, 29.984703188307783 ], [ 31.209878642324053, 29.984710377090575 ], [ 31.209875712903546, 29.984717567818237 ], [ 31.209872789634844, 29.984724762238436 ], [ 31.209869872550314, 29.984731958547112 ], [ 31.209866965762252, 29.984739158604679 ], [ 31.209864065158378, 29.98474636055073 ], [ 31.209861170771038, 29.984753562581226 ], [ 31.209858286647805, 29.984760770164655 ], [ 31.209855408741127, 29.984767977832544 ], [ 31.209852539058588, 29.984775189221153 ], [ 31.209849675560228, 29.984782402498229 ], [ 31.209846822390727, 29.984789617720164 ], [ 31.209843975405391, 29.9847968348306 ], [ 31.209841134571889, 29.984804055633575 ], [ 31.209838304067244, 29.98481127838139 ], [ 31.209835479746779, 29.984818503017703 ], [ 31.209832663682835, 29.984825729570709 ], [ 31.20982985380309, 29.984832958012181 ], [ 31.209827052147499, 29.984840190174392 ], [ 31.209824258748437, 29.984847424253271 ], [ 31.209821473605906, 29.984854660248814 ], [ 31.209818694615194, 29.984861899936927 ], [ 31.209815923913393, 29.984869139737672 ], [ 31.209813161435754, 29.98487638325912 ], [ 31.209810407214647, 29.984883628697254 ], [ 31.209807659177741, 29.984890876023876 ], [ 31.209804919365009, 29.98489812707124 ], [ 31.209802187841184, 29.984905378231218 ], [ 31.209799462469196, 29.984912633083773 ], [ 31.209796745353746, 29.984919889852982 ], [ 31.209794036494849, 29.984927148538873 ], [ 31.20979133382016, 29.98493440911329 ], [ 31.209788641441978, 29.984941673436598 ], [ 31.209785955280381, 29.984948937844372 ], [ 31.209783275270635, 29.984956205944684 ], [ 31.209780605589767, 29.984963475989865 ], [ 31.209777942093115, 29.984970747923555 ], [ 31.209775286820658, 29.98497802357798 ], [ 31.209772637764786, 29.984985299316865 ], [ 31.209769999005434, 29.984992578804643 ], [ 31.209767366430313, 29.984999860180952 ], [ 31.209764740039411, 29.985007143445753 ], [ 31.209762123977409, 29.985014428655433 ], [ 31.20975951409963, 29.985021715753607 ], [ 31.209756912478419, 29.985029004768471 ], [ 31.209754317009072, 29.985036297475911 ], [ 31.209751731868622, 29.985043592128207 ], [ 31.209749152944777, 29.985050886864968 ], [ 31.209746580172798, 29.985058185294282 ], [ 31.209744017729719, 29.985065485668475 ], [ 31.209741461438519, 29.985072789735209 ], [ 31.209738913436258, 29.985080093914622 ], [ 31.209736373690575, 29.985087400010702 ], [ 31.209733840096764, 29.985094709799338 ], [ 31.209731314791906, 29.985102019700651 ], [ 31.209728797711254, 29.985109333322683 ], [ 31.209726286814849, 29.985116648833237 ], [ 31.209723786247363, 29.985123966288665 ], [ 31.209721291864138, 29.985131285632622 ], [ 31.209718803665154, 29.98513860686506 ], [ 31.209716325762724, 29.985145931846453 ], [ 31.20971385407692, 29.985153256912312 ], [ 31.20971139061534, 29.98516058569891 ], [ 31.209708933370376, 29.985167914569978 ], [ 31.209706484349638, 29.985175247161806 ], [ 31.209704043585507, 29.98518258167033 ], [ 31.209701611077968, 29.985189918095532 ], [ 31.209699184722314, 29.985197258213322 ], [ 31.20969676458331, 29.985204598415578 ], [ 31.209694354740861, 29.985211942366767 ], [ 31.209691949010328, 29.985219288178293 ], [ 31.209689553576386, 29.985226637738741 ], [ 31.209687164359078, 29.985233987383669 ], [ 31.209684783366001, 29.985241340749333 ], [ 31.2096824085572, 29.985248696003548 ], [ 31.209680042005012, 29.985256053174453 ], [ 31.209677681637096, 29.985263412233877 ], [ 31.209675331565762, 29.985270775042245 ], [ 31.209672985638729, 29.985278137906889 ], [ 31.209670650008285, 29.985285504520487 ], [ 31.209668320562123, 29.985292873022601 ], [ 31.209665997300245, 29.985300243413246 ], [ 31.209663684334949, 29.985307617552817 ], [ 31.209661375513971, 29.985314991748691 ], [ 31.209659076989581, 29.985322369693503 ], [ 31.209656784649486, 29.985329749526848 ], [ 31.20965450056601, 29.9853371312769 ], [ 31.209652222666818, 29.985344514915464 ], [ 31.209649953024272, 29.985351900470768 ], [ 31.209647689533636, 29.985359289718627 ], [ 31.209645434332014, 29.985366679079156 ], [ 31.209643187354644, 29.98537407216044 ], [ 31.209640948633911, 29.985381467158437 ], [ 31.209638716097491, 29.985388864044975 ], [ 31.20963648974535, 29.985396262820029 ], [ 31.209634271617482, 29.98540366531584 ], [ 31.209632061778642, 29.985411067924336 ], [ 31.209403851006421, 29.986141807202412 ], [ 31.209372374135388, 29.98624259424712 ], [ 31.209230163726396, 29.986697944348112 ], [ 31.209228239941186, 29.986704997159723 ], [ 31.209226322372771, 29.986712050055843 ], [ 31.209224413028799, 29.986719106672751 ], [ 31.209222509869239, 29.986726165178251 ], [ 31.209220614966494, 29.986733225600489 ], [ 31.209218728352937, 29.986740286135444 ], [ 31.209216847923827, 29.986747348558989 ], [ 31.209214975719124, 29.986754414703309 ], [ 31.209213109731252, 29.986761480932174 ], [ 31.209211254072571, 29.986768549105985 ], [ 31.209209404630709, 29.986775617364309 ], [ 31.209207561340911, 29.986782689315266 ], [ 31.209205726307921, 29.986789763182955 ], [ 31.209203899564137, 29.986796837163396 ], [ 31.209202081077173, 29.986803913060594 ], [ 31.209200268774666, 29.986810990846337 ], [ 31.209198464728974, 29.986818070548882 ], [ 31.20919666686774, 29.986825152139964 ], [ 31.209194877263325, 29.986832235647814 ], [ 31.209193095948127, 29.986839319268398 ], [ 31.209191320817379, 29.986846404777541 ], [ 31.20918955601584, 29.986853492231646 ], [ 31.209187797398762, 29.986860581574334 ], [ 31.209186044966142, 29.986867672805602 ], [ 31.209184300790351, 29.986874765953612 ], [ 31.209182564903792, 29.986881859214353 ], [ 31.209180837274054, 29.986888954391869 ], [ 31.2091791158288, 29.986896051457961 ], [ 31.209177402640382, 29.986903150440813 ], [ 31.209175697741188, 29.986910249536386 ], [ 31.209173998994089, 29.986917352324586 ], [ 31.209172308536214, 29.986924455225498 ], [ 31.209170626335183, 29.9869315600432 ], [ 31.20916895242339, 29.986938664973614 ], [ 31.209167284663689, 29.986945773596659 ], [ 31.209165625193215, 29.986952882332421 ], [ 31.209163971907238, 29.98695999295677 ], [ 31.209162328950477, 29.98696710552607 ], [ 31.209160692178209, 29.986974219983953 ], [ 31.209159061622795, 29.986981334526384 ], [ 31.20915744139662, 29.986988451013769 ], [ 31.209155827354945, 29.98699556938973 ], [ 31.209154221602507, 29.987002687878423 ], [ 31.209152624074552, 29.987009810087937 ], [ 31.209151032763472, 29.987016932381984 ], [ 31.209149449709262, 29.987024056592798 ], [ 31.2091478749443, 29.987031180916365 ], [ 31.20914630843621, 29.987038307156684 ], [ 31.209144748112621, 29.987045435285605 ], [ 31.209143196045904, 29.987052565331293 ], [ 31.209141652236063, 29.987059697293745 ], [ 31.209140114643109, 29.987066829340748 ], [ 31.209138585307027, 29.987073963304514 ], [ 31.209137064260222, 29.987081097381029 ], [ 31.209135551437907, 29.987088235178359 ], [ 31.209134046904865, 29.987095373088408 ], [ 31.209132548588713, 29.987102511083023 ], [ 31.209131058497057, 29.987109652798452 ], [ 31.209129574622313, 29.987116794598421 ], [ 31.209128101076825, 29.987123938343359 ], [ 31.209126633748241, 29.987131082172837 ], [ 31.209125174676551, 29.9871382279191 ], [ 31.209123723861751, 29.987145375582148 ], [ 31.209122279231476, 29.987152525133766 ], [ 31.209120842890485, 29.987159674798122 ], [ 31.209119414806384, 29.987166826379283 ], [ 31.209117995011585, 29.987173978073162 ], [ 31.20911658140129, 29.987181131655621 ], [ 31.209115178120289, 29.98718828718307 ], [ 31.209113781023824, 29.987195444599116 ], [ 31.209112390144266, 29.987202602099686 ], [ 31.209111009593993, 29.987209761545255 ], [ 31.209109635260639, 29.987216921075348 ], [ 31.209108269184199, 29.987224082522239 ], [ 31.209106911364675, 29.987231245885905 ], [ 31.209105559762076, 29.987238409334118 ], [ 31.209104218488761, 29.987245574727314 ], [ 31.209102883400003, 29.987252742009087 ], [ 31.209101556600544, 29.987259909403626 ], [ 31.20910023598562, 29.987267078686731 ], [ 31.209098925700008, 29.987274249914833 ], [ 31.209097621631336, 29.987281421227468 ], [ 31.209096325851963, 29.987288592652856 ], [ 31.209095038297136, 29.987295767799068 ], [ 31.209093756991631, 29.987302941225806 ], [ 31.209092483910673, 29.987310118373355 ], [ 31.209091219119035, 29.987317295633659 ], [ 31.20908996261673, 29.987324473006701 ], [ 31.209088712298961, 29.987331652268331 ], [ 31.209087470238135, 29.98733883344676 ], [ 31.209086236466643, 29.98734601473792 ], [ 31.209085010984477, 29.987353196141854 ], [ 31.209083791686876, 29.987360379434364 ], [ 31.209082580646218, 29.987367564643655 ], [ 31.209081377894893, 29.987374749965706 ], [ 31.20908018132813, 29.987381937176352 ], [ 31.209078995123093, 29.987389124527926 ], [ 31.209077815102617, 29.987396313768102 ], [ 31.209076643371478, 29.987403503121051 ], [ 31.209075477824925, 29.987410694362552 ], [ 31.209074322640088, 29.987417885745042 ], [ 31.209073173639837, 29.987425079016091 ], [ 31.209072032928926, 29.987432272399907 ], [ 31.20907089840259, 29.987439467672321 ], [ 31.209069774237985, 29.987446663085674 ], [ 31.209068656290356, 29.987453858583596 ], [ 31.209067546567304, 29.987461057802342 ], [ 31.209066445165995, 29.987468255329791 ], [ 31.209065349949267, 29.987475454745844 ], [ 31.209064262989521, 29.98748265607869 ], [ 31.209063184319124, 29.987489857524285 ], [ 31.209062113905706, 29.987497060886682 ], [ 31.209061051781656, 29.987504264361817 ], [ 31.209059995874583, 29.987511467921522 ], [ 31.209058948224481, 29.987518673398029 ], [ 31.209057908831372, 29.987525880791303 ], [ 31.209056877760016, 29.987533086493315 ], [ 31.209055852840876, 29.987540295887946 ], [ 31.209054836243496, 29.987547503591305 ], [ 31.209053827870715, 29.98755471501552 ], [ 31.209052827819701, 29.987561924748416 ], [ 31.209051833953289, 29.987569136369931 ], [ 31.209050850416247, 29.987576349936425 ], [ 31.209049873096212, 29.987583563587485 ], [ 31.209048901993178, 29.98759077732311 ], [ 31.209047941219527, 29.987597993003707 ], [ 31.209046986662862, 29.987605208768894 ], [ 31.209046042435602, 29.987612426479064 ], [ 31.209045104425339, 29.987619644273789 ], [ 31.20904417263209, 29.987626862153093 ], [ 31.209043251168218, 29.987634081977365 ], [ 31.209042335921364, 29.987641301886217 ], [ 31.20904142685913, 29.987648523683657 ], [ 31.209040528158692, 29.98765574562206 ], [ 31.209039635642863, 29.987662969449076 ], [ 31.20903875141645, 29.987670193388833 ], [ 31.209037875447041, 29.987677419245404 ], [ 31.209037007767044, 29.987684645214713 ], [ 31.209036146304076, 29.987691871268609 ], [ 31.209035293098115, 29.987699099239293 ], [ 31.209034448181569, 29.987706327322751 ], [ 31.209033609449662, 29.9877135572948 ], [ 31.20903278111194, 29.987720785603752 ], [ 31.209031958926477, 29.987728017605352 ], [ 31.209031142958029, 29.987735249691557 ], [ 31.209030337351404, 29.987742481918669 ], [ 31.209029537961801, 29.987749714230382 ], [ 31.209028746829237, 29.987756948458859 ], [ 31.209027963986099, 29.987764182800134 ], [ 31.2090271894, 29.987771419058195 ], [ 31.209026421030927, 29.987778655400831 ], [ 31.209025660951294, 29.987785891856216 ], [ 31.209024909128708, 29.987793130228408 ], [ 31.209024165595547, 29.987800368713373 ], [ 31.209023430319434, 29.987807609115116 ], [ 31.20902270126037, 29.987814849601445 ], [ 31.209021980490743, 29.987822090200538 ], [ 31.209021268010549, 29.987829330912383 ], [ 31.209020561715025, 29.987836573512855 ], [ 31.209019863708942, 29.987843816226071 ], [ 31.20901917603231, 29.987851060884296 ], [ 31.209018494572732, 29.987858305627096 ], [ 31.209017819330203, 29.987865550454455 ], [ 31.209017154449526, 29.987872795422771 ], [ 31.209016495753517, 29.987880042279713 ], [ 31.209015845346954, 29.98788728924939 ], [ 31.209015203197467, 29.987894538135901 ], [ 31.209014567265044, 29.987901787106964 ], [ 31.209013941694472, 29.987909036219005 ], [ 31.209013322340969, 29.987916285415608 ], [ 31.209012711244537, 29.987923536528996 ], [ 31.20901210843757, 29.987930787755179 ], [ 31.20901151184767, 29.987938039065913 ], [ 31.209010925587254, 29.987945292321658 ], [ 31.209010345576296, 29.987952543857933 ], [ 31.209009773790022, 29.987959799115057 ], [ 31.209009208253221, 29.98796705265271 ], [ 31.209008653045903, 29.98797430813536 ], [ 31.20900810405567, 29.987981563702593 ], [ 31.209007563354913, 29.987988819382576 ], [ 31.209007030943631, 29.987996075175335 ], [ 31.209006506789436, 29.988003332884922 ], [ 31.20900598885234, 29.988010590679053 ], [ 31.209005481277128, 29.988017848614163 ], [ 31.209004979886615, 29.988025108437871 ], [ 31.209004486785584, 29.988032368374366 ], [ 31.209004002006427, 29.988039626619567 ], [ 31.2090035233796, 29.988046888557445 ], [ 31.20900305307465, 29.988054148804025 ], [ 31.209002593099203, 29.98806141099563 ], [ 31.209002139340853, 29.988068673271805 ], [ 31.209001691799617, 29.988075935632551 ], [ 31.209001254620272, 29.988083198134259 ], [ 31.20900082362564, 29.988090462524585 ], [ 31.209000400920509, 29.988097727027675 ], [ 31.208999986504889, 29.988104991643542 ], [ 31.20899958037878, 29.988112256372172 ], [ 31.208999182542176, 29.988119521213573 ], [ 31.208998790890295, 29.988126787943582 ], [ 31.208998407527918, 29.988134054786389 ], [ 31.208998032455067, 29.988141321741956 ], [ 31.208997665671738, 29.988148588810283 ], [ 31.20899730717791, 29.988155855991369 ], [ 31.208996954868823, 29.988163125061089 ], [ 31.208996612954049, 29.988170392467715 ], [ 31.208996277224006, 29.988177661762979 ], [ 31.208995949783485, 29.988184931171006 ], [ 31.208995628527713, 29.988192202467655 ], [ 31.208995317666247, 29.988199472101215 ], [ 31.208995012989519, 29.988206743623415 ], [ 31.20899471663472, 29.988214013454321 ], [ 31.208994428537075, 29.988221285202048 ], [ 31.208994148728948, 29.98822855706257 ], [ 31.208993877210364, 29.988235829035837 ], [ 31.208993611876533, 29.988243102897723 ], [ 31.208993356937036, 29.988250375096534 ], [ 31.20899310818228, 29.988257649183971 ], [ 31.208992865677057, 29.988264921551945 ], [ 31.208992633501406, 29.98827219586493 ], [ 31.208992409615288, 29.988279470290689 ], [ 31.208992191946322, 29.988286744801005 ], [ 31.208991982566911, 29.988294019424114 ], [ 31.208991781444663, 29.988301295964032 ], [ 31.208991588644363, 29.988308570812674 ], [ 31.208991404101219, 29.988315847578139 ], [ 31.208863304364137, 29.9911271256627 ], [ 31.208817852556813, 29.992124581353973 ], [ 31.208817629276691, 29.99214001564151 ], [ 31.208817605493604, 29.992141686266297 ], [ 31.208817399746536, 29.992155451648436 ], [ 31.208817161926248, 29.992170887542521 ], [ 31.208816917920689, 29.992186321547919 ], [ 31.208816665592604, 29.992201757244516 ], [ 31.208816405006768, 29.992217191024228 ], [ 31.208816136130778, 29.992232624691106 ], [ 31.208815861037131, 29.992248058273329 ], [ 31.208815577653315, 29.992263491742712 ], [ 31.208815286011756, 29.992278923295206 ], [ 31.208814988120107, 29.992294356567086 ], [ 31.208814913154601, 29.992298069166608 ], [ 31.209197036990986, 29.992304257286815 ], [ 31.209623045619285, 29.992316366227243 ], [ 31.21012341623981, 29.992330587504117 ], [ 31.21016091846554, 29.992331644202036 ], [ 31.210195937620973, 29.992331871350611 ], [ 31.210428304554434, 29.992333785591892 ], [ 31.210732774147299, 29.992336291578756 ], [ 31.211082407639719, 29.992339170670739 ], [ 31.211241074052868, 29.992340475208966 ], [ 31.211490690653893, 29.992346194855511 ], [ 31.21174004817599, 29.99235156765776 ], [ 31.211934572942237, 29.992355552756649 ], [ 31.212369205543705, 29.992363644916846 ], [ 31.212514074140412, 29.992366341261874 ], [ 31.212596129114587, 29.992367868734707 ], [ 31.213082311979232, 29.992374639314061 ], [ 31.213689134057311, 29.992383088613046 ], [ 31.213958294692251, 29.992385716077056 ], [ 31.213992429400079, 29.992386022243068 ], [ 31.214304851491313, 29.992390037167741 ], [ 31.214634427910937, 29.992394271392641 ], [ 31.214878419627016, 29.992397405505656 ], [ 31.214966744273749, 29.992398540143942 ], [ 31.215285666778723, 29.992401318205644 ], [ 31.217794349632324, 29.992418275794833 ], [ 31.218022522431184, 29.992423046711526 ], [ 31.218507920180667, 29.992423247164542 ], [ 31.219269715446522, 29.992423558272971 ], [ 31.219283524057381, 29.992417965312857 ], [ 31.220601876445947, 29.99250335169522 ], [ 31.221790468368116, 29.992580324305873 ], [ 31.221818493024223, 29.992883120344505 ], [ 31.221775964251385, 29.992912240441033 ], [ 31.22182304486045, 29.993298709877553 ], [ 31.221788404985467, 29.993334039314945 ], [ 31.221942271389537, 29.994066102833497 ], [ 31.221900967658723, 29.994086830596917 ], [ 31.221918894646844, 29.994132446564237 ], [ 31.222003562395276, 29.994178220627646 ], [ 31.222063356506141, 29.994269772298942 ], [ 31.222162400869916, 29.994582091605189 ], [ 31.222197760020599, 29.994590510733239 ], [ 31.222237286054458, 29.994655213913187 ], [ 31.222251312756491, 29.994857891944431 ], [ 31.22215411095571, 29.994860942325154 ], [ 31.222158511446203, 29.995022501439809 ], [ 31.222161773723418, 29.995137783575348 ], [ 31.222135341912985, 29.995182571183392 ], [ 31.222144093637862, 29.99524994257856 ], [ 31.222164611370044, 29.995295375164606 ], [ 31.22220346096298, 29.99538164004138 ], [ 31.222253113173711, 29.99566526486139 ], [ 31.222274210965214, 29.995785387515141 ], [ 31.222416585030334, 29.996239803218685 ], [ 31.222513471331467, 29.996512614577448 ], [ 31.22268221857005, 29.996988004220217 ], [ 31.222745602080266, 29.997154423463908 ], [ 31.222819619362976, 29.997348609327766 ], [ 31.222834139598817, 29.997353367127236 ], [ 31.222897198414952, 29.997374008355916 ], [ 31.222928739292644, 29.997575573007097 ], [ 31.223028704264657, 29.997971603368146 ], [ 31.223036860034693, 29.998003705203882 ], [ 31.22307414461169, 29.998270842966789 ], [ 31.22311887281754, 29.998390293851905 ], [ 31.223157058765576, 29.998966940063148 ], [ 31.223218785759336, 29.998994438271506 ], [ 31.223229291453261, 29.999104206191319 ], [ 31.223234123122833, 29.999132524245237 ], [ 31.223269411910231, 29.999340216902713 ], [ 31.22327584984156, 29.999392527421342 ], [ 31.223312163722298, 29.999687901209331 ], [ 31.223330541681062, 29.999795671357063 ], [ 31.223349519976768, 29.999939793741845 ], [ 31.223360281469141, 29.999978204926293 ], [ 31.223587745778488, 30.000797913128014 ], [ 31.223677984670903, 30.001152734400673 ], [ 31.223685100154071, 30.001228588133934 ], [ 31.223693178110906, 30.001351891158595 ], [ 31.223706414268865, 30.001674525856238 ], [ 31.223752857793187, 30.001928222683905 ], [ 31.223782213005396, 30.002000679179595 ], [ 31.223819934973314, 30.002083999710251 ], [ 31.223882523591001, 30.002098394284992 ], [ 31.223944990442813, 30.002058409033509 ], [ 31.224069050007703, 30.001744444477154 ], [ 31.224112245793787, 30.001980332219929 ], [ 31.224112638354601, 30.001980873449217 ], [ 31.224113037165662, 30.00198141295834 ], [ 31.224113440218545, 30.001981947111272 ], [ 31.224113849553802, 30.001982477739986 ], [ 31.224114265171455, 30.001983004844501 ], [ 31.224114685030926, 30.00198352659282 ], [ 31.224115113213347, 30.001984046648946 ], [ 31.224115545637581, 30.001984561348849 ], [ 31.224115982303637, 30.001985070692545 ], [ 31.224116427324788, 30.001985576540015 ], [ 31.224116874482906, 30.001986078807352 ], [ 31.224117329996123, 30.001986577578439 ], [ 31.224117789751141, 30.001987070993344 ], [ 31.224118255820699, 30.001987559079968 ], [ 31.224118726099924, 30.001988043614446 ], [ 31.224119202693672, 30.001988522820657 ], [ 31.224119683497104, 30.001988998474715 ], [ 31.224120168510218, 30.0019894705766 ], [ 31.224120659869989, 30.001989935546192 ], [ 31.224121157512144, 30.00199039699158 ], [ 31.224121657323405, 30.001990853052796 ], [ 31.224122163417064, 30.001991305589794 ], [ 31.224122675857366, 30.001991750994495 ], [ 31.224123190434653, 30.001992192819078 ], [ 31.224123711294329, 30.001992631119457 ], [ 31.224124236427951, 30.001993062259533 ], [ 31.224124767876095, 30.001993488071399 ], [ 31.224125301461211, 30.00199391030311 ], [ 31.224125841360848, 30.001994327206575 ], [ 31.224126383461734, 30.001994736921812 ], [ 31.224126931845007, 30.001995143112829 ], [ 31.224127484470092, 30.001995543947647 ], [ 31.224128041337, 30.00199593942623 ], [ 31.224128602445717, 30.001996329548607 ], [ 31.224129167828377, 30.001996712510717 ], [ 31.224129735348022, 30.001997091892676 ], [ 31.224130309182183, 30.001997465946381 ], [ 31.224130887290301, 30.001997832839844 ], [ 31.224131467567531, 30.001998194349081 ], [ 31.224132052086571, 30.001998550502137 ], [ 31.224132640847419, 30.001998901298954 ], [ 31.224133233850097, 30.001999246739544 ], [ 31.22413382902187, 30.001999586795968 ], [ 31.224134428467607, 30.001999919692114 ], [ 31.224135032155147, 30.002000247232033 ], [ 31.224135638011809, 30.002000569387764 ], [ 31.224136248142401, 30.002000884383229 ], [ 31.224136860442123, 30.002001193994495 ], [ 31.224137476983646, 30.002001498249555 ], [ 31.224138097799131, 30.002001795344327 ], [ 31.224138720783714, 30.002002087054937 ], [ 31.224139345937409, 30.002002373381337 ], [ 31.224139975365059, 30.002002652547471 ], [ 31.224140606961814, 30.002002926329428 ], [ 31.224141240759806, 30.002003192923127 ], [ 31.224141876726918, 30.002003454132648 ], [ 31.224142516967969, 30.00200370818191 ], [ 31.224143159378137, 30.002003956846963 ], [ 31.224143806062241, 30.002004198351731 ], [ 31.224144452842761, 30.002004434444359 ], [ 31.224145101824526, 30.002004663348771 ], [ 31.224145755048099, 30.002004886896916 ], [ 31.224146408400205, 30.002005103228878 ], [ 31.224147065994135, 30.002005314204631 ], [ 31.224147723716587, 30.00200551796415 ], [ 31.224148385712997, 30.002005714563413 ], [ 31.224149047805803, 30.002005905750519 ], [ 31.224149712099862, 30.002006089749379 ], [ 31.224150378563017, 30.002006268364045 ], [ 31.224151047227426, 30.002006439790485 ], [ 31.224151718093065, 30.002006604028672 ], [ 31.224152389087244, 30.002006761050648 ], [ 31.224153062250537, 30.002006912688437 ], [ 31.224153735510225, 30.002007058914071 ], [ 31.22415441100329, 30.002007196147424 ], [ 31.224155088665466, 30.002007327996566 ], [ 31.224155766456164, 30.00200745262951 ], [ 31.224156446448113, 30.00200757007422 ], [ 31.224157126536465, 30.002007682106747 ], [ 31.224157808826057, 30.002007786951047 ], [ 31.224158491244179, 30.002007884579157 ], [ 31.2241591737587, 30.002007976795085 ], [ 31.224159858474469, 30.002008061822782 ], [ 31.224160543350909, 30.00200813783022 ], [ 31.22416122829161, 30.002008210229544 ], [ 31.224161915465682, 30.002008273636598 ], [ 31.224162600663455, 30.002008331603498 ], [ 31.224163288062464, 30.002008382382161 ], [ 31.224163975590013, 30.002008425944613 ], [ 31.224164661141241, 30.00200846406694 ], [ 31.224165348925858, 30.002008493196993 ], [ 31.224166036806874, 30.00200851691487 ], [ 31.224166724816417, 30.002008533416529 ], [ 31.224167410849656, 30.002008544478091 ], [ 31.22416809911627, 30.002008546547337 ], [ 31.224168785406572, 30.002008543176469 ], [ 31.224169473898119, 30.00200853261736 ], [ 31.224170158372779, 30.002008514786095 ], [ 31.224170845016552, 30.002008491570642 ], [ 31.224171529716148, 30.002008461111021 ], [ 31.224172214544279, 30.002008423435182 ], [ 31.224172899500946, 30.002008378543128 ], [ 31.224173582513433, 30.002008326406905 ], [ 31.22417426562232, 30.002008268858514 ], [ 31.224174946787034, 30.002008204065969 ], [ 31.224175628080278, 30.002008132057203 ], [ 31.224176307397215, 30.002008054608304 ], [ 31.224176984802114, 30.002007968111165 ], [ 31.224177662303408, 30.002007876201894 ], [ 31.224178339901105, 30.002007778880451 ], [ 31.224179013514053, 30.002007672482819 ], [ 31.224179687223405, 30.002007560673007 ], [ 31.224180358988569, 30.002007441619032 ], [ 31.224181028777441, 30.002007317124942 ], [ 31.224181696622125, 30.002007185386663 ], [ 31.22418236252264, 30.002007046404213 ], [ 31.224183028551685, 30.002006900205544 ], [ 31.224183690531721, 30.00200674853879 ], [ 31.224184352640282, 30.002006589655821 ], [ 31.224185010699824, 30.002006425304756 ], [ 31.224185668920033, 30.00200625193343 ], [ 31.224186323059097, 30.002006074898066 ], [ 31.224186975286113, 30.002005888814473 ], [ 31.224187625536828, 30.002005697290755 ], [ 31.224188273811222, 30.002005500326906 ], [ 31.224188918068748, 30.002005296090925 ], [ 31.224189562454804, 30.002005084638739 ], [ 31.224190202791839, 30.002004867718441 ], [ 31.224190839111991, 30.002004643525989 ], [ 31.224191473455836, 30.002004413893427 ], [ 31.224192105855497, 30.00200417701668 ], [ 31.224192736278852, 30.002003934699818 ], [ 31.22419336058049, 30.002003686886898 ], [ 31.224193985042795, 30.002003430053712 ], [ 31.224194605423943, 30.002003169556481 ], [ 31.224195221788211, 30.002002901787115 ], [ 31.224195836176172, 30.002002628577607 ], [ 31.224196446547243, 30.002002348095974 ], [ 31.224197052869307, 30.002002062146239 ], [ 31.224197655174486, 30.002001768924345 ], [ 31.224198255503353, 30.002001470262332 ], [ 31.224198851783207, 30.002001166132242 ], [ 31.224199446086743, 30.002000856562024 ], [ 31.224200034300701, 30.002000539691682 ], [ 31.22420062053834, 30.00200021738123 ], [ 31.22420120065426, 30.001999889574709 ], [ 31.224201778793876, 30.001999556328052 ], [ 31.224202352916603, 30.001999215809263 ], [ 31.224202922958181, 30.001998871626416 ], [ 31.224203488982873, 30.001998520171451 ], [ 31.224204048885856, 30.001998163220414 ], [ 31.224204606812517, 30.001997800829262 ], [ 31.224205160722292, 30.001997431165954 ], [ 31.224205708478216, 30.001997057810634 ], [ 31.22420625218513, 30.001996678987233 ], [ 31.224206791843024, 30.00199629469574 ], [ 31.224207327484038, 30.00199590313208 ], [ 31.224207859043894, 30.001995507904411 ], [ 31.224208384482029, 30.001995107180651 ], [ 31.224208905871158, 30.001994700988838 ], [ 31.22420942321126, 30.001994289328895 ], [ 31.224209934429645, 30.001993872172918 ], [ 31.224210441599009, 30.001993449548838 ], [ 31.224210944687229, 30.001993023260724 ], [ 31.224211441653726, 30.001992591476551 ], [ 31.224211932498502, 30.001992154196298 ], [ 31.224212421366971, 30.001991711475956 ], [ 31.224212902041007, 30.001991263231563 ], [ 31.224213378633888, 30.001990811323118 ], [ 31.224213851177762, 30.001990353946599 ], [ 31.224214317567789, 30.001989892878083 ], [ 31.224214777836078, 30.001989426313497 ], [ 31.224215234023227, 30.001988956084862 ], [ 31.224215682015945, 30.001988480332223 ], [ 31.224216128032353, 30.001987999139441 ], [ 31.224216565822207, 30.001987514226705 ], [ 31.224216999530913, 30.0019870256499 ], [ 31.224217427117885, 30.001986531577064 ], [ 31.224217850655844, 30.001986032036118 ], [ 31.224218265935125, 30.001985530579258 ], [ 31.224218677165382, 30.001985023654303 ], [ 31.224219082241778, 30.00198451303735 ], [ 31.224219479123757, 30.00198399689635 ], [ 31.224219873965151, 30.001983478923346 ], [ 31.224220260612132, 30.001982955426321 ], [ 31.224220641105244, 30.001982428237277 ], [ 31.22422101544451, 30.001981897356242 ], [ 31.224221385734769, 30.001981361007097 ], [ 31.224221747766329, 30.001980822742034 ], [ 31.224222103644035, 30.001980280784981 ], [ 31.224429352153027, 30.001430296458285 ], [ 31.224495768988149, 30.001454623743665 ], [ 31.224356855602405, 30.001737685037085 ], [ 31.224340708141796, 30.001814592675508 ], [ 31.224340387949763, 30.001866212872333 ], [ 31.224288844805947, 30.001964065776889 ], [ 31.224257188168973, 30.002014635194538 ], [ 31.224205898866426, 30.002071921247612 ], [ 31.224205201200736, 30.002072563252892 ], [ 31.224204511761599, 30.002073208978135 ], [ 31.224203824298755, 30.002073860143504 ], [ 31.22420314503033, 30.002074516832877 ], [ 31.224202469810912, 30.00207517899036 ], [ 31.224201798672635, 30.00207584481187 ], [ 31.224201133688204, 30.002076514325392 ], [ 31.224200474793356, 30.002077191139001 ], [ 31.224199820011783, 30.002077869812595 ], [ 31.224199171351913, 30.002078553982262 ], [ 31.224198528813762, 30.002079243647955 ], [ 31.224197890356734, 30.002079936977701 ], [ 31.224197258021434, 30.002080635803509 ], [ 31.224196631839973, 30.002081338321315 ], [ 31.224196009707523, 30.002082046307191 ], [ 31.224195395833753, 30.00208275620901 ], [ 31.224194785976859, 30.002083473382946 ], [ 31.224194182305943, 30.002084192444848 ], [ 31.224193582684038, 30.002084916974837 ], [ 31.224192991288678, 30.002085645224781 ], [ 31.224192403942322, 30.002086378942831 ], [ 31.224191822749816, 30.002087116352872 ], [ 31.224191247711158, 30.002087857454935 ], [ 31.224190678826346, 30.002088602248978 ], [ 31.224190114022669, 30.002089350707074 ], [ 31.224189557413414, 30.002090104689195 ], [ 31.224189004917427, 30.002090860531279 ], [ 31.224188460615867, 30.002091621897389 ], [ 31.224187920395437, 30.002092386927576 ], [ 31.224187386328868, 30.002093155649728 ], [ 31.224186860488846, 30.002093928091863 ], [ 31.22418633872995, 30.00209470419804 ], [ 31.224185823092782, 30.002095485800268 ], [ 31.224185313641591, 30.002096269290437 ], [ 31.224184812416947, 30.00209705650061 ], [ 31.224184315273448, 30.002097847374792 ], [ 31.224183824283791, 30.002098641940979 ], [ 31.224183341520696, 30.002099440227152 ], [ 31.224182862838731, 30.002100242177345 ], [ 31.224182390342747, 30.002101046015511 ], [ 31.22418192604119, 30.002101855377699 ], [ 31.224181467925614, 30.002102666627838 ], [ 31.224181015963882, 30.002103481569979 ], [ 31.224180570155998, 30.002104300204131 ], [ 31.224180130534091, 30.002105120726224 ], [ 31.224179697066042, 30.002105944940336 ], [ 31.224179269751826, 30.002106772846446 ], [ 31.224178850664174, 30.002107604472535 ], [ 31.224178437762504, 30.002108437986578 ], [ 31.224178028941978, 30.00210927516466 ], [ 31.224177630452839, 30.002110114286612 ], [ 31.224177236044842, 30.002110957072624 ], [ 31.224176847822832, 30.00211180174659 ], [ 31.224176467827377, 30.002112650140525 ], [ 31.224176093985758, 30.002113502226461 ], [ 31.224175726330131, 30.00211435620038 ], [ 31.224175366933196, 30.002115212090196 ], [ 31.224175013690104, 30.002116071672013 ], [ 31.224174666632997, 30.002116933141799 ], [ 31.224174325761876, 30.002117796499519 ], [ 31.224173993117308, 30.002118663577246 ], [ 31.224173666658725, 30.00211953254291 ], [ 31.224173346353993, 30.002120405200589 ], [ 31.224173032267366, 30.002121277942141 ], [ 31.224172726407311, 30.002122154403697 ], [ 31.224172426733229, 30.002123032753207 ], [ 31.224172135285702, 30.002123914822683 ], [ 31.224171850056305, 30.002124796976062 ], [ 31.224171570980754, 30.002125682821461 ], [ 31.224171298123309, 30.002126568750754 ], [ 31.224171033492439, 30.002127458400025 ], [ 31.224170775047543, 30.002128349937255 ], [ 31.224170524861339, 30.002129243390403 ], [ 31.224170280893262, 30.002130136927452 ], [ 31.22417004515173, 30.002131034184476 ], [ 31.224169813523485, 30.002131933301509 ], [ 31.224169592258772, 30.00213283255836 ], [ 31.224169375075206, 30.002133735479255 ], [ 31.224169166182463, 30.002134638512032 ], [ 31.224168965516274, 30.002135545264778 ], [ 31.224168768995494, 30.002136452073461 ], [ 31.224168582838271, 30.002137359021972 ], [ 31.224168400762171, 30.002138269634536 ], [ 31.224168226976911, 30.002139180358967 ], [ 31.224168061450328, 30.002140092999337 ], [ 31.224167902109748, 30.00214100752763 ], [ 31.224167748987288, 30.002141922139856 ], [ 31.224167604123512, 30.002142838667996 ], [ 31.224167467518441, 30.002143757112059 ], [ 31.224167335058784, 30.002144675612072 ], [ 31.224167212930521, 30.002145596055964 ], [ 31.224167094947674, 30.002146516555797 ], [ 31.22416698525566, 30.00214743716753 ], [ 31.224166883822338, 30.002148359695138 ], [ 31.224166788575005, 30.00214928411074 ], [ 31.224166701618508, 30.002150208638184 ], [ 31.224166620880119, 30.002151133249566 ], [ 31.224166546327734, 30.002152059748873 ], [ 31.224166480066177, 30.002152986360077 ], [ 31.224166420022737, 30.002153913055178 ], [ 31.224166368238002, 30.002154841666208 ], [ 31.224166324744086, 30.002155770389109 ], [ 31.224166287468293, 30.002156699195908 ], [ 31.224166256410633, 30.002157628086628 ], [ 31.224166233643803, 30.002158557089196 ], [ 31.224166217062962, 30.002159487979743 ], [ 31.224166208772946, 30.002160418982161 ], [ 31.224166206733202, 30.002161348264419 ], [ 31.224166212952145, 30.00216227946261 ], [ 31.224166225389219, 30.002163210744698 ], [ 31.224166244044415, 30.002164142110704 ], [ 31.224166273063148, 30.002165073616542 ], [ 31.224166306259441, 30.002166003374271 ], [ 31.224166347714423, 30.002166935047917 ], [ 31.224166397492379, 30.002167865029399 ], [ 31.22416645345632, 30.002168796898829 ], [ 31.224166515670532, 30.002169727048116 ], [ 31.224166586175574, 30.002170657309271 ], [ 31.224166664971445, 30.002171587682305 ], [ 31.224166747944878, 30.002172516307233 ], [ 31.224166841249712, 30.002173446876053 ], [ 31.224166938732097, 30.002174375696743 ], [ 31.224167046610162, 30.002175302853228 ], [ 31.224167158601521, 30.002176231869708 ], [ 31.224167278915836, 30.002177159194012 ], [ 31.224167407553121, 30.00217808482612 ], [ 31.224167542408544, 30.00217901054214 ], [ 31.22416768348209, 30.002179936342074 ], [ 31.224167832878603, 30.002180860449826 ], [ 31.224167988493246, 30.002181784641479 ], [ 31.22416815243086, 30.00218270714096 ], [ 31.224168322618741, 30.002183627920285 ], [ 31.224168501097449, 30.002184548811499 ], [ 31.224168685826424, 30.00218546798256 ], [ 31.22416887677354, 30.002186387237515 ], [ 31.224169076043616, 30.002187304800309 ], [ 31.224169281563952, 30.00218822064295 ], [ 31.224169493302423, 30.002189136569477 ], [ 31.224169713395998, 30.002190048999804 ], [ 31.2241699397077, 30.002190961514025 ], [ 31.224170174342376, 30.002191872336066 ], [ 31.224170415195193, 30.002192783242016 ], [ 31.224170662330398, 30.002193690623741 ], [ 31.224170917756442, 30.002194598117356 ], [ 31.224171179464886, 30.002195502086785 ], [ 31.224171447391466, 30.002196406140115 ], [ 31.22417172364101, 30.002197308501263 ], [ 31.22417200617296, 30.002198207338214 ], [ 31.224172294923033, 30.002199106259066 ], [ 31.224172591996091, 30.002200003487747 ], [ 31.224172895351536, 30.002200897192214 ], [ 31.224173204925126, 30.002201790980589 ], [ 31.224173520781108, 30.002202681244786 ], [ 31.224173844960067, 30.002203569816778 ], [ 31.224269740593996, 30.002623343684398 ], [ 31.224338978701553, 30.002843176358169 ], [ 31.224343617456221, 30.002857905800223 ], [ 31.224363290337863, 30.002980010057932 ], [ 31.224410531368573, 30.003025727085888 ], [ 31.224449962569572, 30.003067487958937 ], [ 31.224449973780644, 30.0030711656505 ], [ 31.224524562023088, 30.003040559182125 ], [ 31.224540135169462, 30.002996954580805 ], [ 31.224516437260817, 30.002948346850779 ], [ 31.224512494683694, 30.002940857377901 ], [ 31.224508552107135, 30.002933367904948 ], [ 31.224508432864543, 30.002834009546664 ], [ 31.22455548276702, 30.002765658835461 ], [ 31.224575087462863, 30.002755278660615 ], [ 31.22460644695294, 30.002737932953675 ], [ 31.224673179446114, 30.002563424600194 ], [ 31.224708666626526, 30.002443038894725 ], [ 31.224756090227338, 30.002297212151614 ], [ 31.22475641169229, 30.002230838496398 ], [ 31.224756962316913, 30.002134944747382 ], [ 31.224852227337365, 30.001876262958554 ], [ 31.224866305996905, 30.001815854625406 ], [ 31.224855759784475, 30.001825743509819 ], [ 31.224880967405191, 30.001674273956702 ], [ 31.224920828155295, 30.001550175779908 ], [ 31.225094138944776, 30.001086782698582 ], [ 31.225161149691761, 30.000903628856637 ], [ 31.225234015979908, 30.000686983276228 ], [ 31.225446164047369, 30.000059363724649 ], [ 31.22539522612373, 30.000032589444487 ], [ 31.225394298254962, 30.000032188968831 ], [ 31.225393370514642, 30.000031781276952 ], [ 31.225392447015977, 30.000031368228786 ], [ 31.225391527791089, 30.000030948020314 ], [ 31.2253906107352, 30.000030522427622 ], [ 31.225389695848307, 30.000030091450714 ], [ 31.225388787307864, 30.000029653341425 ], [ 31.225387878895855, 30.000029208015903 ], [ 31.225386976798166, 30.000028757362092 ], [ 31.225386076869494, 30.000028301324033 ], [ 31.225385181182478, 30.000027839929718 ], [ 31.225384287696567, 30.000027371347127 ], [ 31.225383398484436, 30.000026895604211 ], [ 31.225382513481858, 30.000026416309066 ], [ 31.225381632753056, 30.00002592985361 ], [ 31.22538075626591, 30.000025438041902 ], [ 31.225379881979887, 30.000024939041896 ], [ 31.225379011935523, 30.000024434685628 ], [ 31.225378146132822, 30.000023924973096 ], [ 31.225377284571792, 30.000023409904291 ], [ 31.225376427284541, 30.000022887675147 ], [ 31.225375572166282, 30.000022360061813 ], [ 31.225374723362357, 30.000021827120133 ], [ 31.225373876727428, 30.000021288794255 ], [ 31.225373036406832, 30.000020745140045 ], [ 31.22537220036001, 30.000020194325511 ], [ 31.225371366450084, 30.000019639930816 ], [ 31.225370538886601, 30.000019078403749 ], [ 31.225369715564781, 30.000018511520409 ], [ 31.225368894411957, 30.000017939252842 ], [ 31.225368079573474, 30.00001736165698 ], [ 31.225367268976644, 30.000016778704826 ], [ 31.225366462621487, 30.000016190396423 ], [ 31.225365662612777, 30.000015594955634 ], [ 31.22536486474095, 30.000014995934666 ], [ 31.225364073183457, 30.000014391585392 ], [ 31.225363285867633, 30.000013781879858 ], [ 31.225362502793473, 30.000013166818043 ], [ 31.225361726065749, 30.000012544623864 ], [ 31.2253609535476, 30.000011918877448 ], [ 31.225360185271096, 30.000011287774804 ], [ 31.225359421204164, 30.000010653119919 ], [ 31.225358663483675, 30.000010011332673 ], [ 31.225357910004838, 30.000009364189129 ], [ 31.225357162808226, 30.000008713521353 ], [ 31.225356419853298, 30.000008057497283 ], [ 31.225355681140023, 30.000007396116953 ], [ 31.225354948741082, 30.000006729408319 ], [ 31.22535422265647, 30.000006057371358 ], [ 31.225353498708749, 30.000005381754217 ], [ 31.225352783148026, 30.000004700836733 ], [ 31.225352071828976, 30.000004014562972 ], [ 31.225351364719479, 30.000003324736984 ], [ 31.225350663924317, 30.000002629582671 ], [ 31.225349967370818, 30.000001929072123 ], [ 31.225349277131645, 30.00000122323323 ], [ 31.225348593174708, 30.000000513870074 ], [ 31.225347913427317, 29.999999800954704 ], [ 31.225347239994257, 29.999999082711039 ], [ 31.225346572875541, 29.99999835913902 ], [ 31.225345909966371, 29.999997632014814 ], [ 31.225345253371529, 29.999996899562294 ], [ 31.225344603058915, 29.999996163585482 ], [ 31.225343959060627, 29.999995422280367 ], [ 31.225343319271907, 29.999994677423047 ], [ 31.225342685765408, 29.999993929041445 ], [ 31.225342058573229, 29.999993175331525 ], [ 31.225341435590611, 29.999992418069393 ], [ 31.225340820994983, 29.999991655506907 ], [ 31.225340210608927, 29.99999088939219 ], [ 31.225339606505084, 29.99999011975321 ], [ 31.225339008715562, 29.999989344785931 ], [ 31.225338415135607, 29.999988566266435 ], [ 31.225337829910544, 29.999987784250592 ], [ 31.225337250967691, 29.999986998710519 ], [ 31.225336676234395, 29.999986209618221 ], [ 31.225336109888097, 29.999985415225549 ], [ 31.22533554775136, 29.999984617280671 ], [ 31.22533499189683, 29.999983815811532 ], [ 31.225334444397191, 29.999983010846066 ], [ 31.225333901107117, 29.999982202328408 ], [ 31.225333364099257, 29.999981390286468 ], [ 31.225332835446284, 29.999980574748211 ], [ 31.225332311034972, 29.999979753853708 ], [ 31.225331792873767, 29.999978931238996 ], [ 31.225331283067455, 29.999978105127948 ], [ 31.225330777470688, 29.999977275464694 ], [ 31.22533028022881, 29.999976442305126 ], [ 31.225329789269153, 29.999975605621295 ], [ 31.225329304591718, 29.999974765413203 ], [ 31.225328826196492, 29.999973921680841 ], [ 31.225328354051392, 29.999973076228297 ], [ 31.225327888220605, 29.999972225447404 ], [ 31.225327428639932, 29.99997137294632 ], [ 31.225326977414142, 29.999970516948903 ], [ 31.225326532438462, 29.999969659231301 ], [ 31.22532609377711, 29.99996879618535 ], [ 31.225325661365876, 29.99996793141921 ], [ 31.225325235204739, 29.999967064932868 ], [ 31.225324817398484, 29.999966194950208 ], [ 31.225324405874449, 29.999965321443266 ], [ 31.225324000632639, 29.999964444412083 ], [ 31.225323601640927, 29.999963565660686 ], [ 31.225323210971982, 29.999962685217021 ], [ 31.22532282658527, 29.999961801249093 ], [ 31.22532244848076, 29.999960913756915 ], [ 31.225322078699026, 29.999960024572474 ], [ 31.225321715167411, 29.999959133667804 ], [ 31.225321357917998, 29.999958239238897 ], [ 31.225321008991365, 29.99995734311771 ], [ 31.225320664242165, 29.999956445248383 ], [ 31.225320329920518, 29.99995554391068 ], [ 31.22531999977631, 29.999954640824832 ], [ 31.225319677986977, 29.999953734242659 ], [ 31.22531936448831, 29.99995282777228 ], [ 31.225319055199193, 29.999951917749708 ], [ 31.225318754232845, 29.999951006034863 ], [ 31.225318461621384, 29.999950090823699 ], [ 31.225318175227912, 29.999949175696386 ], [ 31.22531789508454, 29.999948258848839 ], [ 31.225317623296053, 29.99994733850502 ], [ 31.225317357757667, 29.999946416440967 ], [ 31.22531710050994, 29.999945494488713 ], [ 31.225316849544431, 29.999944569012197 ], [ 31.225316606901682, 29.999943641843416 ], [ 31.225316370476939, 29.9999427147585 ], [ 31.225316140334392, 29.999941784149307 ], [ 31.225315918482519, 29.999940853651896 ], [ 31.225315704985519, 29.999939919658186 ], [ 31.225315495633847, 29.999938985720384 ], [ 31.225315296677604, 29.999938050118267 ], [ 31.225315103939352, 29.999937114599987 ], [ 31.225314917483324, 29.999936175557437 ], [ 31.225314739317938, 29.99993523662668 ], [ 31.22531456947533, 29.999934296003676 ], [ 31.225314405882813, 29.999933353660456 ], [ 31.225314248508294, 29.999932411401087 ], [ 31.225314099456536, 29.999931467449468 ], [ 31.225313958727543, 29.999930521805588 ], [ 31.225313824216549, 29.99992957624552 ], [ 31.225313695955649, 29.999928628965279 ], [ 31.225313575985407, 29.999927681796812 ], [ 31.225313464337926, 29.999926732936096 ], [ 31.225313358908441, 29.999925784159242 ], [ 31.225313261801716, 29.999924833690095 ], [ 31.225313172985643, 29.999923883332759 ], [ 31.225313088314895, 29.999922933031328 ], [ 31.225313014039582, 29.999921981065569 ], [ 31.22531294598225, 29.999921029183671 ], [ 31.225312886247686, 29.999920075609495 ], [ 31.225312832731106, 29.999919122119174 ], [ 31.225312787505178, 29.999918168740649 ], [ 31.225312748497252, 29.999917215445958 ], [ 31.225312717779964, 29.999916262263071 ], [ 31.225312693312777, 29.999915307359988 ], [ 31.225312677136241, 29.99991435256868 ], [ 31.225312669218255, 29.999913399693217 ], [ 31.225312667550355, 29.999912445097554 ], [ 31.225312674173114, 29.999911490613691 ], [ 31.225312687013854, 29.999910536213655 ], [ 31.22531270814525, 29.999909581925436 ], [ 31.22531273756729, 29.999908627748994 ], [ 31.225312773207317, 29.999907673656409 ], [ 31.225312815065333, 29.999906719647655 ], [ 31.225312865213997, 29.999905765750704 ], [ 31.225312923621214, 29.999904813769604 ], [ 31.225312990351167, 29.999903860096229 ], [ 31.225313063267009, 29.999902908310769 ], [ 31.225313142400839, 29.999901956609129 ], [ 31.225313229825318, 29.999901005019311 ], [ 31.225313325540426, 29.999900053541275 ], [ 31.225313427441431, 29.999899103951137 ], [ 31.225313537633077, 29.999898154472799 ], [ 31.225313654010598, 29.999897206882359 ], [ 31.22531377867876, 29.999896259403698 ], [ 31.225313911637581, 29.999895312036845 ], [ 31.225314050782266, 29.999894366557868 ], [ 31.225314196144939, 29.999893421162749 ], [ 31.225314349798261, 29.999892475879424 ], [ 31.22531451171011, 29.999891532511967 ], [ 31.225314679807845, 29.999890591032397 ], [ 31.225314856196217, 29.999889649664595 ], [ 31.225315038770461, 29.999888710184713 ], [ 31.225315229603254, 29.999887772620671 ], [ 31.225315428726674, 29.999886835168425 ], [ 31.225315631963319, 29.999885899576121 ], [ 31.225315845563269, 29.999884964123559 ], [ 31.225316065316971, 29.99988403236296 ], [ 31.225316291288664, 29.999883100686194 ], [ 31.225316525518885, 29.999882170925282 ], [ 31.225316765967094, 29.999881241248215 ], [ 31.225317014641725, 29.999880315291037 ], [ 31.225317271607, 29.999879389445649 ], [ 31.225317534758137, 29.999878465488166 ], [ 31.225317804095162, 29.999877543418581 ], [ 31.225318081658607, 29.999876625068893 ], [ 31.225318365440021, 29.999875706803056 ], [ 31.225318657479985, 29.999874790453067 ], [ 31.225318955705802, 29.999873875990957 ], [ 31.225319260117498, 29.999872963416756 ], [ 31.225319572787722, 29.999872052758406 ], [ 31.225319893684379, 29.999871145819949 ], [ 31.225320220799002, 29.999870238965347 ], [ 31.225320554067387, 29.999869335802671 ], [ 31.225320895594304, 29.999868434555836 ], [ 31.225321243307103, 29.999867535196923 ], [ 31.225321597205756, 29.999866637725908 ], [ 31.225321959330838, 29.999865743974777 ], [ 31.225322327641791, 29.999864852111532 ], [ 31.225322704211273, 29.999863962164159 ], [ 31.225323086934512, 29.999863075908717 ], [ 31.225323475843624, 29.99986219154119 ], [ 31.225323873011259, 29.999861309089479 ], [ 31.225324274259993, 29.999860430301787 ], [ 31.225324685839926, 29.999859553457899 ], [ 31.225325101533056, 29.999858678473956 ], [ 31.225325525420502, 29.999857809013939 ], [ 31.225325955525918, 29.999856939637777 ], [ 31.225326391752986, 29.999856075757627 ], [ 31.225326836270693, 29.99985521198926 ], [ 31.225327286910051, 29.999854353716891 ], [ 31.225327743735281, 29.99985349733241 ], [ 31.225328206746362, 29.99985264283584 ], [ 31.225328677951772, 29.999851793863229 ], [ 31.225329155343037, 29.999850946778487 ], [ 31.225329638888063, 29.999850103385725 ], [ 31.225330128618953, 29.99984926188084 ], [ 31.225330624503609, 29.999848424067892 ], [ 31.225331128614673, 29.999847589974856 ], [ 31.225331636806839, 29.999846759545825 ], [ 31.225332153225416, 29.999845932836696 ], [ 31.225332675797752, 29.999845109819503 ], [ 31.225333204555959, 29.999844288690195 ], [ 31.225333739435801, 29.999843473056906 ], [ 31.225334280501521, 29.999842659311508 ], [ 31.22533482979366, 29.999841849285978 ], [ 31.22533538313478, 29.999841044728548 ], [ 31.225335942661765, 29.999840242058973 ], [ 31.225336510415165, 29.999839443109323 ], [ 31.22533708221755, 29.999838649627709 ], [ 31.225337660205813, 29.999837858033988 ], [ 31.225338246388372, 29.99983707196423 ], [ 31.225338836684141, 29.999836287754412 ], [ 31.225339435174213, 29.999835509068532 ], [ 31.225340037745379, 29.999834734046662 ], [ 31.225340646438198, 29.999833964520775 ], [ 31.225341261316878, 29.999833196882811 ], [ 31.225341882317203, 29.999832434740824 ], [ 31.22534250947129, 29.999831676290786 ], [ 31.225343142779121, 29.999830921532698 ], [ 31.225343780168046, 29.99983017043861 ], [ 31.225344425751292, 29.999829424868469 ], [ 31.225345075415621, 29.999828682962331 ], [ 31.225345731201603, 29.999827946552202 ], [ 31.225346393141333, 29.99982721383401 ], [ 31.225347061234821, 29.999826484807748 ], [ 31.225347733377294, 29.999825761249561 ], [ 31.225348411673522, 29.999825041383314 ], [ 31.225349096091406, 29.999824327013062 ], [ 31.225349786663038, 29.999823616334755 ], [ 31.225350481283648, 29.999822911124511 ], [ 31.225351182025911, 29.999822211410248 ], [ 31.225351886881374, 29.999821513555915 ], [ 31.22535259989904, 29.999820823029619 ], [ 31.225353314925133, 29.999820136139348 ], [ 31.225354038145536, 29.999819454773043 ], [ 31.22535476544704, 29.999818777070733 ], [ 31.225355496797508, 29.999818104836447 ], [ 31.225356236342304, 29.999817438126119 ], [ 31.22535697789553, 29.999816775051848 ], [ 31.225357725570394, 29.999816117473593 ], [ 31.225358479366911, 29.999815465391308 ], [ 31.225359237244518, 29.999814816973018 ], [ 31.225360001211666, 29.999814175854816 ], [ 31.225360769259904, 29.99981353840057 ], [ 31.225361541357138, 29.99981290641438 ], [ 31.225362319576007, 29.999812279924218 ], [ 31.225363101875967, 29.999811657098032 ], [ 31.225363890265474, 29.999811041571874 ], [ 31.225364682736078, 29.999810429709761 ], [ 31.225365479255657, 29.999809823315655 ], [ 31.225366281864776, 29.999809224221611 ], [ 31.225367088554993, 29.999808628791566 ], [ 31.225367899294195, 29.999808038829574 ], [ 31.225368714082389, 29.999807454335631 ], [ 31.225369534992218, 29.999806875337693 ], [ 31.225370357878376, 29.999806301779852 ], [ 31.225371186886182, 29.999805733717988 ], [ 31.225372019942981, 29.999805171124194 ], [ 31.225372859089312, 29.999804615830438 ], [ 31.225373700244084, 29.999804064172739 ], [ 31.225374545447838, 29.999803517983075 ], [ 31.225375396741128, 29.999802979093484 ], [ 31.225376252115506, 29.999802443867871 ], [ 31.225377109434113, 29.999801915886412 ], [ 31.225377972874362, 29.999801393400951 ], [ 31.225378838290947, 29.9998008763556 ], [ 31.225379709829166, 29.999800364806234 ], [ 31.225380585384276, 29.999799860528977 ], [ 31.225381462915703, 29.999799361691807 ], [ 31.225382344496118, 29.999798868322699 ], [ 31.225383232198187, 29.99979838044958 ], [ 31.22538412187658, 29.999797898016556 ], [ 31.225385015571849, 29.99979742285565 ], [ 31.22538591124345, 29.99979695313483 ], [ 31.2253868130367, 29.999796488910004 ], [ 31.225387716774168, 29.999796031929353 ], [ 31.225388624560619, 29.999795580416727 ], [ 31.225389536396058, 29.999795134372164 ], [ 31.225390452248384, 29.999794695599693 ], [ 31.22539137007703, 29.999794262267322 ], [ 31.225392291954673, 29.999793834402993 ], [ 31.225393215776531, 29.999793413782836 ], [ 31.225394143647382, 29.999792998630696 ], [ 31.225395075535115, 29.999792590750683 ], [ 31.225396009399169, 29.999792188310767 ], [ 31.22539694731222, 29.999791791338893 ], [ 31.225397887169486, 29.999791401611169 ], [ 31.225398831043634, 29.999791019155552 ], [ 31.225399776926221, 29.999790640335966 ], [ 31.225400726793584, 29.999790270592555 ], [ 31.225401678637269, 29.99978990628923 ], [ 31.225402632457289, 29.999789547426001 ], [ 31.225403590294203, 29.999789195834879 ], [ 31.22540455010742, 29.99978884968386 ], [ 31.225405513937538, 29.999788510804937 ], [ 31.225406479711879, 29.999788179170153 ], [ 31.22540744746254, 29.999787852975494 ], [ 31.225408417157439, 29.999787534024975 ], [ 31.225409390901316, 29.999787220542508 ], [ 31.225410366589418, 29.999786914304185 ], [ 31.225411344253857, 29.999786613505968 ], [ 31.225412323830405, 29.999786321755952 ], [ 31.225413305415394, 29.999786033641978 ], [ 31.225414290985171, 29.999785754604172 ], [ 31.225415276458602, 29.99978548097851 ], [ 31.225416265981035, 29.999785212820875 ], [ 31.225417255375028, 29.999784951879466 ], [ 31.22541824878591, 29.999784698210163 ], [ 31.225419242068355, 29.999784451757041 ], [ 31.225420239399796, 29.999784210771988 ], [ 31.225421236602788, 29.999783977003137 ], [ 31.225422237822681, 29.99978375050636 ], [ 31.225423238946235, 29.99978352942178 ], [ 31.225424242014025, 29.999783315581315 ], [ 31.225425247026035, 29.999783108985 ], [ 31.225426253982281, 29.999782909632845 ], [ 31.225427260842189, 29.999782715692849 ], [ 31.225428271718997, 29.999782529024962 ], [ 31.225429282499466, 29.999782347769202 ], [ 31.225430293119398, 29.999782175533721 ], [ 31.225431307788323, 29.999782008766278 ], [ 31.225432322328817, 29.999781849215026 ], [ 31.225433336740881, 29.99978169688001 ], [ 31.225434355201944, 29.999781550013008 ], [ 31.22543537353457, 29.999781410362235 ], [ 31.225436391738764, 29.999781277927646 ], [ 31.225437411887189, 29.999781152737235 ], [ 31.225438431907182, 29.999781034763021 ], [ 31.225439453903501, 29.999780922228876 ], [ 31.22544047784406, 29.999780816938909 ], [ 31.225441499583532, 29.999780718837208 ], [ 31.225442525339883, 29.999780628007588 ], [ 31.225443548927256, 29.999780542562185 ], [ 31.225444574458859, 29.999780464360921 ], [ 31.225445599829925, 29.999780395179911 ], [ 31.225446627209436, 29.999780329634969 ], [ 31.225447654428404, 29.999780273110279 ], [ 31.225448681518952, 29.999780223801789 ], [ 31.225449708513164, 29.999780179905446 ], [ 31.225450735378963, 29.999780143225319 ], [ 31.225451764188993, 29.999780113789331 ], [ 31.225452792870584, 29.999780091569569 ], [ 31.225453821455861, 29.999780074761947 ], [ 31.225454849880602, 29.999780066974587 ], [ 31.225455878209019, 29.99978006459936 ], [ 31.225456906409015, 29.999780069440355 ], [ 31.225457934480577, 29.999780081497558 ], [ 31.225458962423712, 29.999780100770952 ], [ 31.225459990270522, 29.999780125456507 ], [ 31.225461017988913, 29.999780157358266 ], [ 31.22546204554677, 29.999780198280288 ], [ 31.225463070935653, 29.99978024458651 ], [ 31.225464098300868, 29.999780296332833 ], [ 31.22546512343289, 29.999780357071479 ], [ 31.225466150541259, 29.999780423250215 ], [ 31.225467175416437, 29.999780498421256 ], [ 31.225468198122634, 29.999780578976512 ], [ 31.22546922280517, 29.999780664971855 ], [ 31.225470245254517, 29.999780759959535 ], [ 31.225471267575436, 29.999780862163416 ], [ 31.225472287727378, 29.999780969751477 ], [ 31.225473309823556, 29.999781084583706 ], [ 31.225474327646001, 29.999781206576248 ], [ 31.225475347444778, 29.99978133400889 ], [ 31.225476362937705, 29.9997814704059 ], [ 31.225477380406968, 29.999781612243002 ], [ 31.225478395675154, 29.99978176126838 ], [ 31.225479408742263, 29.999781917481997 ], [ 31.225480421713055, 29.999782079107774 ], [ 31.225481432450646, 29.999782249725868 ], [ 31.225482441019278, 29.999782425728167 ], [ 31.225483449459475, 29.999782608946667 ], [ 31.225484457803358, 29.999782797577328 ], [ 31.225485461841394, 29.999782995172367 ], [ 31.225486465783124, 29.999783198179532 ], [ 31.225487467523763, 29.99978340837497 ], [ 31.225488469168088, 29.999783623982562 ], [ 31.225489466506563, 29.999783848554525 ], [ 31.225490463748727, 29.999784078538628 ], [ 31.225491458821921, 29.999784313906957 ], [ 31.225492451661918, 29.999784558267582 ], [ 31.22549344233294, 29.999784808012425 ], [ 31.225494430802893, 29.999785064945534 ], [ 31.225495419176525, 29.99978532729078 ], [ 31.225496403244318, 29.999785598600411 ], [ 31.225497387215789, 29.999785875322189 ], [ 31.225498366945626, 29.999786157400223 ], [ 31.22549934447439, 29.999786446666537 ], [ 31.225500321874733, 29.999786743149023 ], [ 31.225501295001333, 29.999787046791859 ], [ 31.225502265958966, 29.999787355818881 ], [ 31.225503234715521, 29.99978767203417 ], [ 31.225504201303099, 29.999787993633685 ], [ 31.225505163616933, 29.999788322393471 ], [ 31.225506125802358, 29.999788658369493 ], [ 31.225507083746155, 29.999788999701789 ], [ 31.225508039488862, 29.999789348222333 ], [ 31.225508990957842, 29.999789703903197 ], [ 31.225509942362603, 29.999790063192165 ], [ 31.225510889461528, 29.999790431445501 ], [ 31.225511832318823, 29.999790805055081 ], [ 31.225512772975044, 29.999791185852938 ], [ 31.225513711462288, 29.999791572035008 ], [ 31.225514647780557, 29.999791963601297 ], [ 31.225515579792987, 29.999792364131942 ], [ 31.225516507595902, 29.9997927682148 ], [ 31.22551743319773, 29.999793179485909 ], [ 31.225518356598485, 29.999793597945299 ], [ 31.225519275757605, 29.999794021760927 ], [ 31.225520190675098, 29.999794450932825 ], [ 31.225521103391511, 29.999794887293 ], [ 31.225522011866307, 29.999795329009448 ], [ 31.225522916067348, 29.999795777886199 ], [ 31.225523818099429, 29.999796232147165 ], [ 31.225840270797736, 29.998274319550958 ], [ 31.225868036751617, 29.997853878466451 ], [ 31.225952032372025, 29.997395855328566 ], [ 31.225978967053514, 29.997248977637085 ], [ 31.225991823688709, 29.997030055506269 ], [ 31.226047267378949, 29.996085938928086 ], [ 31.226052007200991, 29.996005250191065 ], [ 31.226036365063212, 29.995489367358051 ], [ 31.226162141622588, 29.995194998366205 ], [ 31.225968015432937, 29.994723392101044 ], [ 31.226003050170835, 29.994591690975184 ], [ 31.225795266230236, 29.99330659062009 ], [ 31.225653462748102, 29.99294154222299 ], [ 31.224595900527113, 29.990218989512623 ], [ 31.224596615037036, 29.990214251540877 ], [ 31.224597323329505, 29.990209513485247 ], [ 31.224598023332046, 29.990204775317807 ], [ 31.224598719221699, 29.9902000352904 ], [ 31.224599404781081, 29.990195293319182 ], [ 31.224600086195469, 29.990190551292017 ], [ 31.22460075935205, 29.990185807349029 ], [ 31.224601426323289, 29.990181061518086 ], [ 31.224602085004612, 29.990176315575347 ], [ 31.224602737500597, 29.990171567744678 ], [ 31.224603383811221, 29.990166818026101 ], [ 31.224604021831954, 29.990162068195701 ], [ 31.224604653635222, 29.990157318281437 ], [ 31.224605279285264, 29.99015256467521 ], [ 31.224605896613294, 29.990147812761222 ], [ 31.224606507788099, 29.990143057155247 ], [ 31.224607112745442, 29.990138301465407 ], [ 31.22460770941289, 29.990133545663781 ], [ 31.224608299894996, 29.990128787974218 ], [ 31.224608882119323, 29.99012402836879 ], [ 31.224609460198653, 29.990119268707449 ], [ 31.224610030020195, 29.990114507130244 ], [ 31.224610591551837, 29.99010974544122 ], [ 31.224611146898148, 29.990104981864292 ], [ 31.224611696027019, 29.990100218203498 ], [ 31.224612236898103, 29.990095452626829 ], [ 31.224612773624205, 29.990090686994257 ], [ 31.224613300020071, 29.990085919417854 ], [ 31.224613822270953, 29.99008115178556 ], [ 31.224614336264061, 29.990076382237394 ], [ 31.224614841967266, 29.990071612577403 ], [ 31.224615343557609, 29.990066841057452 ], [ 31.224615836858067, 29.99006206942569 ], [ 31.22461632190074, 29.990057295878071 ], [ 31.224616802798444, 29.990052522274535 ], [ 31.224617275438366, 29.990047746755124 ], [ 31.22461773978841, 29.990042971123913 ], [ 31.224618197921028, 29.990038195408836 ], [ 31.224618649868319, 29.990033417805844 ], [ 31.224619095630302, 29.990028638314939 ], [ 31.224619533102398, 29.99002385871222 ], [ 31.224619962284617, 29.990019078997697 ], [ 31.224620387353983, 29.990014297423212 ], [ 31.224620804133458, 29.990009515736919 ], [ 31.224621212655183, 29.990004732134746 ], [ 31.224621617031929, 29.989999948476672 ], [ 31.224622013118815, 29.989995164706798 ], [ 31.224622400947922, 29.989990379021037 ], [ 31.224622782559631, 29.989985593251433 ], [ 31.22462315798602, 29.989980805593913 ], [ 31.224623527194993, 29.989976017852534 ], [ 31.224623888114099, 29.989971229999341 ], [ 31.224624242847906, 29.989966440258243 ], [ 31.224624589291842, 29.98996165040532 ], [ 31.224624929550462, 29.989956858664517 ], [ 31.224625263559581, 29.98995206864387 ], [ 31.224625589343045, 29.989947274903322 ], [ 31.224625908877009, 29.989942482882967 ], [ 31.224626220153194, 29.989937688946753 ], [ 31.224626525211988, 29.989932894926682 ], [ 31.22462682408549, 29.989928099018687 ], [ 31.224627116741573, 29.989923303026849 ], [ 31.22462740110781, 29.989918506923196 ], [ 31.224627677184184, 29.989913710707715 ], [ 31.224627949147724, 29.989908912632309 ], [ 31.224628212821408, 29.989904114445086 ], [ 31.224628468237345, 29.989899314341979 ], [ 31.224628717435884, 29.989894514155029 ], [ 31.224628960417018, 29.989889713884217 ], [ 31.224629197180771, 29.989884913529568 ], [ 31.224629425654665, 29.989880113063084 ], [ 31.224629647943274, 29.989875310708687 ], [ 31.224629861942038, 29.989870508242511 ], [ 31.224630069755509, 29.989865703888402 ], [ 31.224630269247044, 29.989860901226535 ], [ 31.224630464625736, 29.98985609670471 ], [ 31.2246306517467, 29.989851290267026 ], [ 31.22463083054571, 29.989846485521596 ], [ 31.224631003159438, 29.989841678888244 ], [ 31.224631169523676, 29.989836873975097 ], [ 31.224631327630174, 29.989832067146086 ], [ 31.224631479551409, 29.989827258429173 ], [ 31.22463162522315, 29.989822451432442 ], [ 31.224631762637156, 29.989817642519856 ], [ 31.224631893833784, 29.989812833523423 ], [ 31.224632016740568, 29.989808024415176 ], [ 31.224632133429992, 29.989803215223056 ], [ 31.224632243934128, 29.989798404143052 ], [ 31.224632348188795, 29.989793594783247 ], [ 31.224632444185719, 29.989788783507567 ], [ 31.224632531892837, 29.989783972120094 ], [ 31.22463261341467, 29.989779158844691 ], [ 31.224632688687024, 29.989774347289508 ], [ 31.224632757742015, 29.989769535650446 ], [ 31.224632818539284, 29.989764722095533 ], [ 31.224632873119173, 29.989759908456769 ], [ 31.22463291940926, 29.989755094706197 ], [ 31.224632959481958, 29.989750280871778 ], [ 31.224632991264844, 29.98974546692553 ], [ 31.224633018902814, 29.989740652923395 ], [ 31.224633038283073, 29.989735837005387 ], [ 31.22463304934141, 29.989731022779644 ], [ 31.224633054214493, 29.989726206665988 ], [ 31.224633052870203, 29.989721390468464 ], [ 31.224633043236114, 29.989716574159132 ], [ 31.224633027384648, 29.989711757765978 ], [ 31.22463300531583, 29.989706941288944 ], [ 31.224632974957192, 29.989702124700106 ], [ 31.224632938381209, 29.989697308027406 ], [ 31.224632893515416, 29.989692491242906 ], [ 31.22463284246437, 29.989687672570501 ], [ 31.224632785163859, 29.989682855618288 ], [ 31.224632719573545, 29.989678038554281 ], [ 31.224632647797979, 29.989673219602356 ], [ 31.224632569772954, 29.989668402370633 ], [ 31.224632483490243, 29.989663583223052 ], [ 31.224632390990184, 29.989658763991613 ], [ 31.224632290168213, 29.989653946452428 ], [ 31.224632183160995, 29.98964912702532 ], [ 31.224632069936433, 29.989644307514375 ], [ 31.224631948389973, 29.989639489695669 ], [ 31.224631820658267, 29.989634669989048 ], [ 31.224631686709213, 29.989629850198583 ], [ 31.224631544438264, 29.989625032100371 ], [ 31.22463139598208, 29.989620212114243 ], [ 31.224631239236103, 29.989615392016312 ], [ 31.224631076240669, 29.989610573638572 ], [ 31.224630907060028, 29.989605753372931 ], [ 31.224630729557465, 29.989600934799562 ], [ 31.224630545869687, 29.989596114338262 ], [ 31.224630353860007, 29.989591295569209 ], [ 31.224630157737547, 29.989586474940193 ], [ 31.224629951220752, 29.989581655975488 ], [ 31.22462974059118, 29.989576835150825 ], [ 31.224629521639713, 29.989572016018386 ], [ 31.224629296470916, 29.989567196802117 ], [ 31.224629063012337, 29.989562377474041 ], [ 31.224628823336435, 29.989557558062117 ], [ 31.224628575370748, 29.989552738538379 ], [ 31.224628321187737, 29.989547918930775 ], [ 31.224628060787392, 29.989543099239349 ], [ 31.224627794137621, 29.989538281268089 ], [ 31.224627519230189, 29.989533461380997 ], [ 31.22462723600087, 29.989528643186134 ], [ 31.224626948658781, 29.989523823131311 ], [ 31.224626650922374, 29.989519004740799 ], [ 31.224626349041095, 29.989514186294386 ], [ 31.224626038870039, 29.989509367736161 ], [ 31.224625722481662, 29.989504549094093 ], [ 31.224625397771419, 29.989499732144257 ], [ 31.224625066875962, 29.989494913306512 ], [ 31.224624729731079, 29.989490096188998 ], [ 31.224624384296433, 29.989485278959656 ], [ 31.224624032644474, 29.989480461646455 ], [ 31.224623674775206, 29.989475644249413 ], [ 31.224623308616181, 29.989470826740543 ], [ 31.22462293620773, 29.98946601095189 ], [ 31.224622555509523, 29.989461195051444 ], [ 31.224622168626119, 29.989456377263057 ], [ 31.224621775461191, 29.989451562998944 ], [ 31.224621374038605, 29.989446746818988 ], [ 31.224620966398717, 29.989441930555145 ], [ 31.224620552509418, 29.989437116011519 ], [ 31.224620130330376, 29.989432301356079 ], [ 31.224619701934017, 29.989427486616805 ], [ 31.224619267288254, 29.989422673597712 ], [ 31.224618824384851, 29.989417858662772 ], [ 31.22461837315959, 29.989413045420061 ], [ 31.224617917789477, 29.989408232121459 ], [ 31.224617454097508, 29.989403420515128 ], [ 31.224616984220361, 29.98939860702086 ], [ 31.224616506021352, 29.989393795218835 ], [ 31.224616021605055, 29.989388983332972 ], [ 31.224615528866902, 29.989384173139364 ], [ 31.224615031983909, 29.989379362889832 ], [ 31.224614524738723, 29.989374552500564 ], [ 31.224614013348699, 29.989369742055374 ], [ 31.224613493636827, 29.989364933302451 ], [ 31.22461296773977, 29.989360122661608 ], [ 31.224612433488769, 29.989355315517059 ], [ 31.224611893052586, 29.989350506484623 ], [ 31.224611346367009, 29.989345699172357 ], [ 31.224610791391697, 29.989340891748302 ], [ 31.224610230166991, 29.98933608604445 ], [ 31.224609662725001, 29.989331280256739 ], [ 31.224609086993294, 29.989326474357217 ], [ 31.224608505044291, 29.989321668373851 ], [ 31.224607914773475, 29.989316864082731 ], [ 31.224607318285361, 29.989312059707764 ], [ 31.224606715547857, 29.989307257052971 ], [ 31.224606104520646, 29.989302454286385 ], [ 31.224605487276143, 29.989297651435948 ], [ 31.224604863782258, 29.989292850305706 ], [ 31.224604234071105, 29.989288049091616 ], [ 31.224603596070228, 29.989283247765702 ], [ 31.224602949747528, 29.989278448132051 ], [ 31.224602297207564, 29.989273648414549 ], [ 31.224601638418211, 29.989268850417229 ], [ 31.22460097341159, 29.989264052336068 ], [ 31.224600300083139, 29.98925925594715 ], [ 31.224599620569535, 29.989254457670317 ], [ 31.224598934774452, 29.989249662917739 ], [ 31.224598240689659, 29.989244868053351 ], [ 31.224597540387588, 29.989240073105098 ], [ 31.224596831795825, 29.989235278045065 ], [ 31.224596116954679, 29.9892304847052 ], [ 31.224595395864171, 29.989225693085569 ], [ 31.224594666483956, 29.989220901354095 ], [ 31.224593932958911, 29.98921610956674 ], [ 31.224593189039624, 29.989211319443672 ], [ 31.224592440943411, 29.989206531068749 ], [ 31.224591684589608, 29.989201740777986 ], [ 31.224590919881887, 29.989196953983498 ], [ 31.22459015102935, 29.989192167133101 ], [ 31.224589373887117, 29.989187380170907 ], [ 31.224588588423085, 29.989182594900981 ], [ 31.224587798814241, 29.989177809575121 ], [ 31.224587000883588, 29.989173025941518 ], [ 31.224586194663249, 29.989168242196094 ], [ 31.224585384265989, 29.989163460198832 ], [ 31.224584565546927, 29.989158679893819 ], [ 31.224583738570296, 29.989153897672924 ], [ 31.224582907384622, 29.989149119004257 ], [ 31.224582067909282, 29.989144340223774 ], [ 31.224581220144245, 29.989139561331463 ], [ 31.224580368170194, 29.989134785991364 ], [ 31.224579505866114, 29.989130008707473 ], [ 31.224578639385129, 29.989125233171698 ], [ 31.224577764582353, 29.989120459328198 ], [ 31.224576883530229, 29.989115687204858 ], [ 31.224575996260871, 29.989110914997685 ], [ 31.224575100701834, 29.989106142678704 ], [ 31.224574198893443, 29.989101372079912 ], [ 31.224573290835703, 29.989096603201311 ], [ 31.224572374488304, 29.989091834210917 ], [ 31.224571451891549, 29.989087066940716 ], [ 31.224570523045458, 29.989082301390692 ], [ 31.224569585909688, 29.989077535728878 ], [ 31.224568642524577, 29.989072771787253 ], [ 31.224567692922236, 29.98906800776177 ], [ 31.224566734998113, 29.989063245428515 ], [ 31.224565770824668, 29.98905848481548 ], [ 31.224564800433981, 29.989053724118577 ], [ 31.224563821721524, 29.989048965113913 ], [ 31.224562836759731, 29.989044207829444 ], [ 31.224561845580709, 29.989039450461128 ], [ 31.22456084607991, 29.989034694785047 ], [ 31.224559840329796, 29.989029940829145 ], [ 31.224558828362451, 29.989025186789387 ], [ 31.224557810145768, 29.989020434469843 ], [ 31.224556783639429, 29.989015682038474 ], [ 31.224555750851653, 29.989010933131368 ], [ 31.224554709774228, 29.989006184112444 ], [ 31.224553662447473, 29.989001436813716 ], [ 31.224552608903501, 29.988996689431122 ], [ 31.224551549110192, 29.98899194376871 ], [ 31.224550480995145, 29.988987199798565 ], [ 31.224549406630757, 29.988982457548584 ], [ 31.22454832604916, 29.988977715214766 ], [ 31.224547237145803, 29.988972974573173 ], [ 31.22454614199313, 29.9889682356518 ], [ 31.224545040623241, 29.988963496646527 ], [ 31.224543930899493, 29.988958761137582 ], [ 31.224542817030962, 29.988954025572713 ], [ 31.224541692768252, 29.988949291672153 ], [ 31.224540564360769, 29.988944557715655 ], [ 31.224539427599428, 29.988939827255454 ], [ 31.224538284620877, 29.988935096711419 ], [ 31.224537135393017, 29.988930367887537 ], [ 31.224535977875522, 29.988925638951869 ], [ 31.224534814076595, 29.988920913540436 ], [ 31.224533644060468, 29.988916188045149 ], [ 31.224532465722604, 29.988911464242108 ], [ 31.224531283207863, 29.988906742187197 ], [ 31.224530090298941, 29.988902021796576 ], [ 31.224528893245267, 29.98889730135004 ], [ 31.224527687837732, 29.98889258439981 ], [ 31.224526476213004, 29.988887867365708 ], [ 31.224525258338971, 29.988883152051795 ], [ 31.224524032143201, 29.988878438430113 ], [ 31.224522801802674, 29.988873724752533 ], [ 31.224521561035871, 29.988869014543294 ], [ 31.224520316124302, 29.988864304278131 ], [ 31.224519062858896, 29.988859597509272 ], [ 31.224517803376305, 29.988854890656551 ], [ 31.224516537644405, 29.988850185524026 ], [ 31.224515265663211, 29.988845482111671 ], [ 31.224513985392395, 29.988840778587502 ], [ 31.224512698840179, 29.988836078587575 ], [ 31.224511403966243, 29.988831380279915 ], [ 31.224510104947541, 29.988826681916297 ], [ 31.224508797607122, 29.988821985244954 ], [ 31.224507483985299, 29.988817292097831 ], [ 31.224506162073858, 29.988812598838894 ], [ 31.224504833913141, 29.988807907300156 ], [ 31.224503499503122, 29.988803217481596 ], [ 31.224595828271276, 29.988389132611466 ], [ 31.224634497215657, 29.988343668531119 ], [ 31.224659091372054, 29.988317752121645 ], [ 31.224683687555885, 29.988291837538945 ], [ 31.224729433137206, 29.988223322685652 ], [ 31.224726261701644, 29.988140264411001 ], [ 31.224702109672467, 29.988056659742529 ], [ 31.224702396606535, 29.987993594924077 ], [ 31.224805752127118, 29.987660898416891 ], [ 31.224845057917687, 29.987535706088529 ], [ 31.224887724373247, 29.98743715722788 ], [ 31.224937785124457, 29.987288960093249 ], [ 31.224941933117893, 29.987206005915763 ], [ 31.224942442578495, 29.987142889951027 ], [ 31.224967326244869, 29.987093690440503 ], [ 31.22499931687895, 29.987031379692947 ], [ 31.225003184821997, 29.98698827748607 ], [ 31.225028289589257, 29.98691581205361 ], [ 31.225068211359734, 29.986753982366942 ], [ 31.225100715864762, 29.986641806039319 ], [ 31.225115000432091, 29.98660893136076 ], [ 31.22516108985289, 29.986536988809309 ], [ 31.225193115851013, 29.986474653215616 ], [ 31.225228725480402, 29.986402432210138 ], [ 31.225229091945014, 29.986365869171578 ], [ 31.22522955911252, 29.986319334077077 ], [ 31.225237139494123, 29.986259682405102 ], [ 31.225268895616409, 29.986223928692812 ], [ 31.225303993390082, 29.986201564220035 ], [ 31.225339078713972, 29.98617919956957 ], [ 31.225377840036543, 29.986136979137434 ], [ 31.225378563693685, 29.986067164167046 ], [ 31.22536897574378, 29.98598377937822 ], [ 31.225376705698345, 29.985910817988586 ], [ 31.225440812898356, 29.985776125266014 ], [ 31.225527419682024, 29.985485679886953 ], [ 31.225601550892193, 29.985381163323847 ], [ 31.225630055749548, 29.985315373260672 ], [ 31.225710992867242, 29.985217679104114 ], [ 31.225781166660187, 29.985149642795388 ], [ 31.225834511769634, 29.985034580207337 ], [ 31.225835285500054, 29.984964726190992 ], [ 31.225815061185955, 29.984910963139946 ], [ 31.225809065443912, 29.984830943426005 ], [ 31.22582395241632, 29.984751457763984 ], [ 31.225852651491738, 29.984682303076635 ], [ 31.225906510674427, 29.984557194555482 ], [ 31.225953863084058, 29.984411917957971 ], [ 31.226011591371499, 29.984280197535792 ], [ 31.226063903125439, 29.984068387578059 ], [ 31.22630602662348, 29.984141131716342 ], [ 31.226415733113427, 29.983854059007847 ], [ 31.226473431090938, 29.983752209478741 ], [ 31.226512562039765, 29.983709869128798 ], [ 31.226571642244483, 29.983711352485535 ], [ 31.226657888718353, 29.983743517186468 ], [ 31.226697441297627, 29.98368118148187 ], [ 31.226742035283532, 29.98354896438126 ], [ 31.226775801592257, 29.983439792742935 ], [ 31.226956290710945, 29.983604348077826 ], [ 31.227247855874094, 29.983311524006897 ], [ 31.227163131416233, 29.983226023191055 ], [ 31.227424355891635, 29.982925572140292 ], [ 31.227492710374317, 29.982837155663066 ], [ 31.227504623068462, 29.98278404926112 ], [ 31.227506149381771, 29.982730683929429 ], [ 31.227493434727808, 29.982690315898967 ], [ 31.22745617054137, 29.982659357995328 ], [ 31.227443556652045, 29.982615653007826 ], [ 31.227444721747435, 29.982575621614352 ], [ 31.227477093766595, 29.982536355026461 ], [ 31.227558694119747, 29.982474485867687 ], [ 31.227567610687053, 29.982466352162508 ], [ 31.227572444786468, 29.982449763588445 ], [ 31.227581611202911, 29.982433282058658 ], [ 31.22759499025355, 29.982421077945592 ], [ 31.227604034878752, 29.982408768563523 ], [ 31.227621746240626, 29.982396671491038 ], [ 31.22762212412232, 29.982384149797202 ], [ 31.227613585417625, 29.98237976361693 ], [ 31.227592555651871, 29.982358362545103 ], [ 31.227575604180675, 29.982345418086638 ], [ 31.227562985092369, 29.982332577063019 ], [ 31.22755049818749, 29.982315562224212 ], [ 31.227546421913345, 29.982307109243109 ], [ 31.227542475780059, 29.982294480615842 ], [ 31.227545512132824, 29.982198462990198 ], [ 31.22755945736559, 29.982169553300182 ], [ 31.227559730045364, 29.982161203979246 ], [ 31.227568942185542, 29.982144714042125 ], [ 31.227578571708694, 29.982115695723998 ], [ 31.227589048396187, 29.982061622615493 ], [ 31.227589895597845, 29.982036566022011 ], [ 31.227609380287902, 29.981974342387765 ], [ 31.227632211699742, 29.981941454312565 ], [ 31.227646240015961, 29.981912531293176 ], [ 31.227682682422831, 29.981863243155299 ], [ 31.227692099472083, 29.981842565935978 ], [ 31.227710334189386, 29.981817918434146 ], [ 31.227715580184199, 29.981792957140915 ], [ 31.227735218603105, 29.981730706680029 ], [ 31.227741744449588, 29.981672314552075 ], [ 31.227708508117921, 29.981633878993396 ], [ 31.22767912860634, 29.981608083480193 ], [ 31.227654565300099, 29.981569854883961 ], [ 31.227629356883284, 29.981548341629562 ], [ 31.227608160327136, 29.981535289505359 ], [ 31.227582621071829, 29.981522133803804 ], [ 31.227578445836137, 29.981517853280945 ], [ 31.227565430156165, 29.981517542724653 ], [ 31.227548727211172, 29.981500416994404 ], [ 31.227545372911585, 29.981475242484571 ], [ 31.227546197957235, 29.981454350358376 ], [ 31.227555873865501, 29.981429484797694 ], [ 31.227578408358706, 29.981409105075773 ], [ 31.227587590074542, 29.98139677407783 ], [ 31.227605453073252, 29.981384648366014 ], [ 31.227631484463476, 29.981385265859906 ], [ 31.227662187362746, 29.981377627526395 ], [ 31.227688892944478, 29.981361526444424 ], [ 31.22769339902576, 29.981357449401852 ], [ 31.227710916653855, 29.9813536810416 ], [ 31.227745600309188, 29.981354503401349 ], [ 31.227789635311925, 29.981338810600977 ], [ 31.227798649536382, 29.981330656536215 ], [ 31.227816506345935, 29.981318527102303 ], [ 31.227856554422772, 29.981294368071797 ], [ 31.227861238408188, 29.981286108800742 ], [ 31.227874589164291, 29.98127805460302 ], [ 31.227892805924842, 29.981257560768942 ], [ 31.22791499928303, 29.981245529388136 ], [ 31.227936652751723, 29.98124604097919 ], [ 31.227962992267834, 29.98123829331945 ], [ 31.22798067126099, 29.981230338868052 ], [ 31.227984999448264, 29.981230442233326 ], [ 31.22799816819898, 29.981226566581128 ], [ 31.228011514824022, 29.981218510508814 ], [ 31.228025411713123, 29.98119790979371 ], [ 31.228039130754425, 29.981181487691625 ], [ 31.228044013379822, 29.981169044665023 ], [ 31.228065650287551, 29.981169554207057 ], [ 31.228074490810645, 29.981165576988261 ], [ 31.228078816955136, 29.981165678518384 ], [ 31.228114547375249, 29.981141399944637 ], [ 31.2281160535189, 29.981107941470672 ], [ 31.22812641892008, 29.981070500612596 ], [ 31.228140940871697, 29.981037341811824 ], [ 31.228159219989401, 29.981016832536234 ], [ 31.228178097166335, 29.980983770235632 ], [ 31.228181708101157, 29.980908466841544 ], [ 31.228169948532582, 29.980883061936694 ], [ 31.228153453063403, 29.980865924638 ], [ 31.228153660007134, 29.98086174100089 ], [ 31.228136752727728, 29.980852971002374 ], [ 31.228132836341175, 29.980844502144812 ], [ 31.228124589648345, 29.980835933507525 ], [ 31.228126050727155, 29.980806646411512 ], [ 31.228140097087024, 29.980786027843031 ], [ 31.228181431286032, 29.980740899766509 ], [ 31.228190963240149, 29.9807243617498 ], [ 31.228204612334842, 29.980712107062882 ], [ 31.228247923610351, 29.980713106739948 ], [ 31.228261135992692, 29.980709220819186 ], [ 31.228274569849948, 29.980701149650578 ], [ 31.22828389695162, 29.980688793487737 ], [ 31.228289123514692, 29.98067215241516 ], [ 31.228295033182693, 29.980642954049443 ], [ 31.228303925616459, 29.980638968489501 ], [ 31.228304153307612, 29.980634783326536 ], [ 31.22831419254679, 29.980609868454312 ], [ 31.228337249641946, 29.98058525145694 ], [ 31.228338893330374, 29.980555948768036 ], [ 31.228309976417911, 29.980530139771489 ], [ 31.228297685186341, 29.980517285185634 ], [ 31.228284917820535, 29.980512802449926 ], [ 31.228243229430142, 29.980482510647128 ], [ 31.228235034594306, 29.980473940910233 ], [ 31.22823600138241, 29.980457197403638 ], [ 31.228246632900689, 29.980423906834353 ], [ 31.228256051285562, 29.980411544682802 ], [ 31.228277996861838, 29.980407852067277 ], [ 31.228325727691875, 29.980408936449816 ], [ 31.228338492974416, 29.980413419153283 ], [ 31.22835150877324, 29.980413715194928 ], [ 31.228368610595968, 29.980418295946571 ], [ 31.228385459834435, 29.980427063328904 ], [ 31.228398220977738, 29.980431545970994 ], [ 31.228406395070195, 29.980440117223434 ], [ 31.228415066044629, 29.980440315097994 ], [ 31.228418406751217, 29.980457159873971 ], [ 31.228422244338979, 29.980465631272441 ], [ 31.228426332407551, 29.980469917814016 ], [ 31.228435003384682, 29.980470115687389 ], [ 31.228443177515437, 29.98047868513369 ], [ 31.228447511952279, 29.980478784958002 ], [ 31.228447263513182, 29.980482971646779 ], [ 31.228451351615565, 29.980487256383594 ], [ 31.22847735004623, 29.980487849802039 ], [ 31.228486261173636, 29.98048386087164 ], [ 31.228490591466297, 29.980483960638772 ], [ 31.228499748989524, 29.98047578318651 ], [ 31.228505802837503, 29.980375293052102 ], [ 31.228510907508973, 29.980362829533327 ], [ 31.228525200803407, 29.980342187173672 ], [ 31.228557887971782, 29.980305183741418 ], [ 31.228558152983474, 29.980300997275137 ], [ 31.228563015459667, 29.980292718722691 ], [ 31.22856787323957, 29.98021733283062 ], [ 31.228581700783714, 29.98020506065204 ], [ 31.228582806574128, 29.980188306379357 ], [ 31.228587975561329, 29.980175838308572 ], [ 31.228616804925633, 29.980134533375193 ], [ 31.228622860301137, 29.980109496305086 ], [ 31.228624015880893, 29.980092739092481 ], [ 31.228621719226741, 29.980063316616743 ], [ 31.22862319378811, 29.980042368250004 ], [ 31.228633660406011, 29.980017423007592 ], [ 31.228661819116574, 29.979988673721849 ], [ 31.228679799109411, 29.979980678104756 ], [ 31.228694059751056, 29.979964205466686 ], [ 31.228695615208583, 29.979943252773243 ], [ 31.228688182763438, 29.979926297015869 ], [ 31.228684782396471, 29.979913628842908 ], [ 31.228701346395528, 29.979867815462296 ], [ 31.228770942780514, 29.979869343608112 ], [ 31.228807146599145, 29.979907927092079 ], [ 31.228817923400747, 29.979937555673331 ], [ 31.228825973093308, 29.979946128835692 ], [ 31.228859785355915, 29.979959467760345 ], [ 31.228877175112324, 29.979959851458581 ], [ 31.228891197726689, 29.979947562019667 ], [ 31.228939412807062, 29.979889817197062 ], [ 31.228971537332672, 29.97981909635088 ], [ 31.228977346895643, 29.979802414365277 ], [ 31.228979149239304, 29.979781445137778 ], [ 31.228987773258687, 29.979764431087734 ], [ 31.229000216363872, 29.979739880514089 ], [ 31.229033273971325, 29.979711180796464 ], [ 31.22906523360119, 29.97969506166293 ], [ 31.229094217581487, 29.979662077405553 ], [ 31.229097732976005, 29.979620144961938 ], [ 31.229094080012441, 29.979611663433296 ], [ 31.229078067730082, 29.979594514702935 ], [ 31.229069709409821, 29.97959013465546 ], [ 31.229060996900618, 29.97958994528981 ], [ 31.229039570822618, 29.979585283008934 ], [ 31.229002843034937, 29.979555085237202 ], [ 31.228982840179377, 29.979533647674362 ], [ 31.228950129994352, 29.979507737269618 ], [ 31.228941773791483, 29.979503355438297 ], [ 31.228767303454784, 29.979499602783171 ], [ 31.228713410186931, 29.979515251738729 ], [ 31.22869118857227, 29.979518976809405 ], [ 31.228681701189046, 29.979527176908594 ], [ 31.228672955499547, 29.979526988875527 ], [ 31.228667464946714, 29.979539476084231 ], [ 31.2286397444791, 29.979555688242691 ], [ 31.228626633178305, 29.979555407188137 ], [ 31.228617162396375, 29.979563605701241 ], [ 31.228585138599687, 29.979579718448591 ], [ 31.228584419755169, 29.979588103277781 ], [ 31.228570254044705, 29.979600397977695 ], [ 31.228556452966977, 29.979608498527089 ], [ 31.228525210291874, 29.979616220050129 ], [ 31.228420531810858, 29.979613940050285 ], [ 31.228394705052484, 29.979609176949541 ], [ 31.228381962566704, 29.979604699973986 ], [ 31.228382648208399, 29.979596318308595 ], [ 31.228403224003586, 29.979558973296029 ], [ 31.228417020941336, 29.979550872707083 ], [ 31.228431890949466, 29.979530196609115 ], [ 31.22844859648934, 29.979488555346556 ], [ 31.228458065172727, 29.979480358621927 ], [ 31.228464013118032, 29.979413268211776 ], [ 31.228469524410485, 29.97940078129087 ], [ 31.22847466487843, 29.979392486630584 ], [ 31.228513847162802, 29.979347105710577 ], [ 31.22852259076345, 29.979347293725706 ], [ 31.228531713505554, 29.97934328778652 ], [ 31.228536085321768, 29.979343380891539 ], [ 31.228572930555163, 29.979323162838369 ], [ 31.228634065292521, 29.979324477956173 ], [ 31.2286424214983, 29.979328858001907 ], [ 31.228646414145672, 29.97933314686156 ], [ 31.228659135920285, 29.979337621727918 ], [ 31.228671113962733, 29.979350482892922 ], [ 31.228696182529866, 29.979363626630143 ], [ 31.228708902238548, 29.97936810146404 ], [ 31.228743799980254, 29.979368852438139 ], [ 31.228760508201635, 29.979377616068209 ], [ 31.228812818525022, 29.979378743821808 ], [ 31.228821168526956, 29.979383123773051 ], [ 31.229021363475546, 29.979387455144575 ], [ 31.229242995633403, 29.979388111853545 ], [ 31.229247663579475, 29.979384015275453 ], [ 31.229269650728753, 29.979380301391998 ], [ 31.229278642735498, 29.97937630266453 ], [ 31.229283304462871, 29.979372206001475 ], [ 31.229291958867531, 29.979372398179478 ], [ 31.229309928371542, 29.979364400525615 ], [ 31.229323896873151, 29.979352115721589 ], [ 31.229334193681769, 29.979331352750503 ], [ 31.229334525063891, 29.979327161760221 ], [ 31.22933983294044, 29.979314684695503 ], [ 31.229340491559512, 29.97930630265915 ], [ 31.229369006206021, 29.979273357134574 ], [ 31.229393478262288, 29.979236131116345 ], [ 31.22940273522228, 29.979227945909425 ], [ 31.229416291337596, 29.979219860018272 ], [ 31.229425856845243, 29.979207485316373 ], [ 31.229449259973503, 29.979182840275453 ], [ 31.22945816893797, 29.979178847636213 ], [ 31.229468015950285, 29.979162288487345 ], [ 31.229477227212044, 29.979154108073715 ], [ 31.229501470803353, 29.979116904223606 ], [ 31.229501781390908, 29.979112716561954 ], [ 31.229506683099906, 29.979104438497124 ], [ 31.229507608708918, 29.979091871820334 ], [ 31.22951219772515, 29.979087783193119 ], [ 31.229512814786542, 29.97907940600988 ], [ 31.229517401697731, 29.979075319158643 ], [ 31.229522293010287, 29.979067042757805 ], [ 31.229537557030731, 29.97903383781226 ], [ 31.229550976053154, 29.979025766303018 ], [ 31.229560116679259, 29.979017593955557 ], [ 31.229560418974888, 29.97901340618214 ], [ 31.22956925523161, 29.979009421579551 ], [ 31.229596645980905, 29.978984905916985 ], [ 31.229601508206944, 29.978976632730681 ], [ 31.229617616052504, 29.978960237150098 ], [ 31.229623038750557, 29.978921188644865 ], [ 31.229626595194208, 29.978870968689463 ], [ 31.22962919691199, 29.978834139674188 ], [ 31.229664590577737, 29.978814870798168 ], [ 31.229701706057256, 29.978819121372833 ], [ 31.229772761201851, 29.978773896109178 ], [ 31.229844498042176, 29.978664995780491 ], [ 31.229851445057708, 29.978611519173793 ], [ 31.229866001325721, 29.978544820483357 ], [ 31.229907658173769, 29.978475443746092 ], [ 31.229953314939181, 29.978446404283943 ], [ 31.230082650644441, 29.97836352839272 ], [ 31.230096814018033, 29.978338722930733 ], [ 31.230097078955666, 29.978334536457346 ], [ 31.230106788220205, 29.978313812434649 ], [ 31.230111244393463, 29.978309731021245 ], [ 31.230129861882723, 29.97828084230936 ], [ 31.230144561351128, 29.978247662173281 ], [ 31.230158186533775, 29.97823122953891 ], [ 31.230162907667481, 29.978222959845716 ], [ 31.230163443752701, 29.978214586981828 ], [ 31.230168164885121, 29.978206317288347 ], [ 31.23016870100172, 29.978197942620348 ], [ 31.230173691210968, 29.978185486508544 ], [ 31.230182593210792, 29.978177321732893 ], [ 31.230191762214201, 29.978164970510555 ], [ 31.230201469400832, 29.978144244646977 ], [ 31.230213130390734, 29.97812566532437 ], [ 31.23022980211012, 29.978057706606151 ], [ 31.23026156987271, 29.978031677907662 ], [ 31.230286435065228, 29.978008829778599 ], [ 31.230310321432565, 29.977949073803366 ], [ 31.230317755109862, 29.97788555086311 ], [ 31.230352809180307, 29.977755659929173 ], [ 31.230413739497322, 29.977636479958292 ], [ 31.230418233946779, 29.977566179524054 ], [ 31.23041833950851, 29.97751253333001 ], [ 31.230385273917427, 29.977458053363108 ], [ 31.230351367795798, 29.97741696226576 ], [ 31.230283214526064, 29.977391770411625 ], [ 31.230199564643065, 29.977399722697722 ], [ 31.230111134072807, 29.977477975111576 ], [ 31.230009249936632, 29.977505598372371 ], [ 31.229894074114256, 29.977626793545195 ], [ 31.229861940190929, 29.977656173593378 ], [ 31.229804516812489, 29.977711752330887 ], [ 31.229767794808179, 29.977757789306541 ], [ 31.229689185503901, 29.977826261372314 ], [ 31.229657127398298, 29.977852295049733 ], [ 31.22960202553497, 29.977871051729551 ], [ 31.229567739169447, 29.977880264609428 ], [ 31.229529850844429, 29.977939693218488 ], [ 31.229508274991748, 29.978006230718545 ], [ 31.229489094478669, 29.978086242095998 ], [ 31.229471285615432, 29.978099218735831 ], [ 31.229469596937538, 29.978075703326244 ], [ 31.229472233840262, 29.97803887839315 ], [ 31.2294698239353, 29.978025406119169 ], [ 31.229449377925036, 29.978028256566862 ], [ 31.229370555033526, 29.978090050734178 ], [ 31.229343532362556, 29.978089393209341 ], [ 31.22933776619211, 29.978075836100228 ], [ 31.229338508187254, 29.978065791440411 ], [ 31.229357611089384, 29.978036072084429 ], [ 31.229400530836337, 29.978003583707409 ], [ 31.229433509346883, 29.977967502421066 ], [ 31.229460921936013, 29.977914519378416 ], [ 31.229480388066214, 29.977878108410497 ], [ 31.229521926357638, 29.977815412234751 ], [ 31.229562951736767, 29.977712458109945 ], [ 31.229641705929005, 29.977597026115262 ], [ 31.229810166149388, 29.977296033184341 ], [ 31.229887943930663, 29.977183964100409 ], [ 31.229942364859369, 29.977118265047189 ], [ 31.23001791576851, 29.977032987940994 ], [ 31.23002745828019, 29.97698963692827 ], [ 31.230030364930261, 29.976946119120324 ], [ 31.230030396730442, 29.97689582468632 ], [ 31.230032198896104, 29.9768187500929 ], [ 31.23004764835132, 29.97673532126456 ], [ 31.230128123088434, 29.976566385340238 ], [ 31.230173199175169, 29.976584296319459 ], [ 31.230114804910048, 29.976720265023484 ], [ 31.230112396373308, 29.976757085835143 ], [ 31.230138851979408, 29.976808050283683 ], [ 31.230191334226326, 29.976866382232469 ], [ 31.230302061619231, 29.976946306428452 ], [ 31.230460974734967, 29.977050912172608 ], [ 31.230611134011543, 29.977138517249763 ], [ 31.23067352861159, 29.977146793813311 ], [ 31.230756144431179, 29.977148871140436 ], [ 31.230813109083943, 29.97713689321057 ], [ 31.230907398098385, 29.977052103732866 ], [ 31.230953390603801, 29.976999626213836 ], [ 31.231059387041686, 29.976817946381558 ], [ 31.231081781217632, 29.976771586607732 ], [ 31.23115756000659, 29.976595847133332 ], [ 31.231206956269585, 29.976476430584448 ], [ 31.231315838779157, 29.976224464496092 ], [ 31.23130316474878, 29.975945617068746 ], [ 31.231301293903577, 29.975901831129757 ], [ 31.231287499917286, 29.975861737631423 ], [ 31.231251921210063, 29.975785330176389 ], [ 31.231250510056881, 29.975729640743872 ], [ 31.23120933514064, 29.975601428645895 ], [ 31.231207623404561, 29.975549719499654 ], [ 31.231174193523682, 29.975513113766137 ], [ 31.231116089769166, 29.975511649331445 ], [ 31.231041936801166, 29.975525657543667 ], [ 31.230929604889557, 29.975618162594216 ], [ 31.230856421842258, 29.975695779542985 ], [ 31.230750047241013, 29.975812322745952 ], [ 31.230694153463538, 29.97591826788415 ], [ 31.230682805814435, 29.975985601704377 ], [ 31.230634322950397, 29.976020155920605 ], [ 31.230603278225303, 29.97601935620305 ], [ 31.23058736841655, 29.975955290367526 ], [ 31.230640269173431, 29.975837315997687 ], [ 31.230700383002635, 29.975723531116536 ], [ 31.23075610424646, 29.975613631807771 ], [ 31.230838224500971, 29.975508425168837 ], [ 31.230887737753378, 29.975434196647974 ], [ 31.230939727855038, 29.975292489810215 ], [ 31.230988438729376, 29.97522621731013 ], [ 31.231024738405267, 29.975183456640018 ], [ 31.231048755256882, 29.975160241451569 ], [ 31.23107572462618, 29.975160939392449 ], [ 31.231101803547013, 29.975185450115017 ], [ 31.231118380259964, 29.975257392458328 ], [ 31.231116580618931, 29.975305023194089 ], [ 31.231137799830126, 29.975357216348218 ], [ 31.231183450494719, 29.975378240228924 ], [ 31.231270595023833, 29.975328776684638 ], [ 31.231326674134117, 29.975282495782103 ], [ 31.231387004404588, 29.97522836645976 ], [ 31.2313884787043, 29.975188678343599 ], [ 31.231325752961794, 29.975099734958711 ], [ 31.231330294090533, 29.974980668590256 ], [ 31.231364366297107, 29.974902067689946 ], [ 31.231412077605562, 29.974772167715528 ], [ 31.231421393291921, 29.974732678748527 ], [ 31.231442842846615, 29.97468157300392 ], [ 31.231464646459131, 29.97462253223016 ], [ 31.231489715458753, 29.974579459980045 ], [ 31.231525955487776, 29.974548579152845 ], [ 31.23156221831993, 29.974517696816655 ], [ 31.231610155379467, 29.974487099369536 ], [ 31.231762449061968, 29.974478875138718 ], [ 31.231910776932352, 29.974482398882635 ], [ 31.231966140350988, 29.974467818474817 ], [ 31.231974118614676, 29.974464035104983 ], [ 31.232056856742908, 29.974350847421249 ], [ 31.232088026385256, 29.974252357880854 ], [ 31.232091351209661, 29.974161183449695 ], [ 31.232094278322261, 29.974077952481938 ], [ 31.232098569896404, 29.973951152233134 ], [ 31.232071028992198, 29.973835532927925 ], [ 31.232045813376217, 29.973767552852859 ], [ 31.231985989776106, 29.973678946479929 ], [ 31.231964036365618, 29.97363086866811 ], [ 31.231973955825961, 29.973567687503795 ], [ 31.232042915494784, 29.973497969164391 ], [ 31.232164778108835, 29.973377953332076 ], [ 31.232181474571824, 29.973350597563829 ], [ 31.232251392493875, 29.973265023230233 ], [ 31.232300601237561, 29.973210671947317 ], [ 31.232371739957735, 29.973101325256419 ], [ 31.232391557999552, 29.973002672403585 ], [ 31.232385559491643, 29.97295892126899 ], [ 31.232324291343861, 29.972921815828126 ], [ 31.232288978392802, 29.972920993523658 ], [ 31.232106194413909, 29.972881036858631 ], [ 31.232461941661242, 29.972084431935283 ], [ 31.232590663260702, 29.972115127218419 ], [ 31.23259160181501, 29.972115379813264 ], [ 31.23259254253724, 29.972115627023719 ], [ 31.232593483387255, 29.972115867017887 ], [ 31.232594426437139, 29.972116099823598 ], [ 31.232595371686877, 29.972116325440833 ], [ 31.232596319104545, 29.972116545673678 ], [ 31.232597266649982, 29.972116758690241 ], [ 31.23259821636335, 29.97211696632241 ], [ 31.232599168308525, 29.972117164962032 ], [ 31.232600122421633, 29.972117358217261 ], [ 31.232601076662508, 29.972117544256211 ], [ 31.232602033071299, 29.972117724910756 ], [ 31.232602991679972, 29.97211789837684 ], [ 31.232603950416408, 29.972118064626628 ], [ 31.232604911352713, 29.972118223687975 ], [ 31.23260587241678, 29.972118375533011 ], [ 31.232606835648774, 29.972118521993686 ], [ 31.23260780108064, 29.972118661265878 ], [ 31.232608764568184, 29.972118793293969 ], [ 31.232609732327674, 29.97211891816141 ], [ 31.232610700183006, 29.972119037616636 ], [ 31.232611668166104, 29.972119149855587 ], [ 31.232612636276976, 29.972119254878255 ], [ 31.232613606587705, 29.972119352712465 ], [ 31.232614579066354, 29.972119445162267 ], [ 31.232615549600684, 29.972119530367976 ], [ 31.232616522334887, 29.97211960838521 ], [ 31.232617497268933, 29.972119679213986 ], [ 31.232618470258672, 29.972119742798675 ], [ 31.232619445416326, 29.972119800998964 ], [ 31.232620420701753, 29.972119851982971 ], [ 31.232621396114929, 29.972119895750701 ], [ 31.232622373727995, 29.972119932329957 ], [ 31.232623349396711, 29.972119961665129 ], [ 31.232624327233371, 29.972119985615901 ], [ 31.23262530312568, 29.972120002322573 ], [ 31.232626281217868, 29.97212001184079 ], [ 31.232627259437816, 29.972120014142718 ], [ 31.232628237753595, 29.972120011032438 ], [ 31.232629216229075, 29.972119998901817 ], [ 31.232630194800382, 29.972119981358983 ], [ 31.232631173499456, 29.972119956599865 ], [ 31.23263215232631, 29.972119924624472 ], [ 31.232633129176875, 29.972119887209058 ], [ 31.232634108227316, 29.972119842605167 ], [ 31.232635085333406, 29.972119790757198 ], [ 31.232636064639379, 29.972119731720746 ], [ 31.232637042001009, 29.972119665440211 ], [ 31.23263801945847, 29.972119593747475 ], [ 31.232638997043701, 29.972119514838443 ], [ 31.232639972684598, 29.972119428685332 ], [ 31.23264095052534, 29.972119335343773 ], [ 31.232641926421771, 29.97211923475809 ], [ 31.232642900341922, 29.972119128732391 ], [ 31.232643876461932, 29.972119015518231 ], [ 31.232644850637609, 29.972118895059992 ], [ 31.232645822837018, 29.972118769161721 ], [ 31.232646797268227, 29.972118634270906 ], [ 31.232647767651077, 29.972118493912269 ], [ 31.232648740233763, 29.972118346365161 ], [ 31.232649710840196, 29.972118193378034 ], [ 31.232650679502289, 29.97211803314682 ], [ 31.232651648292144, 29.972117865699332 ], [ 31.232652615137667, 29.97211769100775 ], [ 31.232653582110956, 29.972117509099881 ], [ 31.232654547107963, 29.972117321751998 ], [ 31.232655512232746, 29.972117127187829 ], [ 31.232656475381241, 29.972116927183642 ], [ 31.232657436617348, 29.972116718131304 ], [ 31.232658397949283, 29.972116503666751 ], [ 31.232659357304939, 29.972116283762169 ], [ 31.232660314748202, 29.972116054809458 ], [ 31.232661272287277, 29.972115820444515 ], [ 31.232662227850092, 29.972115580639542 ], [ 31.232663181500502, 29.972115331786437 ], [ 31.232664133174644, 29.972115077493296 ], [ 31.232665082904447, 29.972114815956068 ], [ 31.232666032730069, 29.97211454900663 ], [ 31.232666978539267, 29.972114274785294 ], [ 31.232667924444272, 29.972113995151734 ], [ 31.232668868436892, 29.972113706470051 ], [ 31.232669810421296, 29.9721134141524 ], [ 31.232670750493302, 29.972113112786566 ], [ 31.232671688589033, 29.972112805980746 ], [ 31.232672624708485, 29.972112493734894 ], [ 31.232673558883608, 29.97211217424497 ], [ 31.232674491114395, 29.972111847510924 ], [ 31.2326754192968, 29.97211151530907 ], [ 31.232676347606969, 29.972111175890948 ], [ 31.232677273972801, 29.972110829228722 ], [ 31.232678196290255, 29.972110477098663 ], [ 31.23267911870354, 29.97211011955639 ], [ 31.232680037100383, 29.972109754742235 ], [ 31.232680953520944, 29.972109384488068 ], [ 31.232681867997183, 29.97210900698979 ], [ 31.232682778456976, 29.972108622219618 ], [ 31.232683686908562, 29.972108233813518 ], [ 31.232684593447747, 29.972107836359235 ], [ 31.232685497978707, 29.972107435269006 ], [ 31.232686398525175, 29.972107025102819 ], [ 31.232687297063432, 29.972106611300696 ], [ 31.232688193657349, 29.972106190254458 ], [ 31.232689086234839, 29.972105761936323 ], [ 31.232689976804092, 29.972105329982245 ], [ 31.232690865460956, 29.97210488898002 ], [ 31.232691750037503, 29.972104444314034 ], [ 31.232692630597622, 29.972103992376137 ], [ 31.232693509181459, 29.972103534998222 ], [ 31.23269438582096, 29.972103070376235 ], [ 31.232695258412082, 29.972102600286412 ], [ 31.232696126954828, 29.972102124728764 ], [ 31.232696993521305, 29.972101643731094 ], [ 31.232697856071336, 29.97210115546153 ], [ 31.232698716645096, 29.972100661751945 ], [ 31.232699573170471, 29.972100162574531 ], [ 31.232700425679415, 29.972099656125224 ], [ 31.232701276180148, 29.972099146039955 ], [ 31.232702122664442, 29.972098628682822 ], [ 31.232702965100358, 29.972098105857842 ], [ 31.232703805591932, 29.972097575788769 ], [ 31.232704642003185, 29.972097042055935 ], [ 31.232705474398013, 29.972096501051205 ], [ 31.232706302712522, 29.972095956382731 ], [ 31.232707129082694, 29.972095404470153 ], [ 31.232707951404489, 29.97209484708976 ], [ 31.232708767605818, 29.972094284213721 ], [ 31.23270958183085, 29.972093715897682 ], [ 31.232710392007519, 29.972093142113806 ], [ 31.232711200207913, 29.972092562889905 ], [ 31.232712002319765, 29.972091976366311 ], [ 31.232712800351308, 29.972091386178946 ], [ 31.232713596406565, 29.972090790551565 ], [ 31.23271438634135, 29.972090189428556 ], [ 31.23271517222777, 29.972089582837722 ], [ 31.232715956137906, 29.972088970806876 ], [ 31.232716733927564, 29.97208835328037 ], [ 31.232717509740937, 29.972087730313874 ], [ 31.232718279433854, 29.972087101851731 ], [ 31.232719045078387, 29.972086467921745 ], [ 31.232719806642603, 29.972085830328023 ], [ 31.23272056419038, 29.972085185462412 ], [ 31.232721317657848, 29.972084536933032 ], [ 31.232722067076928, 29.97208388293582 ], [ 31.232722810375549, 29.972083223442979 ], [ 31.232723549593846, 29.972082560286374 ], [ 31.232724286835868, 29.972081891689768 ], [ 31.232725017957414, 29.972081217597516 ], [ 31.232725742958493, 29.972080538009628 ], [ 31.232726465983291, 29.972079852981739 ], [ 31.23272718285568, 29.972079164262272 ], [ 31.232727895647738, 29.972078471879044 ], [ 31.23272860235129, 29.972077772196133 ], [ 31.232729304974509, 29.97207706884943 ], [ 31.232730003517418, 29.972076361839004 ], [ 31.232730698043884, 29.972075647556675 ], [ 31.232731386386003, 29.972074931386853 ], [ 31.232732070711688, 29.972074207945131 ], [ 31.232732748884956, 29.972073480811826 ], [ 31.232733422977912, 29.972072750014778 ], [ 31.232734093022497, 29.972072013749919 ], [ 31.23273475691467, 29.972071273793485 ], [ 31.232735416758459, 29.972070528369223 ], [ 31.232736070449842, 29.972069779253388 ], [ 31.232736717988821, 29.972069026446007 ], [ 31.232737363551507, 29.972068268198608 ], [ 31.232738000921639, 29.97206750442777 ], [ 31.232738634179515, 29.972066738797238 ], [ 31.232739263389004, 29.972065967698885 ], [ 31.232739886446097, 29.972065192908957 ], [ 31.232740503382718, 29.972064412623396 ], [ 31.232741116239009, 29.972063628674096 ], [ 31.232741722942905, 29.972062841033214 ], [ 31.232742325566477, 29.972062049728592 ], [ 31.232742922037648, 29.972061254732406 ], [ 31.232743512388343, 29.972060454240577 ], [ 31.232744098658728, 29.972059650084994 ], [ 31.232744678744755, 29.972058844041914 ], [ 31.232745252710323, 29.972058032503217 ], [ 31.232745822595572, 29.97205721730074 ], [ 31.232746386360343, 29.972056396602664 ], [ 31.232746943940779, 29.97205557401707 ], [ 31.232747495368791, 29.972054747739918 ], [ 31.232748042716501, 29.972053917799002 ], [ 31.232748583911803, 29.972053084166529 ], [ 31.232749118954686, 29.972052246842509 ], [ 31.232749647845175, 29.9720514058269 ], [ 31.232750172655329, 29.972050561147547 ], [ 31.232750689241001, 29.972049712748827 ], [ 31.232751201714407, 29.972048862490428 ], [ 31.232751708067358, 29.972048006736369 ], [ 31.232752208235947, 29.972047149094852 ], [ 31.232752704324231, 29.972046287789542 ], [ 31.23275319218801, 29.972045422764889 ], [ 31.232753675939534, 29.972044555880544 ], [ 31.232754151498501, 29.972043683472759 ], [ 31.232754622945219, 29.972042809205298 ], [ 31.232755088207576, 29.972041933050338 ], [ 31.232755547317534, 29.9720410532038 ], [ 31.232756000275085, 29.972040169665704 ], [ 31.232756447080234, 29.972039282436064 ], [ 31.232756887701029, 29.972038393318929 ], [ 31.232757322137477, 29.97203750231429 ], [ 31.232757750421523, 29.97203660761808 ], [ 31.232758172553165, 29.97203570923033 ], [ 31.232758590572548, 29.972034808982876 ], [ 31.232759000367434, 29.972033905016058 ], [ 31.232759403977983, 29.972032999161751 ], [ 31.232759801404182, 29.972032091419944 ], [ 31.232760192677972, 29.972031179986587 ], [ 31.232760577767422, 29.972030266665712 ], [ 31.232760956672525, 29.972029351457362 ], [ 31.232761329425212, 29.972028432557462 ], [ 31.232761695993567, 29.972027511770051 ], [ 31.232762056377574, 29.972026589095158 ], [ 31.232762408537091, 29.972025662700879 ], [ 31.232762756584354, 29.972024734446933 ], [ 31.232763096343231, 29.972023806081747 ], [ 31.232763432021805, 29.972022874052819 ], [ 31.23276375947588, 29.972021938304508 ], [ 31.232764080713672, 29.972021002472768 ], [ 31.232764395767123, 29.972020064753551 ], [ 31.232764704636228, 29.972019125146819 ], [ 31.232765007352935, 29.972018181848558 ], [ 31.232765301781271, 29.97201723843904 ], [ 31.232765592129287, 29.972016291365787 ], [ 31.232765874188921, 29.97201534418129 ], [ 31.232766150064229, 29.972014395109294 ], [ 31.232766419755198, 29.97201344414982 ], [ 31.232766683261811, 29.972012491302841 ], [ 31.232766940584089, 29.972011536568385 ], [ 31.232767189649927, 29.972010579918621 ], [ 31.232767432499493, 29.972009623185432 ], [ 31.232767669196662, 29.97200866276069 ], [ 31.232767899677533, 29.972007702252519 ], [ 31.232768121870041, 29.972006741633113 ], [ 31.232768339982243, 29.972005777349956 ], [ 31.232768549806078, 29.972004812955582 ], [ 31.232768753445555, 29.972003846673701 ], [ 31.232768948796682, 29.972002880280581 ], [ 31.23276914003554, 29.972001912027793 ], [ 31.232769322986051, 29.972000943663748 ], [ 31.232769499752205, 29.971999973412249 ], [ 31.232769670334029, 29.971999001273236 ], [ 31.232769832627472, 29.971998029022998 ], [ 31.232769988704643, 29.971997056689336 ], [ 31.232770138597477, 29.971996082468173 ], [ 31.232770282274029, 29.97199510816359 ], [ 31.232770417694159, 29.971994131943717 ], [ 31.232770546898003, 29.971993155640423 ], [ 31.232770669885568, 29.971992179253697 ], [ 31.232770786688803, 29.971991200979488 ], [ 31.232770895203668, 29.971990222594034 ], [ 31.232770997502261, 29.971989244125162 ], [ 31.232771093584571, 29.971988265572854 ], [ 31.232771181410449, 29.971987285105264 ], [ 31.232771263020055, 29.971986304554264 ], [ 31.232771338413389, 29.971985323919824 ], [ 31.232771407590448, 29.971984343201953 ], [ 31.232771468479129, 29.97198336237285 ], [ 31.232771523151545, 29.971982381460336 ], [ 31.232771571607685, 29.971981400464411 ], [ 31.232771611775458, 29.971980419357234 ], [ 31.232771645726956, 29.971979438166628 ], [ 31.232771673462182, 29.971978456892618 ], [ 31.232771694981132, 29.97197747553518 ], [ 31.232771708211715, 29.971976494066514 ], [ 31.232924684300311, 29.97136130613714 ], [ 31.233067683236765, 29.970855123656808 ], [ 31.233196377103102, 29.970399576301165 ], [ 31.233271388300448, 29.97041706133264 ], [ 31.233298668069548, 29.970370052037161 ], [ 31.233311046713204, 29.970306851373042 ], [ 31.233355740825743, 29.970184840772482 ], [ 31.233369360301229, 29.9699947175639 ], [ 31.233375124834495, 29.969915501664293 ], [ 31.233387612321106, 29.969745187469861 ], [ 31.233413192490687, 29.969563247487777 ], [ 31.233407988482085, 29.96941637096587 ], [ 31.233433866871433, 29.969234434968701 ], [ 31.23349208820866, 29.969057108413914 ], [ 31.233515740875326, 29.969013946309236 ], [ 31.233560415733212, 29.968756980547123 ], [ 31.233617282423548, 29.96875809698221 ], [ 31.233871608534152, 29.967969446945126 ], [ 31.234181957587094, 29.967064099795724 ], [ 31.234235248695981, 29.966908634952595 ], [ 31.23426539886341, 29.966818180874476 ], [ 31.234396904749261, 29.966423639913216 ], [ 31.234421209781321, 29.966349033931809 ], [ 31.234491968174677, 29.966131842031128 ], [ 31.234497143073625, 29.966070780388758 ], [ 31.234500019286003, 29.966036811356247 ], [ 31.234506054490367, 29.965965538757871 ], [ 31.234467672777161, 29.965929192296375 ], [ 31.234382702947091, 29.965903939679379 ], [ 31.234160736124608, 29.965927865228664 ], [ 31.233929595145167, 29.966050405943207 ], [ 31.233687612228817, 29.965927883442358 ], [ 31.233678034545701, 29.965929337536306 ], [ 31.233668456830415, 29.9659307934336 ], [ 31.233602832215507, 29.965937835032395 ], [ 31.23357737968465, 29.96593670148204 ], [ 31.23355829430794, 29.965935653326273 ], [ 31.233549142328247, 29.96593869927478 ], [ 31.233540789951878, 29.965948091542032 ], [ 31.23349757876808, 29.965973651926408 ], [ 31.233454537783203, 29.965989708480425 ], [ 31.233423601726599, 29.965990085697534 ], [ 31.233404598315307, 29.965984287374049 ], [ 31.233370009904949, 29.965985405957458 ], [ 31.233344403221214, 29.965992984217262 ], [ 31.233280443618916, 29.966008760106767 ], [ 31.233204547161229, 29.966030713228385 ], [ 31.233057161999739, 29.966082598416488 ], [ 31.232759606941304, 29.966240987361399 ], [ 31.232511725796194, 29.966368358889344 ], [ 31.232317359694658, 29.96648540830585 ], [ 31.232015757710386, 29.966693839446052 ], [ 31.231889778496132, 29.966768492874522 ], [ 31.231231407524739, 29.967138620223295 ], [ 31.230928665580667, 29.967291844691101 ], [ 31.230846541449122, 29.967335812426636 ], [ 31.230823971742442, 29.967357585450852 ], [ 31.230810955139528, 29.967376727729409 ], [ 31.230783085559239, 29.967399348037674 ], [ 31.230751253953617, 29.967407199440956 ], [ 31.230707055115744, 29.967426668053317 ], [ 31.229173038690988, 29.966151878481895 ], [ 31.228589238438218, 29.965746453675379 ], [ 31.228237911377548, 29.965556252663095 ], [ 31.22751630875457, 29.96504194833442 ], [ 31.226192689996335, 29.963841822855795 ], [ 31.225945628240044, 29.963585043015655 ], [ 31.225918873698195, 29.963603694801797 ], [ 31.225825608435947, 29.963668708589161 ], [ 31.225816052335173, 29.96367537017835 ], [ 31.22581235459327, 29.963678084854077 ], [ 31.225808652771459, 29.963680795865734 ], [ 31.225804942757968, 29.963683501353451 ], [ 31.225801228696611, 29.963686201373044 ], [ 31.225797508515488, 29.963688895896603 ], [ 31.225793784286505, 29.963691584952041 ], [ 31.225790051865836, 29.963694268483522 ], [ 31.225786315397322, 29.963696946546879 ], [ 31.225782572809024, 29.963699619114195 ], [ 31.225778826140818, 29.963702288017444 ], [ 31.225775071312995, 29.963704949592692 ], [ 31.225771312437299, 29.963707605699817 ], [ 31.225767547409792, 29.963710258114958 ], [ 31.225763778366478, 29.963712903257882 ], [ 31.225760003171331, 29.963715544708869 ], [ 31.225756221888489, 29.963718178859729 ], [ 31.22575243445382, 29.963720809318609 ], [ 31.225748642971283, 29.963723434309347 ], [ 31.225744845401039, 29.963726052 ], [ 31.225741041678983, 29.963728665998673 ], [ 31.225737233909065, 29.963731274529216 ], [ 31.225733420051426, 29.963733875759647 ], [ 31.225729602113883, 29.963736473325991 ], [ 31.225725775984667, 29.963739065368408 ], [ 31.225721945839648, 29.963741650138598 ], [ 31.225718111614722, 29.963744231244728 ], [ 31.225714269198118, 29.963746806826926 ], [ 31.225710424837622, 29.963749375164809 ], [ 31.225706572253404, 29.963751939782806 ], [ 31.225702715621324, 29.963754498932669 ], [ 31.225698852901541, 29.963757050782398 ], [ 31.225694986101846, 29.963759598968078 ], [ 31.225691113214452, 29.963762139853642 ], [ 31.225687234175233, 29.963764677047212 ], [ 31.22568335112021, 29.963767206968576 ], [ 31.225679463985294, 29.963769733225892 ], [ 31.225675568690747, 29.963772252155163 ], [ 31.225671669348355, 29.963774765616289 ], [ 31.225667765926058, 29.963777275413339 ], [ 31.225663856416062, 29.963779777910275 ], [ 31.22565994078629, 29.963782274911168 ], [ 31.225656021108676, 29.963784766443904 ], [ 31.225652095311307, 29.963787252480611 ], [ 31.225648165466083, 29.96378973304915 ], [ 31.225644229501103, 29.963792208121646 ], [ 31.225640289488268, 29.963794677725986 ], [ 31.225636343355681, 29.963797141834299 ], [ 31.225632393207295, 29.963799598670384 ], [ 31.225628436907105, 29.963802051814483 ], [ 31.225624474519208, 29.963804497658451 ], [ 31.225620508051399, 29.963806939838342 ], [ 31.225616537567813, 29.963809374746017 ], [ 31.225612560964475, 29.963811804157647 ], [ 31.22560857824136, 29.963814228073229 ], [ 31.225604591470415, 29.963816646520652 ], [ 31.225600600651624, 29.963819059499922 ], [ 31.225596603713075, 29.963821466983134 ], [ 31.225592600686827, 29.963823867166219 ], [ 31.225588593580675, 29.963826263685235 ], [ 31.225584582458744, 29.963828652932015 ], [ 31.225580565217061, 29.963831036682752 ], [ 31.225576543927524, 29.963833414965332 ], [ 31.225572516518245, 29.963835787751837 ], [ 31.225568485061125, 29.963838155070214 ], [ 31.225564447484238, 29.963840516892514 ], [ 31.225560405891578, 29.963842871442608 ], [ 31.225556605229748, 29.963845079465461 ], [ 31.22555636021902, 29.963845222328604 ], [ 31.225552308458767, 29.963847565914474 ], [ 31.225548250578761, 29.963849904004288 ], [ 31.225544190722839, 29.963852236653842 ], [ 31.225540124779219, 29.963854562003299 ], [ 31.225536052683783, 29.963856883660721 ], [ 31.225531976572576, 29.963859198045945 ], [ 31.225527896413524, 29.963861506963017 ], [ 31.225523810134728, 29.963863810383994 ], [ 31.225519719808098, 29.963866108336831 ], [ 31.22551562543363, 29.963868400821511 ], [ 31.225511524971473, 29.963870686006072 ], [ 31.22550742042942, 29.96387296752652 ], [ 31.225503309799684, 29.963875241746834 ], [ 31.225499195122111, 29.963877510499007 ], [ 31.225495076428764, 29.963879771978952 ], [ 31.225490953655527, 29.963882029794789 ], [ 31.225486824794594, 29.963884280310506 ], [ 31.225482691885844, 29.96388652535807 ], [ 31.225478552857332, 29.963888764909552 ], [ 31.225474409813067, 29.963890997188809 ], [ 31.225470262688898, 29.963893225803961 ], [ 31.225466111548965, 29.9638954471469 ], [ 31.225461954289283, 29.963897662993769 ], [ 31.225457793013842, 29.963899871568401 ], [ 31.225453627658506, 29.963902076478952 ], [ 31.225449456215493, 29.963904274089337 ], [ 31.22544528279656, 29.963906466259502 ], [ 31.225441103289942, 29.963908651129511 ], [ 31.22543691763153, 29.963910832307509 ], [ 31.225432730029269, 29.963913006241199 ], [ 31.225428536307273, 29.963915174678803 ], [ 31.22542433853744, 29.963917337648244 ], [ 31.225420134679926, 29.963919493317537 ], [ 31.225415928846516, 29.963921643546584 ], [ 31.225411716893355, 29.963923788279555 ], [ 31.225407500892381, 29.963925927544345 ], [ 31.225403280875636, 29.963928059536933 ], [ 31.225399054739157, 29.963930186033416 ], [ 31.225394826626783, 29.963932307089649 ], [ 31.225390592426724, 29.963934420845757 ], [ 31.225386354146778, 29.963936530937744 ], [ 31.225382111883142, 29.963938631953436 ], [ 31.22537786346771, 29.963940729277112 ], [ 31.225373613108431, 29.963942819356465 ], [ 31.225369356629425, 29.963944903939726 ], [ 31.225365096102593, 29.963946983054836 ], [ 31.225360831560014, 29.963949054897707 ], [ 31.225356562937556, 29.963951123076463 ], [ 31.225352290331397, 29.963953182178923 ], [ 31.225348011573452, 29.963955237589364 ], [ 31.225343730871664, 29.963957285755495 ], [ 31.225339444050149, 29.963959328425528 ], [ 31.225335153212885, 29.963961363823326 ], [ 31.225330858327812, 29.963963393752952 ], [ 31.225326559394908, 29.963965418214389 ], [ 31.225322256414206, 29.963967437207671 ], [ 31.225317949417747, 29.963969448928712 ], [ 31.225313636301568, 29.963971455153668 ], [ 31.225309321241554, 29.963973454134294 ], [ 31.22530500006182, 29.963975447618829 ], [ 31.225300676906183, 29.963977435663114 ], [ 31.22529634766288, 29.963979416407227 ], [ 31.225292014371778, 29.963981391683177 ], [ 31.225287677032863, 29.963983361490953 ], [ 31.225283337718054, 29.963985325858456 ], [ 31.225278992315602, 29.963987282925817 ], [ 31.225274642897386, 29.96398923272093 ], [ 31.225270289431382, 29.963991177047877 ], [ 31.225265931917562, 29.963993115906632 ], [ 31.22526157035594, 29.963995049297214 ], [ 31.225257204778579, 29.963996975415544 ], [ 31.225252835153416, 29.963998896065707 ], [ 31.225248461512511, 29.964000809443604 ], [ 31.225244083823799, 29.964002717353342 ], [ 31.22523970211936, 29.964004617990831 ], [ 31.225235316335048, 29.964006514964218 ], [ 31.225230926567068, 29.964008402861264 ], [ 31.225226532719216, 29.964010287094215 ], [ 31.225222134855642, 29.964012164054932 ], [ 31.225217732976329, 29.964014033743382 ], [ 31.225213327017144, 29.964015899767716 ], [ 31.225208917074312, 29.964017756715737 ], [ 31.2252045030516, 29.964019609999639 ], [ 31.225200087085081, 29.964021456039216 ], [ 31.225195665030906, 29.964023294778634 ], [ 31.225191241000864, 29.96402512807779 ], [ 31.22518681085111, 29.964026955880822 ], [ 31.225182378757541, 29.964028776439534 ], [ 31.22517794054426, 29.964030591502148 ], [ 31.225173500387172, 29.964032399320423 ], [ 31.225169056182295, 29.964034201670515 ], [ 31.225164607929624, 29.964035998552433 ], [ 31.225160155661225, 29.964037788162088 ], [ 31.225155699377105, 29.964039570499487 ], [ 31.225151241085051, 29.964041349200691 ], [ 31.225146776737414, 29.964043118797655 ], [ 31.225142310381845, 29.96404488475843 ], [ 31.225137837938636, 29.96404664341901 ], [ 31.225133363551624, 29.964048394835274 ], [ 31.225128885116831, 29.964050140783325 ], [ 31.225124404738235, 29.964051879487062 ], [ 31.225119918239937, 29.964053612694709 ], [ 31.225115429765768, 29.964055340462046 ], [ 31.225110935203965, 29.964057060929228 ], [ 31.225106438698365, 29.96405877415209 ], [ 31.225101938112914, 29.964060483710803 ], [ 31.225097435615734, 29.964062184221117 ], [ 31.225092926998862, 29.964063879235326 ], [ 31.225088416406123, 29.964065568809264 ], [ 31.225083901797678, 29.964067251110929 ], [ 31.225079383141434, 29.964068927944428 ], [ 31.225074860469501, 29.964070597505668 ], [ 31.225070335821691, 29.964072261626608 ], [ 31.225065807158185, 29.964073918475311 ], [ 31.225061274446904, 29.964075569855822 ], [ 31.225056737719903, 29.964077213964064 ], [ 31.225052199017053, 29.964078852632035 ], [ 31.2250476562985, 29.96408048402774 ], [ 31.225043109532173, 29.964082109955282 ], [ 31.225038558750136, 29.964083728610525 ], [ 31.225034005992239, 29.964085341825509 ], [ 31.225029449218653, 29.964086947768227 ], [ 31.225024888429356, 29.964088546438688 ], [ 31.225020325632141, 29.964090141472951 ], [ 31.225015756779381, 29.964091727402945 ], [ 31.225011188022684, 29.964093307920589 ], [ 31.225006613146299, 29.964094882942117 ], [ 31.225002036326146, 29.964096450719303 ], [ 31.224997455490275, 29.964098011224237 ], [ 31.22499287267857, 29.964099566288887 ], [ 31.224988285819105, 29.964101115885324 ], [ 31.224983694943926, 29.964102658209523 ], [ 31.224979102124987, 29.964104193289351 ], [ 31.224974505258277, 29.964105722900999 ], [ 31.224969906447807, 29.964107245268295 ], [ 31.224965303621627, 29.964108760363349 ], [ 31.224960698819615, 29.964110270018093 ], [ 31.224956089969847, 29.964111774204664 ], [ 31.224951477104373, 29.964113271118933 ], [ 31.224946862295148, 29.964114760788878 ], [ 31.224942245510078, 29.964116245018548 ], [ 31.224937622637405, 29.964117721948028 ], [ 31.224932999860801, 29.964119193465148 ], [ 31.224928373068522, 29.964120657709987 ], [ 31.224923742260554, 29.964122114682592 ], [ 31.224919109476755, 29.964123566214894 ], [ 31.224914472677263, 29.964125010474923 ], [ 31.224909833901947, 29.964126449294682 ], [ 31.22490519111096, 29.96412788084216 ], [ 31.224900546376187, 29.964129305145295 ], [ 31.22489589759369, 29.964130723980229 ], [ 31.224891246835341, 29.964132137374875 ], [ 31.224886592093394, 29.964133541693208 ], [ 31.22488193537562, 29.964134940571224 ], [ 31.224877276682012, 29.964136334008998 ], [ 31.224872611900821, 29.964137720146546 ], [ 31.224867947247787, 29.96413909906768 ], [ 31.224863278547001, 29.964140472520604 ], [ 31.224858607902473, 29.964141838729173 ], [ 31.224853933242269, 29.964143197665475 ], [ 31.224849256606241, 29.964144551161496 ], [ 31.224844575954542, 29.964145897385251 ], [ 31.224839893327022, 29.964147238168717 ], [ 31.224835206683832, 29.964148571679903 ], [ 31.224830518096901, 29.964149897946736 ], [ 31.22482582753414, 29.964151218773292 ], [ 31.224821132955718, 29.964152532327567 ], [ 31.224816436401486, 29.964153840441572 ], [ 31.224078714608435, 29.964370207520336 ], [ 31.224073461256676, 29.964371825690328 ], [ 31.224068209880404, 29.964373449300211 ], [ 31.224062962551578, 29.964375078377959 ], [ 31.224057719238075, 29.964376714727603 ], [ 31.224052475796071, 29.964378358293278 ], [ 31.224047236401489, 29.964380007326788 ], [ 31.224042001022251, 29.964381663632231 ], [ 31.224036765546575, 29.964383325349623 ], [ 31.224031536158165, 29.964384994366874 ], [ 31.224026306641246, 29.964386670600149 ], [ 31.224021081203823, 29.964388350497206 ], [ 31.224015859749649, 29.964390039470256 ], [ 31.224010640270976, 29.9643917338832 ], [ 31.224005422767796, 29.964393433736049 ], [ 31.224000209279946, 29.964395140860805 ], [ 31.223994997735495, 29.964396855229541 ], [ 31.223989788166534, 29.964398575038203 ], [ 31.2239845826129, 29.964400302118747 ], [ 31.223979381106684, 29.964402034667145 ], [ 31.223974181575951, 29.964403772655469 ], [ 31.223968983956535, 29.964405519691827 ], [ 31.223963790416615, 29.96440727039197 ], [ 31.223958598820083, 29.964409028336089 ], [ 31.223953411238888, 29.964410793552105 ], [ 31.22394822563318, 29.96441256420805 ], [ 31.223943044042773, 29.964414342135917 ], [ 31.22393786442786, 29.964416125503682 ], [ 31.22393268882826, 29.964417916143354 ], [ 31.223900985641244, 29.964425332752139 ], [ 31.223897966044166, 29.964426152775243 ], [ 31.223894948390619, 29.964426980042482 ], [ 31.223891932712675, 29.964427812749751 ], [ 31.223888921018087, 29.964428654533162 ], [ 31.223885911331195, 29.964429499952555 ], [ 31.223882903555729, 29.96443035442012 ], [ 31.223879899827796, 29.964431214355681 ], [ 31.223876898075471, 29.964432079731289 ], [ 31.223873898234576, 29.964432954155093 ], [ 31.223870902473291, 29.964433832242822 ], [ 31.223867908623433, 29.964434719378737 ], [ 31.223864916749186, 29.964435611954698 ], [ 31.223861928922467, 29.964436509998656 ], [ 31.223858943007166, 29.964437417090803 ], [ 31.223855961171481, 29.964438327846882 ], [ 31.22385298124723, 29.964439247651132 ], [ 31.223850005370497, 29.964440172923393 ], [ 31.223847031469361, 29.9644411036357 ], [ 31.223844059511741, 29.964442041592129 ], [ 31.22384109156955, 29.964442986820615 ], [ 31.223838127674899, 29.96444393751711 ], [ 31.223835165723742, 29.964444895457707 ], [ 31.223832205748185, 29.964445858838374 ], [ 31.223829249788068, 29.964446829491088 ], [ 31.223826295771453, 29.964447807387941 ], [ 31.223823345802359, 29.964448790752773 ], [ 31.223820399880786, 29.964449779585621 ], [ 31.223817455902726, 29.964450775662584 ], [ 31.22381451386817, 29.964451778983658 ], [ 31.223811575881133, 29.96445278777275 ], [ 31.223808641909518, 29.964453803833894 ], [ 31.223805709913499, 29.964454825335089 ], [ 31.223802781932918, 29.964455854108355 ], [ 31.223799855927918, 29.964456888321681 ], [ 31.223796933938353, 29.964457929807061 ], [ 31.223794015996308, 29.964458976760461 ], [ 31.223791099997761, 29.964460030957952 ], [ 31.223788188046736, 29.964461090623463 ], [ 31.223785278039202, 29.964462157533092 ], [ 31.223782372079185, 29.964463229910749 ], [ 31.223779470134591, 29.964464309560455 ], [ 31.223776572237522, 29.964465394678136 ], [ 31.223773676283937, 29.964466487039974 ], [ 31.223770782305948, 29.964467584841856 ], [ 31.223767894415303, 29.964468689943736 ], [ 31.223765008500255, 29.964469800485691 ], [ 31.223762124528697, 29.964470918271761 ], [ 31.223759246676579, 29.964472041553787 ], [ 31.223756370800039, 29.964473170275884 ], [ 31.223753498938922, 29.964474306270031 ], [ 31.223750631093228, 29.964475449536252 ], [ 31.223747765223123, 29.964476598242531 ], [ 31.223744903400522, 29.964477752416816 ], [ 31.223742045593333, 29.964478913863168 ], [ 31.223739191833673, 29.96448008077752 ], [ 31.223736340017485, 29.964481254935997 ], [ 31.223733492248819, 29.964482434562502 ], [ 31.223730648527653, 29.964483619656978 ], [ 31.223727808821902, 29.964484812023564 ], [ 31.223724973131567, 29.964486011662181 ], [ 31.223722139416818, 29.964487216740871 ], [ 31.223719309749573, 29.964488427287577 ], [ 31.223716484129834, 29.964489643302279 ], [ 31.223713662525519, 29.964490866589081 ], [ 31.223710844936594, 29.964492097147918 ], [ 31.223708029323266, 29.964493333146837 ], [ 31.223705219829366, 29.964494574641687 ], [ 31.223702412311045, 29.964495821576623 ], [ 31.223699608808126, 29.964497075783626 ], [ 31.223696809352717, 29.964498335458636 ], [ 31.22369401391272, 29.964499602405724 ], [ 31.223691222520223, 29.964500874820803 ], [ 31.223688435143139, 29.964502154507965 ], [ 31.223685651845646, 29.964503437859083 ], [ 31.223682870491643, 29.964504728454312 ], [ 31.223680095224964, 29.964506026349571 ], [ 31.223475685548575, 29.964595390511551 ], [ 31.223473409479695, 29.964596469574065 ], [ 31.223471135354309, 29.964597555880747 ], [ 31.223468865308522, 29.964598645851392 ], [ 31.22346660135009, 29.96459974312209 ], [ 31.223464339367251, 29.964600845832891 ], [ 31.223462081399827, 29.964601955815777 ], [ 31.223459827511995, 29.964603069462648 ], [ 31.223457577639603, 29.964604190381603 ], [ 31.223455333886637, 29.96460531679655 ], [ 31.223453092077161, 29.964606450455644 ], [ 31.223450854347298, 29.964607587778737 ], [ 31.223448620632848, 29.964608732373904 ], [ 31.223446390965918, 29.964609882437124 ], [ 31.223444167418414, 29.964611037996328 ], [ 31.2234419458144, 29.964612200799699 ], [ 31.223439730329833, 29.964613369099041 ], [ 31.223437516820837, 29.964614542838479 ], [ 31.223435309431284, 29.964615722073905 ], [ 31.223433106089249, 29.964616906777369 ], [ 31.223430904690687, 29.964618098724994 ], [ 31.223428709443674, 29.96461929436455 ], [ 31.223426518212065, 29.964620497276201 ], [ 31.223424333099892, 29.964621705683836 ], [ 31.223422149963298, 29.964622919531557 ], [ 31.223419970842123, 29.964624140651402 ], [ 31.223417797872475, 29.96462536546316 ], [ 31.223415628918236, 29.964626597547024 ], [ 31.22341346404361, 29.964627833294877 ], [ 31.223411303184392, 29.964629076314829 ], [ 31.22340914844461, 29.964630324830782 ], [ 31.22340699568041, 29.964631578786804 ], [ 31.223404849003536, 29.964632840042899 ], [ 31.223402706406279, 29.964634104962965 ], [ 31.223400567856519, 29.964635375351087 ], [ 31.223398435394106, 29.96463665303926 ], [ 31.223396304939367, 29.964637934363445 ], [ 31.223394180571962, 29.964639222987699 ], [ 31.223392062323988, 29.964640517107959 ], [ 31.223389946051604, 29.964641816668294 ], [ 31.22338783593074, 29.964643119920595 ], [ 31.223385729825285, 29.96464443044496 ], [ 31.223383629839262, 29.96464574646534 ], [ 31.223381531828821, 29.964647067925824 ], [ 31.223379439937808, 29.964648394882296 ], [ 31.223377354166239, 29.964649727334738 ], [ 31.223375270370241, 29.964651065227304 ], [ 31.223373192693664, 29.964652408615866 ], [ 31.223371121104435, 29.964653759304465 ], [ 31.223369053594801, 29.964655113657074 ], [ 31.223366990132675, 29.964656473477714 ], [ 31.223364930718056, 29.964657838766396 ], [ 31.223362877422868, 29.964659209551069 ], [ 31.223360828175171, 29.964660585803813 ], [ 31.223358785046916, 29.964661967552551 ], [ 31.223356745998259, 29.964663352965271 ], [ 31.223354713036944, 29.964664745678036 ], [ 31.223352684123117, 29.964666143858857 ], [ 31.223350659256798, 29.96466754750773 ], [ 31.223348640542014, 29.964668954848541 ], [ 31.223346625842634, 29.964670369461469 ], [ 31.223344617262679, 29.964671789570374 ], [ 31.22334261276232, 29.964673213343286 ], [ 31.223340612309478, 29.964674642584239 ], [ 31.223338617976054, 29.964676077321176 ], [ 31.223336629762066, 29.964677517554147 ], [ 31.223334645595578, 29.964678963255142 ], [ 31.223332667548519, 29.964680414452147 ], [ 31.223330693548959, 29.964681871117207 ], [ 31.22332872362901, 29.964683331446246 ], [ 31.223326761868307, 29.964684799103299 ], [ 31.223324802115286, 29.964686270396403 ], [ 31.223322850553618, 29.964687747213446 ], [ 31.223320900967526, 29.964689229470579 ], [ 31.223318959604892, 29.964690715447624 ], [ 31.223317022257653, 29.964692208696786 ], [ 31.22331508899002, 29.964693705609911 ], [ 31.223313161841812, 29.964695208019062 ], [ 31.223311240813036, 29.964696715924202 ], [ 31.223309323831753, 29.964698229297415 ], [ 31.223307413002004, 29.964699746362562 ], [ 31.223305506219763, 29.964701268895748 ], [ 31.223303605556943, 29.964702796924939 ], [ 31.223301711013551, 29.964704330450147 ], [ 31.223299820549752, 29.964705867639342 ], [ 31.223297936173289, 29.964707412128597 ], [ 31.223296057980452, 29.964708958505735 ], [ 31.223294183803024, 29.964710512155005 ], [ 31.223292315777115, 29.964712069496201 ], [ 31.223290453870643, 29.964713632333403 ], [ 31.223288596011663, 29.964715200638661 ], [ 31.223286744304211, 29.964716772635885 ], [ 31.223284896612157, 29.964718351905205 ], [ 31.223283057175664, 29.964719933090347 ], [ 31.223281221754572, 29.964721521547627 ], [ 31.223279392485008, 29.964723113696863 ], [ 31.223277567295042, 29.964724709510083 ], [ 31.223275748192407, 29.964726312623352 ], [ 31.223273935241298, 29.964727919428586 ], [ 31.223272128441717, 29.964729529925748 ], [ 31.223270325657523, 29.964731147695055 ], [ 31.223268529056977, 29.964732767352235 ], [ 31.223268415278785, 29.964732872282472 ], [ 31.223266738543753, 29.964734394309481 ], [ 31.223264954182056, 29.964736024958697 ], [ 31.223263173899955, 29.964737659271879 ], [ 31.223261399737289, 29.964739299081078 ], [ 31.223259631694052, 29.96474094438631 ], [ 31.223257869802339, 29.964742593383463 ], [ 31.22325611403005, 29.964744247876638 ], [ 31.223254362305269, 29.964745907837862 ], [ 31.223252616732015, 29.964747571491039 ], [ 31.223250877310285, 29.96474923883617 ], [ 31.223249144007987, 29.964750911677321 ], [ 31.223247416857212, 29.964752588210413 ], [ 31.223245693753942, 29.964754270211554 ], [ 31.223243978842028, 29.964755957736664 ], [ 31.22324226800972, 29.964757648925772 ], [ 31.223240563328932, 29.96475934380685 ], [ 31.223238864767573, 29.964761044183923 ], [ 31.223237172357756, 29.964762748252955 ], [ 31.223235483995428, 29.964764457790036 ], [ 31.223233803856555, 29.964766171047014 ], [ 31.22323212776519, 29.964767889772073 ], [ 31.22323045989728, 29.964769612217047 ], [ 31.22322879610897, 29.964771338325988 ], [ 31.223227138440098, 29.96477306993097 ], [ 31.22322548692274, 29.964774805227883 ], [ 31.223223841524817, 29.964776546020826 ], [ 31.223222202278428, 29.96477829050572 ], [ 31.223220569183567, 29.964780038682562 ], [ 31.223218940136206, 29.964781792327468 ], [ 31.223217319312312, 29.964783549692289 ], [ 31.223215704639937, 29.964785310749075 ], [ 31.22321409401507, 29.96478707727389 ], [ 31.223046394979907, 29.964967474655989 ], [ 31.222968449645602, 29.965061862656782 ], [ 31.222949939722785, 29.965084277346488 ], [ 31.222940928168768, 29.965094325880635 ], [ 31.222847885208154, 29.96519812984566 ], [ 31.222517449579772, 29.965572881311179 ], [ 31.222511776134123, 29.965579349637842 ], [ 31.222365072159029, 29.96573962781639 ], [ 31.222340289000293, 29.965767145655899 ], [ 31.222283599718125, 29.965830091709023 ], [ 31.222075654507815, 29.966060988170739 ], [ 31.221885014336308, 29.966268322064767 ], [ 31.221850730859988, 29.966305609179056 ], [ 31.221730421739505, 29.966427717026537 ], [ 31.221584428191864, 29.966575892085999 ], [ 31.221465625373749, 29.966696471755036 ], [ 31.221330498685219, 29.96683361623213 ], [ 31.221329111879623, 29.9668352630489 ], [ 31.221327716882513, 29.966836904341559 ], [ 31.221326315733709, 29.966838541942124 ], [ 31.221324910505199, 29.966840175878598 ], [ 31.221323494981061, 29.966841806067038 ], [ 31.221322075377216, 29.966843432591343 ], [ 31.221320649653816, 29.966845053619526 ], [ 31.221319215706767, 29.966846670927644 ], [ 31.221317775608043, 29.966848284543666 ], [ 31.22131632935762, 29.9668498944676 ], [ 31.221314876987652, 29.966851498895398 ], [ 31.22131341639404, 29.966853099603139 ], [ 31.221311951720715, 29.966854696646774 ], [ 31.221310478855859, 29.966856288166262 ], [ 31.221308999839334, 29.966857875993671 ], [ 31.221307516743085, 29.966859460156975 ], [ 31.221306025455323, 29.966861038796164 ], [ 31.221304525943903, 29.966862613715271 ], [ 31.221303022352778, 29.966864184970277 ], [ 31.2213015126421, 29.966865750729134 ], [ 31.221299996779738, 29.966867312795909 ], [ 31.221298472725852, 29.966868869338569 ], [ 31.221296944592257, 29.966870422217102 ], [ 31.221295408235012, 29.966871971375554 ], [ 31.22129386783018, 29.96687351506587 ], [ 31.22129232127368, 29.966875055064076 ], [ 31.221290766525648, 29.96687658953817 ], [ 31.221289207697911, 29.966878120348134 ], [ 31.221287640678643, 29.966879645634002 ], [ 31.22128606957968, 29.966881167255742 ], [ 31.221284492361161, 29.966882683381325 ], [ 31.221282906918983, 29.966884195786843 ], [ 31.221281317397086, 29.966885704528259 ], [ 31.22127972175565, 29.966887207773524 ], [ 31.221278119994668, 29.966888705522653 ], [ 31.221276512082007, 29.966890199579677 ], [ 31.221274898049781, 29.966891688140525 ], [ 31.22127327786589, 29.966893173009336 ], [ 31.221271651562439, 29.966894652381963 ], [ 31.221270019139446, 29.966896126258462 ], [ 31.221268382636744, 29.966897596470833 ], [ 31.221266739982347, 29.966899062991118 ], [ 31.221265089168575, 29.966900522183206 ], [ 31.22126343424296, 29.966901979515253 ], [ 31.221261773229926, 29.966903429547077 ], [ 31.22126010813718, 29.966904875914807 ], [ 31.221258434852921, 29.96690631675839 ], [ 31.221256757488952, 29.966907753937868 ], [ 31.221255071933445, 29.966909185593213 ], [ 31.221253382330378, 29.966910611780396 ], [ 31.221251688647609, 29.966912034303462 ], [ 31.221249986773305, 29.966913451302378 ], [ 31.221248280851434, 29.96691486283315 ], [ 31.221246568777875, 29.966916270671813 ], [ 31.221244850616912, 29.966917671210261 ], [ 31.221243126304262, 29.966919068056612 ], [ 31.2212413979119, 29.966920461238878 ], [ 31.221239663432129, 29.966921847120901 ], [ 31.221237922800675, 29.966923229310837 ], [ 31.221236178121647, 29.96692460603262 ], [ 31.221234427290938, 29.966925979062289 ], [ 31.221232670372817, 29.966927344791745 ], [ 31.221230907303021, 29.966928706829101 ], [ 31.221229140185642, 29.966930063398301 ], [ 31.221227366948721, 29.96693141447134 ], [ 31.221225589632091, 29.966932761880258 ], [ 31.221223806228057, 29.966934101988972 ], [ 31.221222016672328, 29.966935438405596 ], [ 31.221220223069043, 29.966936769354035 ], [ 31.221218423346205, 29.96693809480632 ], [ 31.221216617471676, 29.966939416566497 ], [ 31.221214807581728, 29.966940731054468 ], [ 31.221212991572223, 29.966942040046263 ], [ 31.221211171483016, 29.966943345373956 ], [ 31.221209345274268, 29.96694464520548 ], [ 31.221207515017944, 29.966945939568834 ], [ 31.221205678642068, 29.96694722843602 ], [ 31.22120383614666, 29.966948511807061 ], [ 31.221201989603674, 29.966949789709933 ], [ 31.221200139013117, 29.96695106214462 ], [ 31.221198282303021, 29.966952329083153 ], [ 31.221196419473383, 29.966953590525534 ], [ 31.221194554636007, 29.966954848331767 ], [ 31.221192681639252, 29.966956098809803 ], [ 31.221190804562795, 29.966957345623729 ], [ 31.221188923470905, 29.966958585165429 ], [ 31.221187036227324, 29.966959821015013 ], [ 31.221185144968324, 29.96696104959236 ], [ 31.22118324755764, 29.966962274477606 ], [ 31.221181346131527, 29.966963492090624 ], [ 31.221179440625711, 29.966964706039526 ], [ 31.221177529032481, 29.96696591268821 ], [ 31.221175613391694, 29.966967113868716 ], [ 31.22117369367119, 29.966968311385116 ], [ 31.221171767863286, 29.966969501601277 ], [ 31.221169838007825, 29.966970686349271 ], [ 31.221167902000673, 29.966971867405153 ], [ 31.221165961978095, 29.966973041188798 ], [ 31.221164017907956, 29.966974209504276 ], [ 31.221162067718272, 29.966975372323585 ], [ 31.221160115552991, 29.966976529702702 ], [ 31.221158157268178, 29.966977681585661 ], [ 31.221156192895968, 29.966978826168383 ], [ 31.221154226516013, 29.966979967114984 ], [ 31.221152254048675, 29.96698110076138 ], [ 31.221150277501611, 29.966982230743632 ], [ 31.221148294867167, 29.966983353425658 ], [ 31.221146310257122, 29.966984470667516 ], [ 31.221144319527543, 29.966985582413191 ], [ 31.221142324750392, 29.966986688690675 ], [ 31.221140325957833, 29.966987787695931 ], [ 31.221138323085562, 29.966988883037068 ], [ 31.221136314125893, 29.966989971077982 ], [ 31.221134303190627, 29.966991053678701 ], [ 31.22113228613583, 29.966992130783257 ], [ 31.221130265033473, 29.966993202419641 ], [ 31.221128239915696, 29.966994266783765 ], [ 31.221126210750352, 29.966995325679722 ], [ 31.221124177537451, 29.966996379107492 ], [ 31.221122140276979, 29.966997427067099 ], [ 31.221120096896978, 29.966998469530523 ], [ 31.221118051573526, 29.966999504749701 ], [ 31.221116000130539, 29.9670005344727 ], [ 31.22111394671197, 29.967001558755506 ], [ 31.221111887173862, 29.96700257754215 ], [ 31.221109825692313, 29.967003589084541 ], [ 31.221107758091225, 29.967004595130746 ], [ 31.221105686442581, 29.967005595708784 ], [ 31.221103612850492, 29.967006589042576 ], [ 31.221101533106726, 29.967007578684225 ], [ 31.221099451419516, 29.96700856108167 ], [ 31.221097363644919, 29.96700953617885 ], [ 31.221095273862591, 29.967010507639895 ], [ 31.221093180064859, 29.967011471828698 ], [ 31.221091082251693, 29.967012428745271 ], [ 31.221088978286865, 29.967013381969728 ], [ 31.221086872378592, 29.967014327949933 ], [ 31.221084762454911, 29.967015266657874 ], [ 31.221082650523496, 29.967016201729709 ], [ 31.221080532504693, 29.96701712950129 ], [ 31.221078412542457, 29.967018050028614 ], [ 31.221076286460683, 29.967018965059786 ], [ 31.221074158403336, 29.967019874650756 ], [ 31.22107202629843, 29.967020778773524 ], [ 31.221069890178111, 29.967021675624057 ], [ 31.221069656316843, 29.967021773516709 ], [ 31.221067752082217, 29.967022567034402 ], [ 31.221065609970903, 29.967023451172487 ], [ 31.221063461740062, 29.967024329814407 ], [ 31.221061313605613, 29.967025203044116 ], [ 31.221059159383792, 29.967026068973588 ], [ 31.221057003186381, 29.967026929462861 ], [ 31.221054842973569, 29.967027782679903 ], [ 31.221052678713193, 29.967028630428747 ], [ 31.221050510437415, 29.967029470905345 ], [ 31.221048340186062, 29.967030305941751 ], [ 31.221046165887159, 29.967031135509959 ], [ 31.221043989644812, 29.967031957833917 ], [ 31.221041809354922, 29.967032774689702 ], [ 31.221039625049627, 29.967033584273224 ], [ 31.221037438768754, 29.967034388416547 ], [ 31.221035248472472, 29.967035185287628 ], [ 31.221033054128636, 29.9670359766905 ], [ 31.221030857841377, 29.967036760849144 ], [ 31.221028657506569, 29.967037539539579 ], [ 31.22102645522833, 29.967038310985767 ], [ 31.221024248902545, 29.967039076963776 ], [ 31.221022038529203, 29.967039837473578 ], [ 31.221019826244586, 29.967040588935081 ], [ 31.221017611952249, 29.967041336760417 ], [ 31.22101539364451, 29.967042077313515 ], [ 31.221013171321371, 29.967042810594368 ], [ 31.221010947022645, 29.967043538435021 ], [ 31.221008720780517, 29.967044259031425 ], [ 31.221006490490819, 29.967044974159624 ], [ 31.221004256185733, 29.967045682015577 ], [ 31.221002021977057, 29.967046384459316 ], [ 31.220999781680998, 29.967047079602825 ], [ 31.220997541513494, 29.967047767530058 ], [ 31.220995297298444, 29.9670484499891 ], [ 31.220993049035851, 29.967049126979948 ], [ 31.220990798829845, 29.967049796726535 ], [ 31.220988546680399, 29.967050459228872 ], [ 31.220986290483417, 29.967051116263018 ], [ 31.220984032343019, 29.967051766052872 ], [ 31.220981772259194, 29.967052408598498 ], [ 31.220979508127822, 29.967053045675939 ], [ 31.220977242020894, 29.967053677313153 ], [ 31.22097497400269, 29.967054299902063 ], [ 31.220972701904799, 29.967054918826832 ], [ 31.220970427895637, 29.967055528703277 ], [ 31.22096815191091, 29.967056133139515 ], [ 31.22096587398276, 29.96705673033151 ], [ 31.22096359200707, 29.967057322055311 ], [ 31.220961308087972, 29.967057906534833 ], [ 31.220959022193298, 29.967058485574164 ], [ 31.220956734355216, 29.967059057369234 ], [ 31.22095444250175, 29.967059621892055 ], [ 31.22095214870486, 29.967060179170591 ], [ 31.220949852932407, 29.967060731008946 ], [ 31.220947555184402, 29.967061277407101 ], [ 31.22094525552512, 29.967061814756917 ], [ 31.220942953890283, 29.967062346666534 ], [ 31.22094064824006, 29.967062871303895 ], [ 31.220938340614264, 29.967063390501071 ], [ 31.220936033117045, 29.967063902481961 ], [ 31.220933721604442, 29.967064407190602 ], [ 31.220931408116268, 29.967064906459019 ], [ 31.220929092684692, 29.967065398483189 ], [ 31.220926775309696, 29.967065883263103 ], [ 31.220924455959153, 29.9670663626028 ], [ 31.220922134665205, 29.96706683469824 ], [ 31.220919811427837, 29.967067299549409 ], [ 31.220917486214908, 29.967067758960393 ], [ 31.220915159058588, 29.967068211127092 ], [ 31.220912829958845, 29.967068656049545 ], [ 31.220910498915714, 29.967069093727709 ], [ 31.220908165897015, 29.967069525965687 ], [ 31.220905830934917, 29.967069950959395 ], [ 31.220903493997259, 29.9670703705129 ], [ 31.22090115514834, 29.967070781018094 ], [ 31.220898814323878, 29.967071186083068 ], [ 31.220896473595843, 29.967071585735813 ], [ 31.220894128884563, 29.967071976312258 ], [ 31.220891784269721, 29.9670723614765 ], [ 31.220889437711467, 29.967072739396478 ], [ 31.220887089209821, 29.967073110072164 ], [ 31.220884738732611, 29.967073475307647 ], [ 31.220882388383977, 29.967073833326889 ], [ 31.220880034019974, 29.967074184073848 ], [ 31.22087767978455, 29.967074527604538 ], [ 31.220875323573569, 29.967074865695039 ], [ 31.220872965419193, 29.967075196541241 ], [ 31.220870607393394, 29.9670755201712 ], [ 31.220868245320069, 29.96707583833296 ], [ 31.220865883407473, 29.967076147474366 ], [ 31.220863521591312, 29.967076451203571 ], [ 31.220861155727622, 29.967076749464578 ], [ 31.220858790024671, 29.967077038705231 ], [ 31.220856424418137, 29.967077322533697 ], [ 31.220854054796241, 29.967077599089897 ], [ 31.220816462963498, 29.967080927594726 ], [ 31.220656488985135, 29.967095095160683 ], [ 31.220546244724925, 29.967100617879598 ], [ 31.220520639216787, 29.967101901360373 ], [ 31.220488968152193, 29.967104896542832 ], [ 31.220457305406171, 29.967107890025531 ], [ 31.220308330261485, 29.967122041576282 ], [ 31.220068277216306, 29.967144843439748 ], [ 31.220041762633155, 29.967147363248628 ], [ 31.219910398036493, 29.967159841403184 ], [ 31.219655493198299, 29.967184053173909 ], [ 31.219648059069293, 29.967184759283459 ], [ 31.219630333902789, 29.967186345809822 ], [ 31.219626968890758, 29.967186655804198 ], [ 31.219623605854171, 29.967186971238661 ], [ 31.219620242656706, 29.967187295693329 ], [ 31.219616881434696, 29.967187625588092 ], [ 31.219613522155964, 29.967187962726992 ], [ 31.2196101627807, 29.967188305277983 ], [ 31.219606805316545, 29.967188656877198 ], [ 31.219603447755862, 29.967189013888454 ], [ 31.219600092138442, 29.96718937814391 ], [ 31.219596738464301, 29.967189749643484 ], [ 31.219593386765606, 29.967190126583166 ], [ 31.219590034938214, 29.96719051073898 ], [ 31.219586685054082, 29.967190902138931 ], [ 31.219583337113228, 29.967191300783057 ], [ 31.219579989075836, 29.967191704839244 ], [ 31.219576642949544, 29.967192117943668 ], [ 31.219573298830863, 29.967192534684095 ], [ 31.219569956623278, 29.967192960472762 ], [ 31.219566614286986, 29.967193393477547 ], [ 31.219563275998109, 29.96719383195045 ], [ 31.219559937580527, 29.967194277639496 ], [ 31.21955659906639, 29.967194728740608 ], [ 31.219553264535339, 29.967195188917952 ], [ 31.219549929907739, 29.967195654507393 ], [ 31.219546599295388, 29.967196127368975 ], [ 31.219543268586484, 29.967196605642641 ], [ 31.219539939788671, 29.96719709296454 ], [ 31.219536610894323, 29.967197585698493 ], [ 31.219533286047373, 29.967198083900566 ], [ 31.219529963111523, 29.967198591150851 ], [ 31.219526640079124, 29.967199103813215 ], [ 31.219523318989985, 29.967199623719736 ], [ 31.219519999844099, 29.967200150870404 ], [ 31.219516682673646, 29.967200683461193 ], [ 31.219513367446449, 29.967201223296097 ], [ 31.219510054162512, 29.967201770375166 ], [ 31.219506742821832, 29.967202324698391 ], [ 31.219503433456577, 29.967202884461724 ], [ 31.21950012396259, 29.96720345144119 ], [ 31.219496818483844, 29.967204025692809 ], [ 31.219493512908542, 29.967204605356542 ], [ 31.219490211348475, 29.967205192292408 ], [ 31.219486911731654, 29.967205786472451 ], [ 31.21948361201828, 29.967206386064564 ], [ 31.219480316320134, 29.967206992928855 ], [ 31.219477020493255, 29.967207607009293 ], [ 31.21947372868161, 29.967208228361891 ], [ 31.219470436773403, 29.967208855126561 ], [ 31.219467148880433, 29.967209489163409 ], [ 31.21946386085872, 29.967210130416404 ], [ 31.219460576884408, 29.967210777137485 ], [ 31.219457294853342, 29.967211431102751 ], [ 31.219454014765525, 29.96721209231216 ], [ 31.219450736653116, 29.967212758961672 ], [ 31.219447458411977, 29.967213432827339 ], [ 31.219444186258034, 29.967214113993155 ], [ 31.219440914007535, 29.967214800571085 ], [ 31.219437643700278, 29.967215494393159 ], [ 31.219434375336267, 29.967216195459383 ], [ 31.219431110987461, 29.96721690379778 ], [ 31.2194278465421, 29.967217617548272 ], [ 31.219424586144122, 29.96721833676688 ], [ 31.219421327657212, 29.967219065033689 ], [ 31.219418071145714, 29.967219798740587 ], [ 31.21941481868161, 29.96722053791563 ], [ 31.219411566056589, 29.96722128611086 ], [ 31.219408317478948, 29.967222039774178 ], [ 31.219405070876721, 29.967222798877625 ], [ 31.21940182618556, 29.967223567029286 ], [ 31.219398583469797, 29.96722434062103 ], [ 31.219395342729445, 29.96722511965288 ], [ 31.21939210600431, 29.967225905956912 ], [ 31.219388871222399, 29.967226699505108 ], [ 31.219385638383731, 29.967227500297444 ], [ 31.219382409592441, 29.967228306557889 ], [ 31.219379180672398, 29.967229120034514 ], [ 31.219375955799741, 29.967229938979216 ], [ 31.219372734942294, 29.967230765196117 ], [ 31.219369513956089, 29.967231598629155 ], [ 31.219366297017274, 29.967232437530296 ], [ 31.219363082021669, 29.967233283675611 ], [ 31.219359871073461, 29.967234135289033 ], [ 31.219356659996492, 29.967234994118602 ], [ 31.219353455006715, 29.967235860248373 ], [ 31.219350249920346, 29.967236731790226 ], [ 31.21934704884919, 29.967237610604247 ], [ 31.219343849753429, 29.967238494858375 ], [ 31.219340654672873, 29.967239386384673 ], [ 31.219337459463549, 29.967240285127119 ], [ 31.219334270373597, 29.967241189365701 ], [ 31.219331081154866, 29.967242100820432 ], [ 31.219327898055507, 29.967243017771292 ], [ 31.219324714827373, 29.967243941938285 ], [ 31.219321535614451, 29.967244873377485 ], [ 31.21931835837691, 29.96724581025676 ], [ 31.219315185154578, 29.967246754408226 ], [ 31.219312013907636, 29.967247703999799 ], [ 31.219308846675879, 29.967248660863536 ], [ 31.219305681419527, 29.967249623167394 ], [ 31.219302520178363, 29.967250592743422 ], [ 31.219299360912583, 29.967251567759543 ], [ 31.21929620359003, 29.967252550019854 ], [ 31.219293050282662, 29.967253539552321 ], [ 31.219289901022666, 29.967254534552911 ], [ 31.219286753705884, 29.967255536797662 ], [ 31.21928361043647, 29.967256544510562 ], [ 31.219280469110259, 29.967257559467591 ], [ 31.219277329759439, 29.967258579864751 ], [ 31.219274196495785, 29.967259607562095 ], [ 31.219271063135547, 29.967260640671533 ], [ 31.219267935862465, 29.967261681081151 ], [ 31.219264808492802, 29.967262726902874 ], [ 31.219261687210285, 29.967263780024794 ], [ 31.219258567870995, 29.967264840390872 ], [ 31.219255450507077, 29.967265906197063 ], [ 31.219252339262507, 29.967266977499403 ], [ 31.219249227889165, 29.967268056017875 ], [ 31.219246122635159, 29.967269140032496 ], [ 31.21924301932436, 29.967270231291273 ], [ 31.219239920028738, 29.967271329822264 ], [ 31.219236822708499, 29.96727243379334 ], [ 31.219233729435619, 29.96727354323253 ], [ 31.219230638105941, 29.967274659915908 ], [ 31.219227552895603, 29.96727578209542 ], [ 31.219224469628475, 29.967276911519097 ], [ 31.21922138833671, 29.96727804638288 ], [ 31.219218313132107, 29.967279188546868 ], [ 31.219215239902891, 29.96728033615096 ], [ 31.219212168616863, 29.967281490999241 ], [ 31.219209103450176, 29.967282651343634 ], [ 31.219206040226677, 29.967283818932202 ], [ 31.21920298105055, 29.967284991988912 ], [ 31.219199925921753, 29.967286170513773 ], [ 31.219196872736177, 29.967287356282768 ], [ 31.219193823597944, 29.967288547519889 ], [ 31.219190778474886, 29.967289746029188 ], [ 31.219187737399182, 29.967290950006635 ], [ 31.21918469826667, 29.967292161228254 ], [ 31.219181663181505, 29.967293377917994 ], [ 31.219178632111522, 29.967294601879924 ], [ 31.219175605121066, 29.967295829505936 ], [ 31.219172582113604, 29.967297066208168 ], [ 31.219169561113688, 29.967298306546482 ], [ 31.21916654616874, 29.96729955598903 ], [ 31.219163533231342, 29.967300809067666 ], [ 31.219160524309114, 29.967302069418469 ], [ 31.219157519434233, 29.967303335237418 ], [ 31.219154516502545, 29.967304608300516 ], [ 31.219151519690186, 29.967305886859783 ], [ 31.219148524821009, 29.967307172663222 ], [ 31.219145536103337, 29.967308462158741 ], [ 31.219142549296674, 29.967309760702488 ], [ 31.219139566569538, 29.967311062910319 ], [ 31.21913658785757, 29.96731237239036 ], [ 31.219133613192941, 29.967313687338514 ], [ 31.219130642543487, 29.967315009558845 ], [ 31.219127675941365, 29.967316337247333 ], [ 31.219124711314613, 29.967317670375913 ], [ 31.219121752774996, 29.967319010804729 ], [ 31.219118798282739, 29.96732035670167 ], [ 31.219115845765828, 29.967321708038732 ], [ 31.219112899336071, 29.967323066675977 ], [ 31.219109954881667, 29.967324430753369 ], [ 31.219107016546584, 29.967325800326901 ], [ 31.219104080154683, 29.967327177144622 ], [ 31.21910114988211, 29.967328559458469 ], [ 31.219098221584893, 29.967329947212477 ], [ 31.219095299374811, 29.967331342266675 ], [ 31.219092381244256, 29.967332740984929 ], [ 31.219089465056872, 29.967334146947394 ], [ 31.219086554956633, 29.967335560210056 ], [ 31.219083646831738, 29.967336978912837 ], [ 31.219080744826176, 29.967338403111771 ], [ 31.219077846867943, 29.967339832778869 ], [ 31.219074952957062, 29.967341267914083 ], [ 31.219072063061315, 29.967342710321489 ], [ 31.219069177212923, 29.967344158197044 ], [ 31.21906629537968, 29.967345613344797 ], [ 31.219063417625946, 29.96734707215662 ], [ 31.219060545959358, 29.967348538268666 ], [ 31.219057676268122, 29.967350009820837 ], [ 31.2190548126962, 29.967351486869173 ], [ 31.219051951067442, 29.967352971161681 ], [ 31.21904909555802, 29.96735446095035 ], [ 31.21904624409591, 29.967355956207161 ], [ 31.219043396681144, 29.967357456932092 ], [ 31.219040555385686, 29.967358963153206 ], [ 31.219037716033398, 29.967360476618499 ], [ 31.219034882800425, 29.967361995579953 ], [ 31.219032053614789, 29.967363520009556 ], [ 31.219029228476483, 29.967365049907286 ], [ 31.219026407353329, 29.967366587077212 ], [ 31.219023590309678, 29.967368127911246 ], [ 31.219020779353162, 29.967369676045475 ], [ 31.219017972443982, 29.967371229647878 ], [ 31.219015169582114, 29.967372788718418 ], [ 31.219012370767601, 29.967374353257089 ], [ 31.2190095780402, 29.967375925095983 ], [ 31.219006787288151, 29.967377502374994 ], [ 31.219004002687598, 29.967379083346135 ], [ 31.219001224174157, 29.967380671617487 ], [ 31.218998447603898, 29.967382267133022 ], [ 31.218995677185124, 29.967383866340683 ], [ 31.218992910813675, 29.967385471016463 ], [ 31.218990150529354, 29.967387082992481 ], [ 31.218987394324547, 29.967388698632597 ], [ 31.218984642134881, 29.967390321544904 ], [ 31.218981893992538, 29.967391949925346 ], [ 31.21897915196951, 29.967393583801979 ], [ 31.218976413993804, 29.967395223146749 ], [ 31.21880413088811, 29.967493378019633 ], [ 31.218775506389662, 29.96750786348457 ], [ 31.218758773351372, 29.967516333007275 ], [ 31.218549951415625, 29.967622182106755 ], [ 31.218268212229631, 29.967764989202962 ], [ 31.218260825297097, 29.967768738242373 ], [ 31.217643913582059, 29.968081979513549 ], [ 31.217477712996008, 29.96816631310034 ], [ 31.213539825783243, 29.970164330069515 ], [ 31.213227181175132, 29.970146998692471 ], [ 31.210990573825367, 29.970022996568737 ], [ 31.21076636028064, 29.970010563484212 ], [ 31.210617594813858, 29.970002313072023 ], [ 31.210509632031222, 29.969996910456484 ], [ 31.210381331584056, 29.969990464465152 ], [ 31.210352003708259, 29.969989049979556 ], [ 31.210322671786599, 29.969987630019023 ], [ 31.210293337923488, 29.969986202807632 ], [ 31.210264002086571, 29.969984770149434 ], [ 31.210230897657127, 29.96998314732107 ], [ 31.210197784941109, 29.969981524371761 ], [ 31.210164664035549, 29.969979895889391 ], [ 31.210131534875771, 29.969978265482041 ], [ 31.210098397494125, 29.969976631345638 ], [ 31.210065251858268, 29.96997499528425 ], [ 31.210032098000539, 29.969973355493817 ], [ 31.209998937992975, 29.969971712002486 ], [ 31.209965767691546, 29.969970064753927 ], [ 31.209932591207931, 29.969968415608527 ], [ 31.209897882495969, 29.969966686078632 ], [ 31.209863165562314, 29.969964952818877 ], [ 31.209828440374615, 29.969963217633303 ], [ 31.209793706997576, 29.969961476913809 ], [ 31.209758963326838, 29.969959732436259 ], [ 31.209724213474086, 29.969957986061033 ], [ 31.209700218690433, 29.969956777464123 ], [ 31.209689453359989, 29.969956234123725 ], [ 31.209654687096251, 29.969954478484652 ], [ 31.209619910538827, 29.969952719087551 ], [ 31.209585121615696, 29.969950955904171 ], [ 31.209550322366532, 29.969949190766727 ], [ 31.209515510751672, 29.969947421843031 ], [ 31.209480688843151, 29.969945649161232 ], [ 31.209445852464555, 29.96994387446901 ], [ 31.209411007896687, 29.969942094242779 ], [ 31.209376148858755, 29.969940312006134 ], [ 31.20936615393731, 29.969939800768678 ], [ 31.20934057963666, 29.969938491231712 ], [ 31.209304995976954, 29.969936666642418 ], [ 31.209269402023672, 29.969934838294591 ], [ 31.209233795704808, 29.969933006160037 ], [ 31.209198177020369, 29.96993117023877 ], [ 31.209162545970347, 29.969929330530739 ], [ 31.209126904594417, 29.969927488868212 ], [ 31.209091250885287, 29.969925641614864 ], [ 31.209055584810589, 29.969923790574747 ], [ 31.209019918802472, 29.969921935916922 ], [ 31.208984252860937, 29.969920077641426 ], [ 31.208948589090365, 29.969918213972331 ], [ 31.208946259684552, 29.969918092066834 ], [ 31.208912927490772, 29.969916344909684 ], [ 31.208877268029802, 29.969914472257539 ], [ 31.208841610739821, 29.969912594211817 ], [ 31.208805955620821, 29.969910710772556 ], [ 31.20877030471247, 29.969908823771949 ], [ 31.208734653903097, 29.969906931349623 ], [ 31.208699005264748, 29.969905033533731 ], [ 31.208663360837051, 29.969903132156528 ], [ 31.208627720684756, 29.969901223609916 ], [ 31.208592084743149, 29.969899311502012 ], [ 31.208556455181352, 29.969897390448828 ], [ 31.208520831902256, 29.969895465862521 ], [ 31.208485210794201, 29.969893535882704 ], [ 31.20844959603361, 29.969891598761677 ], [ 31.208413985483713, 29.969889658079364 ], [ 31.208378379176885, 29.969887712031724 ], [ 31.208339197986916, 29.969987721276386 ], [ 31.208324769759713, 29.970275103967957 ], [ 31.208315535972243, 29.970451586901312 ], [ 31.208313169887383, 29.970496695707343 ], [ 31.208307848419032, 29.970597921681509 ], [ 31.208291836577306, 29.970687033054709 ], [ 31.208251676710567, 29.970910248188449 ], [ 31.208249582181455, 29.970917246354219 ], [ 31.208197586221132, 29.971091016324916 ], [ 31.208196075877581, 29.971096066376663 ], [ 31.208187300768135, 29.971123658450459 ], [ 31.208130346169966, 29.971302786998482 ], [ 31.208094078828427, 29.971396406398839 ], [ 31.20807395035105, 29.971448350678017 ], [ 31.208053817642529, 29.971500298504562 ], [ 31.207962097177791, 29.971762445561431 ], [ 31.207956474288903, 29.971778493915817 ], [ 31.207951061100683, 29.971793944230303 ], [ 31.20792201845569, 29.971890328913798 ], [ 31.207858940315429, 29.972100059222846 ], [ 31.20784659150419, 29.972180082448705 ], [ 31.207840707775016, 29.972218390974426 ], [ 31.207847263854685, 29.972241218507541 ], [ 31.207848375717219, 29.972245089822582 ], [ 31.207847710479157, 29.97224601007844 ], [ 31.207847053432182, 29.972246935859246 ], [ 31.207846402569007, 29.972247863528647 ], [ 31.20784575782487, 29.972248796694821 ], [ 31.207845121336597, 29.972249731777804 ], [ 31.207844490999737, 29.972250670553496 ], [ 31.207843866781904, 29.97225161482589 ], [ 31.207843250819948, 29.972252561015139 ], [ 31.207842643081474, 29.972253510925249 ], [ 31.207842039422335, 29.97225446449988 ], [ 31.207841444019085, 29.97225541999132 ], [ 31.207840856806911, 29.972256381007703 ], [ 31.207840275778558, 29.972257343912723 ], [ 31.207839702973679, 29.972258310538631 ], [ 31.207839136320224, 29.972259280857227 ], [ 31.20783857585057, 29.972260253064444 ], [ 31.207838023572005, 29.972261230796605 ], [ 31.207837477477256, 29.972262210417394 ], [ 31.207836939638373, 29.97226319195504 ], [ 31.207836409990588, 29.972264179017603 ], [ 31.207835886559003, 29.972265166164771 ], [ 31.207835369246439, 29.972266158808662 ], [ 31.207834862261823, 29.972267153397592 ], [ 31.207834359356557, 29.972268151651022 ], [ 31.207833864707158, 29.972269151821287 ], [ 31.207833378281247, 29.972270155712437 ], [ 31.207832900111214, 29.972271161520414 ], [ 31.207832428092605, 29.972272171021093 ], [ 31.207831962257796, 29.972273182410415 ], [ 31.207831504646471, 29.972274197520616 ], [ 31.207831055291035, 29.972275214547643 ], [ 31.207830614191462, 29.972276233491545 ], [ 31.207830179243313, 29.972277256128113 ], [ 31.207829752551039, 29.972278280681525 ], [ 31.207829332042575, 29.972279307123586 ], [ 31.207828919757603, 29.972280337286527 ], [ 31.207828515728504, 29.972281369366311 ], [ 31.20782811785082, 29.972282405138792 ], [ 31.207827728261414, 29.97228344102405 ], [ 31.207827346895492, 29.972284480630218 ], [ 31.207826971713374, 29.972285522125024 ], [ 31.207826604787144, 29.972286565536667 ], [ 31.207826246084398, 29.972287612669195 ], [ 31.207825895669927, 29.972288659914518 ], [ 31.207825551406874, 29.97228971085255 ], [ 31.207825215432091, 29.972290761903359 ], [ 31.20782488768079, 29.972291816675078 ], [ 31.20782456611331, 29.972292873335416 ], [ 31.207824252801704, 29.972293931912613 ], [ 31.207823947778373, 29.972294990602595 ], [ 31.207823650978533, 29.97229605301348 ], [ 31.207823360362497, 29.972297117313001 ], [ 31.207823078002349, 29.972298183529354 ], [ 31.207822803930473, 29.97229924985853 ], [ 31.207822538082095, 29.972300319908591 ], [ 31.207822278449903, 29.972301390043242 ], [ 31.207822029145682, 29.97230246212294 ], [ 31.207821786025271, 29.972303536091292 ], [ 31.20782154908866, 29.972304611948275 ], [ 31.207821322480012, 29.972305689750304 ], [ 31.207821102087557, 29.97230676763693 ], [ 31.207820889950991, 29.972307847440423 ], [ 31.207820686070317, 29.972308929160722 ], [ 31.207820490445517, 29.972310012797891 ], [ 31.207820301036929, 29.972311096519661 ], [ 31.207820119884225, 29.97231218215828 ], [ 31.207819949091864, 29.972313267937889 ], [ 31.207819782411242, 29.972314355577936 ], [ 31.207819626058583, 29.972315445163055 ], [ 31.207819477994196, 29.972316534860951 ], [ 31.207819336113626, 29.972317626447484 ], [ 31.207819202521335, 29.972318718146841 ], [ 31.207819077184926, 29.972319811763033 ], [ 31.207818960136798, 29.972320905492023 ], [ 31.207818849272485, 29.97232200110966 ], [ 31.207818748768521, 29.972323096868308 ], [ 31.207818654480761, 29.972324192711547 ], [ 31.207818568448889, 29.972325290471638 ], [ 31.2078184907053, 29.972326388344523 ], [ 31.207818419177912, 29.972327486302003 ], [ 31.207818357978482, 29.972328586204554 ], [ 31.207818302995264, 29.972329686191681 ], [ 31.207818256300328, 29.972330786291611 ], [ 31.207818217861274, 29.972331888308414 ], [ 31.207818187710508, 29.972332990437987 ], [ 31.207818165880408, 29.97233409087632 ], [ 31.207818150234132, 29.972335193203318 ], [ 31.207818144915809, 29.972336297475344 ], [ 31.207818145846094, 29.972337400027946 ], [ 31.207818155064651, 29.972338502693322 ], [ 31.207818170467036, 29.972339607247381 ], [ 31.20781819626216, 29.972340710138361 ], [ 31.20781823031318, 29.972341814946198 ], [ 31.20781827061279, 29.972342918034602 ], [ 31.207818319200694, 29.972344021235813 ], [ 31.207818376044496, 29.972345126353844 ], [ 31.207818441208961, 29.972346229780669 ], [ 31.20781851258964, 29.972347333292053 ], [ 31.207818594330671, 29.972348436944472 ], [ 31.207818682287918, 29.972349540681467 ], [ 31.207818778533444, 29.972350644531293 ], [ 31.207818883067258, 29.972351748493892 ], [ 31.207818993849674, 29.972352850737067 ], [ 31.207819114992454, 29.97235395312126 ], [ 31.207819242351441, 29.972355055590018 ], [ 31.2078193780311, 29.972356156367546 ], [ 31.207819521966663, 29.972357259061916 ], [ 31.207819674222893, 29.972358360065051 ], [ 31.207819832727726, 29.972359459348748 ], [ 31.207819999520854, 29.972360558745248 ], [ 31.207820174602272, 29.972361658254535 ], [ 31.207820358004358, 29.972362756072606 ], [ 31.207820549694741, 29.97236385400344 ], [ 31.207820747601335, 29.972364952018911 ], [ 31.207820953828609, 29.972366048343112 ], [ 31.207821168376551, 29.972367142976093 ], [ 31.207821391212782, 29.972368237721863 ], [ 31.207821620297629, 29.972369330748208 ], [ 31.207821857670769, 29.972370423887337 ], [ 31.207822103364581, 29.972371515335229 ], [ 31.207822357346679, 29.97237260689592 ], [ 31.207822617609789, 29.972373694933108 ], [ 31.207822886161171, 29.972374783083119 ], [ 31.20782316300085, 29.972375871345953 ], [ 31.207823448161214, 29.972376957917497 ], [ 31.207823739602578, 29.972378040965577 ], [ 31.207824039299837, 29.972379125930498 ], [ 31.207824347350172, 29.972380207400132 ], [ 31.207824661616723, 29.972381288954374 ], [ 31.207824986308417, 29.972382367041536 ], [ 31.207825315144262, 29.972383445185091 ], [ 31.207825654372861, 29.97238452166561 ], [ 31.20782599985008, 29.972385596426669 ], [ 31.20782635364796, 29.972386669496501 ], [ 31.207826713662072, 29.972387742650927 ], [ 31.207827082029262, 29.972388812310054 ], [ 31.207827458717134, 29.972389880277966 ], [ 31.207827843725688, 29.972390946554604 ], [ 31.207828234982852, 29.972392011111818 ], [ 31.207828632488631, 29.972393073949579 ], [ 31.207829040387168, 29.972394135124318 ], [ 31.207829452462246, 29.972395194551392 ], [ 31.20782987493007, 29.972396252315441 ], [ 31.207830303646517, 29.97239730836003 ], [ 31.207830740716034, 29.972398360909324 ], [ 31.207831184034173, 29.97239941173919 ], [ 31.207831635672992, 29.972400460877811 ], [ 31.207832093560427, 29.972401508296983 ], [ 31.207832559800945, 29.972402552220881 ], [ 31.207833034329749, 29.972403596257568 ], [ 31.207833515139555, 29.972404636770758 ], [ 31.207834002230374, 29.97240567376047 ], [ 31.207834497641883, 29.972406709058944 ], [ 31.207835001374072, 29.972407742666171 ], [ 31.207835511354883, 29.972408774553958 ], [ 31.20783602761669, 29.972409802918239 ], [ 31.207836552231583, 29.972410827787247 ], [ 31.207837085167164, 29.972411850964999 ], [ 31.207839223234142, 29.972418708232095 ], [ 31.207841420127391, 29.972425752161644 ], [ 31.207892519338113, 29.972593730509548 ], [ 31.20799297470893, 29.972923941408194 ], [ 31.20807199552306, 29.973171857568978 ], [ 31.208073023322328, 29.973175563530148 ], [ 31.208074059474786, 29.973179265996034 ], [ 31.208075101843576, 29.973182968546492 ], [ 31.208076152500798, 29.973186671209721 ], [ 31.20807721151121, 29.973190370377679 ], [ 31.208078278842436, 29.973194067854344 ], [ 31.208079352390001, 29.973197765415613 ], [ 31.208080434258378, 29.973201461285615 ], [ 31.208081524447579, 29.973205155464342 ], [ 31.208082620885484, 29.973208847923601 ], [ 31.208083725611836, 29.973212540495659 ], [ 31.208084838691391, 29.973216229572405 ], [ 31.20808595798729, 29.973219918733747 ], [ 31.208087085636389, 29.973223604399767 ], [ 31.208088221573917, 29.973227290178567 ], [ 31.208089363760184, 29.973230974237911 ], [ 31.208090514267269, 29.973234656605982 ], [ 31.208091673095183, 29.973238337282808 ], [ 31.208092838139443, 29.973242018044186 ], [ 31.208094013608989, 29.97324569533847 ], [ 31.20809519325519, 29.973249370885107 ], [ 31.208096383261918, 29.973253046572705 ], [ 31.208097579549776, 29.97325671873681 ], [ 31.20809878205398, 29.97326039098547 ], [ 31.208099994983488, 29.973264059767036 ], [ 31.208101214129346, 29.973267728633168 ], [ 31.208102441596036, 29.973271395808052 ], [ 31.208103675343846, 29.973275059459432 ], [ 31.208104917380112, 29.973278723223583 ], [ 31.208106167737203, 29.973282385296457 ], [ 31.208107424375427, 29.973286043845839 ], [ 31.208108689302094, 29.973289702507987 ], [ 31.208109960477501, 29.973293359450679 ], [ 31.20811123997375, 29.973297014702108 ], [ 31.208112527823221, 29.973300666458211 ], [ 31.208113823961149, 29.973304318327109 ], [ 31.208115126347817, 29.973307968476526 ], [ 31.208116437087707, 29.973311615130637 ], [ 31.208117754043961, 29.973315261869313 ], [ 31.208119079353445, 29.973318905112706 ], [ 31.208120412951377, 29.97332254846885 ], [ 31.208121752830461, 29.973326188301492 ], [ 31.208123101030377, 29.973329826442875 ], [ 31.208123925484394, 29.973332044546066 ], [ 31.208124455446651, 29.973333464668826 ], [ 31.208125818216168, 29.97333709939948 ], [ 31.208127189306531, 29.973340732438839 ], [ 31.208128566645637, 29.973344363758731 ], [ 31.208129952305594, 29.973347993387367 ], [ 31.208131346318787, 29.973351619520706 ], [ 31.208132746548355, 29.973355245738581 ], [ 31.20813415305906, 29.973358868432982 ], [ 31.20813556993031, 29.973362491268336 ], [ 31.208136993082718, 29.973366110580184 ], [ 31.208138422483881, 29.973369728172564 ], [ 31.208139860205904, 29.973373344073657 ], [ 31.208141306248773, 29.973376958283488 ], [ 31.208142758572794, 29.973380568969809 ], [ 31.208144219185275, 29.973384179768896 ], [ 31.208145686078911, 29.973387787044484 ], [ 31.208147161293404, 29.973391392628788 ], [ 31.208148644828746, 29.973394996521836 ], [ 31.208150134612861, 29.9733985986954 ], [ 31.208151632750212, 29.973402197373638 ], [ 31.208153137103945, 29.973405796136465 ], [ 31.208154649810936, 29.973409391403962 ], [ 31.208156170871163, 29.973412983176154 ], [ 31.208157698147776, 29.973416575032907 ], [ 31.208159231705537, 29.973420163366161 ], [ 31.208160773551789, 29.973423751812184 ], [ 31.208162323783661, 29.973427334958838 ], [ 31.208163880231936, 29.973430918190061 ], [ 31.20816544503344, 29.973434497925957 ], [ 31.208167016051345, 29.97343807774644 ], [ 31.208168595454886, 29.973441652267557 ], [ 31.208170183146905, 29.973445226901429 ], [ 31.208171777120089, 29.973448798011802 ], [ 31.208173377342053, 29.973452367402707 ], [ 31.208174985884874, 29.973455935102315 ], [ 31.208176602780956, 29.973459499306617 ], [ 31.208178225925817, 29.973463061791438 ], [ 31.208179855319457, 29.973466622556789 ], [ 31.208181493066363, 29.973470179826819 ], [ 31.208183139134132, 29.973473735405562 ], [ 31.208184791450677, 29.973477289264839 ], [ 31.208186452088103, 29.973480841432846 ], [ 31.208188119006696, 29.973484390077314 ], [ 31.208189794278546, 29.973487935226466 ], [ 31.2081914757668, 29.973491480460194 ], [ 31.208193165640704, 29.973495020394559 ], [ 31.208194861730995, 29.973498560413475 ], [ 31.208196566174561, 29.973502096937089 ], [ 31.208198276866909, 29.973505631741226 ], [ 31.208199995912523, 29.973509163050021 ], [ 31.208201721206915, 29.973512692639343 ], [ 31.208203454822208, 29.973516220537388 ], [ 31.208205194718655, 29.973519744911911 ], [ 31.208206942935998, 29.973523267595134 ], [ 31.208208697434511, 29.973526786754878 ], [ 31.208210460253909, 29.973530304223321 ], [ 31.208212229322097, 29.973533819972282 ], [ 31.208214004671458, 29.973537332197704 ], [ 31.208215788374098, 29.973540840927814 ], [ 31.208217580397626, 29.973544347966644 ], [ 31.208219378669938, 29.973547853285996 ], [ 31.208221183223436, 29.973551355081835 ], [ 31.208222996097824, 29.973554855186361 ], [ 31.208225488289425, 29.973559883910116 ], [ 31.208227984690225, 29.973564909082121 ], [ 31.208230491451744, 29.973569934395069 ], [ 31.208233002422471, 29.973574956156263 ], [ 31.208235521746591, 29.973579974422119 ], [ 31.208238049391728, 29.973584990996677 ], [ 31.208240581213683, 29.973590005823528 ], [ 31.208243123461141, 29.973595017183225 ], [ 31.208245669917801, 29.973600024991192 ], [ 31.208248224663091, 29.973605032911877 ], [ 31.208250785689696, 29.973610037309044 ], [ 31.208253355069701, 29.973615038210848 ], [ 31.20825593069862, 29.973620037393147 ], [ 31.20825851468096, 29.973625033080079 ], [ 31.208261104879828, 29.973630028851563 ], [ 31.208263701392394, 29.973635019295461 ], [ 31.20826630622598, 29.973640008048047 ], [ 31.208268917308509, 29.973644995081109 ], [ 31.208271534672335, 29.973649978590668 ], [ 31.208274160357192, 29.973654960408894 ], [ 31.208274599314979, 29.973655792835434 ], [ 31.208276792323364, 29.973659938703555 ], [ 31.208279432610563, 29.973664915306923 ], [ 31.208282079179089, 29.973669888386734 ], [ 31.208284731996539, 29.97367485974701 ], [ 31.208287393167403, 29.973679827611974 ], [ 31.208290060587199, 29.97368479375741 ], [ 31.208292734288317, 29.973689756379297 ], [ 31.208295416310481, 29.973694717309876 ], [ 31.208298104613952, 29.973699674716887 ], [ 31.208300799166366, 29.97370463040442 ], [ 31.208303502072198, 29.973709582596548 ], [ 31.208306211259348, 29.973714531265156 ], [ 31.208308928735168, 29.973719480046491 ], [ 31.20831165045259, 29.973724423472031 ], [ 31.208314382563167, 29.973729365234441 ], [ 31.208317118850569, 29.973734305249149 ], [ 31.208319863491397, 29.973739241768492 ], [ 31.208322614413561, 29.973744174764285 ], [ 31.208325373656766, 29.973749106068759 ], [ 31.208328137109206, 29.973754033821486 ], [ 31.208330910954796, 29.973758959911084 ], [ 31.208333689009613, 29.973763882448928 ], [ 31.208336475385483, 29.973768803295432 ], [ 31.208339268042678, 29.973773720618411 ], [ 31.208342069053305, 29.973778634445999 ], [ 31.208344874240794, 29.973783546525915 ], [ 31.208347687781707, 29.973788455110434 ], [ 31.20835050964368, 29.973793362003633 ], [ 31.208353337786992, 29.973798265373286 ], [ 31.208357976965125, 29.973807695572198 ], [ 31.208362624464886, 29.973817124079702 ], [ 31.20836727821418, 29.973826550867582 ], [ 31.208371940317477, 29.973835974160011 ], [ 31.208376608702693, 29.973845393928809 ], [ 31.208381285409533, 29.973854812006167 ], [ 31.208385970438027, 29.973864228392138 ], [ 31.208390661748421, 29.973873641254436 ], [ 31.208395359308366, 29.973883052397134 ], [ 31.208400065222325, 29.973892460044361 ], [ 31.208404779457929, 29.97390186600018 ], [ 31.208409499975467, 29.973911268432339 ], [ 31.208414228814643, 29.973920669173086 ], [ 31.208418963935756, 29.973930066390192 ], [ 31.208423705306409, 29.973939461887646 ], [ 31.208428455031097, 29.973948853889659 ], [ 31.208433213109821, 29.973958242396186 ], [ 31.208437977438098, 29.973967629183122 ], [ 31.208442750088043, 29.973977014278617 ], [ 31.208447529019921, 29.97398639585046 ], [ 31.208452314233735, 29.973995773898636 ], [ 31.208457109841319, 29.974005150283592 ], [ 31.208461909658741, 29.974014523116679 ], [ 31.208466717830216, 29.974023892454301 ], [ 31.208471534290975, 29.97403326190453 ], [ 31.208476357066061, 29.97404262602706 ], [ 31.208481186090722, 29.974051988429974 ], [ 31.208486023469437, 29.9740613473374 ], [ 31.208490869169829, 29.974070704553412 ], [ 31.208495719080069, 29.974080058217542 ], [ 31.208500579384097, 29.974089410218451 ], [ 31.208505445970086, 29.974098758695671 ], [ 31.20851031883803, 29.974108103649243 ], [ 31.208515200027652, 29.974117446911368 ], [ 31.208520087499245, 29.97412678664983 ], [ 31.208524983292527, 29.974136124696837 ], [ 31.208529885367778, 29.974145459220193 ], [ 31.208534795797092, 29.974154790248072 ], [ 31.208539712476007, 29.974164119556296 ], [ 31.208544635436887, 29.97417344534087 ], [ 31.208549566719476, 29.97418276943397 ], [ 31.208554506356137, 29.974192090031615 ], [ 31.208554770970302, 29.974192589864785 ], [ 31.208559452274773, 29.974201407105575 ], [ 31.208564404443006, 29.974210722459905 ], [ 31.208569364965317, 29.974220034318737 ], [ 31.208574331769622, 29.974229342653903 ], [ 31.208579306895629, 29.974238649297615 ], [ 31.208584288303623, 29.97424795241767 ], [ 31.208589275961213, 29.97425725381806 ], [ 31.208594271972906, 29.974266551722963 ], [ 31.208599276338695, 29.974275846132379 ], [ 31.208604284881986, 29.97428513879397 ], [ 31.208609303851489, 29.974294427988255 ], [ 31.208614327030862, 29.974303713630665 ], [ 31.208619358531966, 29.974312997581627 ], [ 31.208624398387173, 29.974322278037079 ], [ 31.208629444492011, 29.974331556772896 ], [ 31.208634496911216, 29.974340830180996 ], [ 31.208639557652152, 29.974350101897624 ], [ 31.208644624642716, 29.974359371894614 ], [ 31.20864969791527, 29.974368638367917 ], [ 31.208654779541956, 29.974377901345722 ], [ 31.208659867418252, 29.974387162603865 ], [ 31.208664963648683, 29.974396420366531 ], [ 31.20867006612874, 29.974405676409539 ], [ 31.208675174890796, 29.974414928928841 ], [ 31.208680291974609, 29.974424179756692 ], [ 31.20868541534044, 29.974433427060848 ], [ 31.208690544988276, 29.974442670841302 ], [ 31.208695682925494, 29.974451914734342 ], [ 31.208696184895263, 29.974452816587196 ] ] ] ] } },
{ "type": "Feature", "properties": { "fid": 7, "OBJECTID": 7, "Gov_A_Name": "الجيزه", "GOV_CODE": "21", "Section_A_": "قسم الجيزه", "SubSection": "حاره رابعة", "Shyakha_2d": "06", "Section_2d": "04", "Final_code": "210406", "ذكور_": 9607, "اناث_": 9048, "Shape_Leng": 7699.1487576999998, "Shape_Area": 1196030.4916699999, "سكان_": 18655, "الأطفال_": 5410, "الشباب_": 12312, "الكبار_": 933, "التعلمين_": 17536 }, "geometry": { "type": "MultiPolygon", "coordinates": [ [ [ [ 31.221583225209866, 30.004396729431484 ], [ 31.22157976763754, 30.004394138384857 ], [ 31.221558332945197, 30.004065091720566 ], [ 31.221537138771247, 30.003977663194579 ], [ 31.221464624546584, 30.003960839844744 ], [ 31.221451643643675, 30.003540521151283 ], [ 31.221438662722907, 30.00312020423949 ], [ 31.221376388753633, 30.002672128602658 ], [ 31.22133987230805, 30.00250344458113 ], [ 31.221254444083733, 30.002368501953178 ], [ 31.221236788063539, 30.002072448910344 ], [ 31.221060536276568, 30.000786324417998 ], [ 31.221044589689395, 30.000441322525432 ], [ 31.220944622634743, 30.000083971827159 ], [ 31.22083838480188, 29.999619737898666 ], [ 31.220645815865325, 29.99899472471898 ], [ 31.220598686025973, 29.998760470003447 ], [ 31.220501051567123, 29.998480867838527 ], [ 31.220503442098256, 29.998346913602223 ], [ 31.220425416983751, 29.998074447983935 ], [ 31.220204688242685, 29.997437800666788 ], [ 31.220093751216677, 29.997145401376432 ], [ 31.219997327769242, 29.996891254853203 ], [ 31.219967395243213, 29.996861009288303 ], [ 31.219914377746179, 29.996843716269268 ], [ 31.219882010062662, 29.99684327850732 ], [ 31.219867209045869, 29.996712116077184 ], [ 31.219875387934696, 29.996680729422291 ], [ 31.219861813280314, 29.996587710524462 ], [ 31.219800239663932, 29.996409498734398 ], [ 31.219738668324688, 29.99623128694795 ], [ 31.219725656857548, 29.996016500026485 ], [ 31.219589165539698, 29.995425922737109 ], [ 31.219380151050096, 29.994607944725466 ], [ 31.219155269368329, 29.993891620279669 ], [ 31.219112087477853, 29.993727383724536 ], [ 31.218996377016296, 29.99365170975787 ], [ 31.218927982836341, 29.993508746123346 ], [ 31.218871139113535, 29.993412131752763 ], [ 31.218813022483673, 29.99344390725642 ], [ 31.218635347683744, 29.993542342847991 ], [ 31.218509347889547, 29.993630275347439 ], [ 31.218413841598416, 29.993692473477687 ], [ 31.218313644782395, 29.993777019738648 ], [ 31.218200181297021, 29.993883794414696 ], [ 31.218108831270374, 29.993953519135822 ], [ 31.218013991541735, 29.993978380379847 ], [ 31.217975517881889, 29.993970388946039 ], [ 31.217959026566245, 29.993932818271869 ], [ 31.217946825430598, 29.993895303874798 ], [ 31.21789943999951, 29.993905866370426 ], [ 31.217864389088831, 29.993946476300383 ], [ 31.217841606012811, 29.994020864443431 ], [ 31.217840204817652, 29.994099277365535 ], [ 31.217830423517107, 29.994166370978292 ], [ 31.217776879437302, 29.994281427096318 ], [ 31.217743491338727, 29.994344169841696 ], [ 31.217705843050847, 29.994414919129131 ], [ 31.217595198111592, 29.994603898565423 ], [ 31.217391438499956, 29.994971664612475 ], [ 31.217315871463541, 29.995108054387426 ], [ 31.217262459748859, 29.995215641482755 ], [ 31.217139078016451, 29.995396977394979 ], [ 31.217038077295236, 29.995526329647177 ], [ 31.217033321870151, 29.995552408581851 ], [ 31.217024207397547, 29.995582163747986 ], [ 31.217039363412425, 29.995694414824346 ], [ 31.217041851176624, 29.995795288453415 ], [ 31.217023490717523, 29.995862267561304 ], [ 31.21697965801852, 29.995913962290484 ], [ 31.216969343882887, 29.996010927213394 ], [ 31.216903545217431, 29.996331233804717 ], [ 31.216821256944257, 29.996613965948175 ], [ 31.216771664577337, 29.996747749680157 ], [ 31.216723676713592, 29.996791917449215 ], [ 31.216676289783177, 29.99680247943839 ], [ 31.216633524916283, 29.99679442944592 ], [ 31.216573534282837, 29.99678988311657 ], [ 31.216555974670769, 29.996812053249052 ], [ 31.216555373654021, 29.996845659007128 ], [ 31.216563152830627, 29.996890582349554 ], [ 31.21656161689468, 29.996976463930704 ], [ 31.21656014777162, 29.997058609332719 ], [ 31.216558344704669, 29.99715942660286 ], [ 31.216539783290482, 29.997237606923765 ], [ 31.21651330911666, 29.997278330840576 ], [ 31.216473899362651, 29.997322614742757 ], [ 31.216383095094681, 29.997601497644332 ], [ 31.216284764786991, 29.997581490488386 ], [ 31.21624388535384, 29.997707921494914 ], [ 31.215706392693669, 29.998705199995751 ], [ 31.215552070649782, 29.999780819900497 ], [ 31.215556298289183, 29.999895707196838 ], [ 31.215151709629247, 29.999925944272508 ], [ 31.215032976231125, 29.999949782602521 ], [ 31.214851091349775, 29.999997532565381 ], [ 31.214237419001424, 30.000158637256508 ], [ 31.214183853971427, 30.000168869053841 ], [ 31.21413029301225, 30.000179104493249 ], [ 31.214074663707887, 30.000190459493055 ], [ 31.21372294078456, 30.00026249570816 ], [ 31.213550443544275, 30.000298127852076 ], [ 31.213545803223127, 30.000299086200734 ], [ 31.213514312160481, 30.000304972616895 ], [ 31.213482819021845, 30.000310858997238 ], [ 31.213296784687014, 30.000345635778366 ], [ 31.213113090641706, 30.000379960466507 ], [ 31.213063575345547, 30.000389207404233 ], [ 31.212993262906878, 30.000402340287184 ], [ 31.212922492817523, 30.000415558946187 ], [ 31.212851343773536, 30.000428868058087 ], [ 31.212690307785437, 30.000458988624001 ], [ 31.212620887308073, 30.00047197281949 ], [ 31.212561443256565, 30.000483085890878 ], [ 31.21255797060018, 30.000483901268499 ], [ 31.212554496000443, 30.000484709401714 ], [ 31.212551021497696, 30.000485512122712 ], [ 31.212547542978925, 30.000486307571151 ], [ 31.212544062516812, 30.000487095775188 ], [ 31.212540580079018, 30.000487878538852 ], [ 31.212537095697876, 30.000488654058131 ], [ 31.212533609341047, 30.000489424137015 ], [ 31.212530121073229, 30.000490185167468 ], [ 31.212526630797374, 30.000490942561587 ], [ 31.212523138610525, 30.000491690907268 ], [ 31.212519644447983, 30.000492433812578 ], [ 31.212516146237114, 30.000493171249367 ], [ 31.212512646115233, 30.000493899637704 ], [ 31.212509146058007, 30.000494624417861 ], [ 31.212505642017117, 30.000495340121454 ], [ 31.212502136000545, 30.000496050384641 ], [ 31.212498628040631, 30.000496753403443 ], [ 31.212495120177707, 30.000497451010016 ], [ 31.212491608298787, 30.000498141344043 ], [ 31.212488094476534, 30.000498824433652 ], [ 31.212484578678598, 30.000499502082889 ], [ 31.212481060937336, 30.00050017248773 ], [ 31.212477541252742, 30.000500835648158 ], [ 31.212474019592474, 30.000501493368201 ], [ 31.212470495988871, 30.000502143843867 ], [ 31.21246697040959, 30.000502788879132 ], [ 31.212463442886996, 30.000503426669994 ], [ 31.212459913421053, 30.00050405721645 ], [ 31.212456384052114, 30.000504682350719 ], [ 31.212452850667187, 30.000505300212389 ], [ 31.212449315338926, 30.000505910829652 ], [ 31.212445780107657, 30.000506516034701 ], [ 31.212442240860408, 30.000507113967199 ], [ 31.212438701742499, 30.000507704683432 ], [ 31.212435158576252, 30.000508289931147 ], [ 31.212431615539337, 30.000508867962612 ], [ 31.21242807055911, 30.000509438749649 ], [ 31.212424523603218, 30.000510004096316 ], [ 31.212420974704003, 30.000510562198585 ], [ 31.212417423861467, 30.000511113056437 ], [ 31.212413873115935, 30.000511658502074 ], [ 31.212410318354415, 30.000512196675139 ], [ 31.212406763689888, 30.000512729436 ], [ 31.212403207114402, 30.000513253148398 ], [ 31.212399648563252, 30.000513771420426 ], [ 31.212396088036439, 30.000514284252084 ], [ 31.212392525598656, 30.000514788035296 ], [ 31.212388963257869, 30.000515286406284 ], [ 31.212385398941436, 30.000515779336904 ], [ 31.212381832681682, 30.000516265023098 ], [ 31.212378264478613, 30.000516743464889 ], [ 31.2123746964049, 30.000517214690419 ], [ 31.212371124315208, 30.000517678643394 ], [ 31.212367552322526, 30.000518137184159 ], [ 31.212363978354183, 30.000518590284518 ], [ 31.212360404547553, 30.000519034364604 ], [ 31.212356828765259, 30.000519473004307 ], [ 31.212353251039659, 30.000519904399606 ], [ 31.212349671338405, 30.000520330354533 ], [ 31.212346089693842, 30.000520749065032 ], [ 31.212342508178644, 30.000521160559288 ], [ 31.212338924720143, 30.000521564809105 ], [ 31.212335341358649, 30.000521963646737 ], [ 31.21233175605385, 30.00052235523993 ], [ 31.212328168805751, 30.000522739588732 ], [ 31.212324579582013, 30.000523118497135 ], [ 31.212320990487626, 30.000523490189298 ], [ 31.21231739944994, 30.000523854637031 ], [ 31.212313808509268, 30.000524213672573 ], [ 31.212310215625301, 30.000524565463664 ], [ 31.212306620798032, 30.000524910010373 ], [ 31.212303024027477, 30.000525247312648 ], [ 31.21229942735393, 30.000525579202701 ], [ 31.212295830809758, 30.000525903876504 ], [ 31.212292232322284, 30.000526221305893 ], [ 31.212288631859163, 30.000526533294916 ], [ 31.212285031525429, 30.000526838067657 ], [ 31.212281429248389, 30.000527135595991 ], [ 31.212277824995709, 30.000527427683966 ], [ 31.212274220904746, 30.000527710751623 ], [ 31.212270616910818, 30.000527988407061 ], [ 31.21226701094124, 30.000528260622144 ], [ 31.212263386447098, 30.000528525367571 ], [ 31.212259764122638, 30.000528784728917 ], [ 31.212256137782227, 30.000529036817685 ], [ 31.212252511571194, 30.000529281690216 ], [ 31.21224888548954, 30.000529519346468 ], [ 31.212245257432247, 30.000529751562333 ], [ 31.212241629504327, 30.000529976561971 ], [ 31.212237999633128, 30.000530194317179 ], [ 31.212234369891306, 30.000530404856121 ], [ 31.212230738173862, 30.000530609954705 ], [ 31.212227106585797, 30.000530807836999 ], [ 31.212223473054443, 30.000530998474883 ], [ 31.212219839652473, 30.000531181896513 ], [ 31.212216206347531, 30.000531359905924 ], [ 31.212212571099322, 30.000531530670909 ], [ 31.212208935980492, 30.000531694219656 ], [ 31.212205298918384, 30.000531850523952 ], [ 31.212201661953319, 30.000532001416062 ], [ 31.212198023044969, 30.000532145063719 ], [ 31.21219438633868, 30.000532281523295 ], [ 31.212190745616436, 30.000532410710289 ], [ 31.212187107063915, 30.000532534513219 ], [ 31.212183466568103, 30.000532651071726 ], [ 31.212179826201695, 30.000532760413986 ], [ 31.212176183892016, 30.000532862511829 ], [ 31.212172541679365, 30.000532959197439 ], [ 31.212168899628463, 30.000533046862738 ], [ 31.212165255601942, 30.000533129087685 ], [ 31.212161611672464, 30.000533205900375 ], [ 31.21215796790473, 30.000533273692792 ], [ 31.212154324234056, 30.000533336072991 ], [ 31.212150678620102, 30.000533391208766 ], [ 31.212147033135548, 30.000533439128276 ], [ 31.212143387780394, 30.000533479831518 ], [ 31.212139740449619, 30.000533515094407 ], [ 31.212136406349426, 30.000533540176477 ], [ 31.212136093248251, 30.000533543141021 ], [ 31.212132446176284, 30.000533563971363 ], [ 31.212128799233707, 30.00053357758544 ], [ 31.212125150315533, 30.000533585759154 ], [ 31.212121503599406, 30.000533586744751 ], [ 31.212117854940029, 30.000533580485943 ], [ 31.21211420641006, 30.00053356701088 ], [ 31.212110555904488, 30.000533548095401 ], [ 31.212106907600973, 30.000533521991869 ], [ 31.212103257354194, 30.000533488643882 ], [ 31.212099607236834, 30.000533448079647 ], [ 31.21209595724887, 30.000533400299148 ], [ 31.212092307357977, 30.000533347106433 ], [ 31.212088657596485, 30.000533286697458 ], [ 31.212085007964408, 30.000533219072217 ], [ 31.212081356356727, 30.0005331460066 ], [ 31.212077706983472, 30.000533063948822 ], [ 31.212074055634606, 30.000532976450682 ], [ 31.212070404415158, 30.000532881736291 ], [ 31.212066753292781, 30.000532781609682 ], [ 31.212063102332159, 30.00053267246275 ], [ 31.212059451468605, 30.000532557903593 ], [ 31.212055800734465, 30.0005324361282 ], [ 31.212052148057079, 30.000532307108365 ], [ 31.212048497549414, 30.000532172704478 ], [ 31.212044847171185, 30.000532031084333 ], [ 31.212041194849697, 30.000531882219768 ], [ 31.2120375447303, 30.000531726167086 ], [ 31.212033892667648, 30.00053156287002 ], [ 31.212030242774745, 30.000531394188869 ], [ 31.212026593011249, 30.000531218291446 ], [ 31.212022941304518, 30.000531035149606 ], [ 31.212019291767522, 30.000530846623715 ], [ 31.212015640319638, 30.000530649049363 ], [ 31.212011991041486, 30.000530446090956 ], [ 31.212008339820105, 30.000530235888135 ], [ 31.212004690768453, 30.000530020301234 ], [ 31.212001041846225, 30.000529797498078 ], [ 31.212000033366373, 30.000529733271737 ], [ 31.211997393085792, 30.000529565674618 ], [ 31.211993744422422, 30.000529328438951 ], [ 31.211990095856127, 30.000529085791069 ], [ 31.211986447451618, 30.000528834122868 ], [ 31.211982799144188, 30.000528577042449 ], [ 31.211979150966197, 30.000528312745768 ], [ 31.211975502885277, 30.000528043036873 ], [ 31.211971857038812, 30.000527764335853 ], [ 31.211968209216753, 30.000527480194428 ], [ 31.211964563596794, 30.000527188864918 ], [ 31.211960918106275, 30.00052689031914 ], [ 31.211957272712841, 30.000526586361136 ], [ 31.211953627448828, 30.0005262751869 ], [ 31.21194998231427, 30.000525956796366 ], [ 31.211946339381804, 30.000525631217748 ], [ 31.211942694473759, 30.000525300198767 ], [ 31.211939051800169, 30.000524960187647 ], [ 31.211935409223667, 30.000524614764284 ], [ 31.211931768816914, 30.000524263956855 ], [ 31.211928126499298, 30.000523904100998 ], [ 31.211924486351439, 30.000523538861074 ], [ 31.211920846333015, 30.000523166404875 ], [ 31.211917206444031, 30.000522786732429 ], [ 31.211913566652143, 30.000522401647768 ], [ 31.211909929062358, 30.00052200937499 ], [ 31.211906291602023, 30.000521609885975 ], [ 31.211902654271135, 30.0005212031807 ], [ 31.211899019110003, 30.000520791091343 ], [ 31.211895382038005, 30.000520369953559 ], [ 31.211891747103408, 30.000519945235727 ], [ 31.211888114403287, 30.000519511525773 ], [ 31.211884479759956, 30.000519070571389 ], [ 31.211880847286373, 30.00051862423296 ], [ 31.211877216982558, 30.000518172510464 ], [ 31.21187358476789, 30.000517711739526 ], [ 31.211869954722967, 30.000517245584515 ], [ 31.21186632688017, 30.000516772241401 ], [ 31.211862697094169, 30.000516291653884 ], [ 31.211859071582946, 30.000515803906413 ], [ 31.211855444096162, 30.000515310718583 ], [ 31.211851818811486, 30.000514810342633 ], [ 31.21184819365628, 30.00051430275045 ], [ 31.211844570670838, 30.000513789774196 ], [ 31.211842399425024, 30.000513478774931 ], [ 31.211840947814853, 30.000513269581699 ], [ 31.211837325088322, 30.000512742172923 ], [ 31.211833704563922, 30.000512207576058 ], [ 31.211830084136626, 30.000511667566993 ], [ 31.211826465911454, 30.000511120369804 ], [ 31.211822847815739, 30.000510565956382 ], [ 31.211819231889798, 30.000510006158908 ], [ 31.211815616125673, 30.000509437341115 ], [ 31.211812002498963, 30.000508864943306 ], [ 31.211808389034086, 30.000508283525217 ], [ 31.211804775666309, 30.00050769669491 ], [ 31.211801164500663, 30.000507102676504 ], [ 31.211797555537142, 30.000506501470003 ], [ 31.211794004575793, 30.000505902855963 ], [ 31.211790455784222, 30.000505298857892 ], [ 31.211786909162413, 30.000504689475775 ], [ 31.211783362670083, 30.00050407287738 ], [ 31.211779816307217, 30.000503449062741 ], [ 31.211776274186782, 30.000502819892208 ], [ 31.211772730123172, 30.00050218347728 ], [ 31.211769188261691, 30.000501539874254 ], [ 31.211765648569983, 30.000500890887178 ], [ 31.211762108975389, 30.00050023648787 ], [ 31.211758571615285, 30.000499573096452 ], [ 31.21175503639261, 30.000498906125024 ], [ 31.211751501331765, 30.000498230133292 ], [ 31.211747968440701, 30.000497548757515 ], [ 31.21174443564675, 30.000496861969541 ], [ 31.211725352652124, 30.000493482730445 ], [ 31.211632938205955, 30.000477128911847 ], [ 31.211560046406021, 30.000464263124446 ], [ 31.211431965090796, 30.000441680825617 ], [ 31.211407153183913, 30.000437305204908 ], [ 31.211303804625995, 30.0004191225905 ], [ 31.211192707436407, 30.000399623772633 ], [ 31.211048608633352, 30.000374407199676 ], [ 31.209569835369702, 30.00017327460974 ], [ 31.209355595704469, 30.000141394414836 ], [ 31.209352570254378, 30.000140972506486 ], [ 31.209349542861261, 30.000140543353734 ], [ 31.209346517638018, 30.000140108816989 ], [ 31.20934349464946, 30.000139665288174 ], [ 31.209340471758118, 30.000139216347208 ], [ 31.209337448996404, 30.000138760190012 ], [ 31.209334428436968, 30.00013829684481 ], [ 31.209331410047422, 30.000137828115594 ], [ 31.209328391787487, 30.000137352170192 ], [ 31.209325375729843, 30.000136869036766 ], [ 31.209322359801828, 30.000136378687113 ], [ 31.209319346043685, 30.00013588295349 ], [ 31.209316332415181, 30.000135380003655 ], [ 31.209313320988951, 30.000134869865775 ], [ 31.209310309659962, 30.000134354315744 ], [ 31.209307302638297, 30.000133829801847 ], [ 31.209304293641225, 30.000133299847576 ], [ 31.209301288886675, 30.000132764537529 ], [ 31.209298284294171, 30.00013222020722 ], [ 31.209295279798901, 30.000131670464743 ], [ 31.209292279578559, 30.000131113562432 ], [ 31.209289279487852, 30.000130549443917 ], [ 31.209286279494385, 30.000129979913229 ], [ 31.209283283775864, 30.000129403222708 ], [ 31.209280288186978, 30.000128819315982 ], [ 31.209277292695326, 30.000128229997092 ], [ 31.209274301511002, 30.000127631714321 ], [ 31.209271310423929, 30.000127028019385 ], [ 31.209268321506745, 30.000126418940482 ], [ 31.209265334824256, 30.000125800869512 ], [ 31.209262348238997, 30.000125177386394 ], [ 31.209259363823637, 30.000124548519253 ], [ 31.209256381642966, 30.000123910660093 ], [ 31.209253401632193, 30.000123267416942 ], [ 31.209250421751065, 30.000122616957569 ], [ 31.209247446112474, 30.000121961142433 ], [ 31.209244470603526, 30.000121298111086 ], [ 31.20924149729688, 30.000120627891718 ], [ 31.209238526192525, 30.000119950484343 ], [ 31.209235555185415, 30.000119267664786 ], [ 31.209232588453254, 30.00011857768542 ], [ 31.209229621850746, 30.000117880489842 ], [ 31.209226657418125, 30.000117177910283 ], [ 31.209223695187799, 30.000116468142707 ], [ 31.209220735159775, 30.000115751187135 ], [ 31.209217777301657, 30.000115028847574 ], [ 31.209214821645833, 30.000114299320007 ], [ 31.209211868192313, 30.000113562604422 ], [ 31.209208914836037, 30.000112820476669 ], [ 31.209205965754723, 30.000112071189097 ], [ 31.209203016770648, 30.00011131648936 ], [ 31.209200072093935, 30.000110552825777 ], [ 31.209197127514464, 30.000109783750009 ], [ 31.209194187177552, 30.000109009318475 ], [ 31.209191246970292, 30.000108227670726 ], [ 31.209188311037988, 30.000107438863164 ], [ 31.209185375235343, 30.000106642839398 ], [ 31.20918244367525, 30.00010584145986 ], [ 31.209179512212401, 30.000105034668149 ], [ 31.209176585056923, 30.000104218912593 ], [ 31.209173657998697, 30.000103397744862 ], [ 31.209170735183026, 30.000102571221348 ], [ 31.209167814602068, 30.000101735705805 ], [ 31.209164894118359, 30.000100894778086 ], [ 31.209161977877212, 30.000100048494577 ], [ 31.209159063838381, 30.000099195023079 ], [ 31.209156152001853, 30.000098334363575 ], [ 31.209153242335237, 30.000097468320106 ], [ 31.209150336943576, 30.000096595116801 ], [ 31.209147431649178, 30.000095716501349 ], [ 31.209144530662144, 30.000094828922052 ], [ 31.209141629739968, 30.000093937734601 ], [ 31.209138733092761, 30.000093039387355 ], [ 31.209135838647857, 30.00009213385211 ], [ 31.209132948477915, 30.000091221157053 ], [ 31.20913005840525, 30.000090303049831 ], [ 31.209127172575137, 30.000089379586846 ], [ 31.209124286907091, 30.000088447103607 ], [ 31.209121407521867, 30.00008751109684 ], [ 31.209118528298699, 30.000086566069811 ], [ 31.209115651245451, 30.000085615658833 ], [ 31.209112778434758, 30.000084659892096 ], [ 31.209109907826395, 30.000083696937342 ], [ 31.209107039387941, 30.000082728598613 ], [ 31.209104175256865, 30.000081751296054 ], [ 31.2091013132633, 30.000080770413575 ], [ 31.209098453472048, 30.000079782343068 ], [ 31.209095597955777, 30.000078787112784 ], [ 31.209092742536765, 30.000077786470307 ], [ 31.209089891392722, 30.000076778668046 ], [ 31.209087044491255, 30.000075765510019 ], [ 31.209084199792098, 30.000074745163982 ], [ 31.209081357295279, 30.000073717629938 ], [ 31.209078516968376, 30.000072684711931 ], [ 31.209075680884023, 30.000071646438169 ], [ 31.209072847002009, 30.000070600976407 ], [ 31.209070017362571, 30.000069550158866 ], [ 31.209067189925449, 30.000068492153332 ], [ 31.209064366763304, 30.000067426988004 ], [ 31.20906154573867, 30.000066358242748 ], [ 31.209058726948776, 30.000065280505453 ], [ 31.209055912401443, 30.000064197412375 ], [ 31.209053100024043, 30.000063108935358 ], [ 31.209050289848967, 30.00006201327033 ], [ 31.209047483916468, 30.000060912249555 ], [ 31.209044682258938, 30.000059804068965 ], [ 31.209041882771334, 30.00005869050441 ], [ 31.209039087558715, 30.000057569780083 ], [ 31.209036294516014, 30.000056443671784 ], [ 31.209033503675641, 30.000055310375465 ], [ 31.209030717077844, 30.000054171723409 ], [ 31.209027934722624, 30.00005302771558 ], [ 31.209025154569733, 30.000051876519741 ], [ 31.209022378691827, 30.000050718164132 ], [ 31.209019604951443, 30.000049556228582 ], [ 31.20901683551844, 30.000048385329215 ], [ 31.209014068222967, 30.000047210849903 ], [ 31.209011305234874, 30.000046027406785 ], [ 31.209008546456953, 30.000044840411931 ], [ 31.209005789881374, 30.000043646229077 ], [ 31.209003037548371, 30.00004244669049 ], [ 31.209000287417695, 30.000041239963881 ], [ 31.208997541529602, 30.000040027881539 ], [ 31.208994799916496, 30.000038808639378 ], [ 31.208992060473317, 30.000037584013263 ], [ 31.208989325272707, 30.000036354031408 ], [ 31.208986594347103, 30.000035116889737 ], [ 31.208983865591421, 30.000033874364124 ], [ 31.208981141078322, 30.000032626482763 ], [ 31.208978420840197, 30.000031371441601 ], [ 31.208975704844661, 30.000030111044687 ], [ 31.208972991051461, 30.000028843459777 ], [ 31.208970281500854, 30.000027570519116 ], [ 31.20896757412017, 30.000026292194491 ], [ 31.208964870982069, 30.000025008514111 ], [ 31.208962174191605, 30.000023717702181 ], [ 31.208959477530833, 30.000022419674014 ], [ 31.208956787152889, 30.000021118122337 ], [ 31.208954098977287, 30.000019809382692 ], [ 31.208951415044261, 30.000018495287279 ], [ 31.208948735386226, 30.000017174032074 ], [ 31.208946059970774, 30.000015847421118 ], [ 31.208943388797913, 30.000014515454414 ], [ 31.208940719794988, 30.000013178103764 ], [ 31.208938055067055, 30.000011833593334 ], [ 31.208935394581705, 30.000010483727138 ], [ 31.208932738371342, 30.000009126701137 ], [ 31.208930086371161, 30.000007766123449 ], [ 31.20892743657333, 30.00000639835778 ], [ 31.208924793090723, 30.000005025264549 ], [ 31.208922151810469, 30.000003644983334 ], [ 31.208919516813037, 30.000002261178601 ], [ 31.208916884017949, 30.000000870185893 ], [ 31.208914255497856, 29.999999472033398 ], [ 31.208911631187945, 29.999998070329191 ], [ 31.208909009080386, 29.999996661436988 ], [ 31.208906393288053, 29.999995247217253 ], [ 31.208903781738311, 29.999993827641774 ], [ 31.208901174431166, 29.999992402710529 ], [ 31.208898569326362, 29.999990970591302 ], [ 31.208895970536791, 29.999989533144529 ], [ 31.208893451899943, 29.999988134682582 ], [ 31.20889093753809, 29.999986729060847 ], [ 31.208888427418813, 29.999985318083372 ], [ 31.208885921542116, 29.999983901750145 ], [ 31.208883419875612, 29.999982481865214 ], [ 31.208880922484095, 29.999981054820505 ], [ 31.208878429335154, 29.999979622420071 ], [ 31.208875938356169, 29.999978184635673 ], [ 31.208873451587351, 29.999976743299566 ], [ 31.208870971166174, 29.999975294831881 ], [ 31.208868492914942, 29.999973840980278 ], [ 31.208866018873888, 29.999972383576949 ], [ 31.208863551180471, 29.999970919042056 ], [ 31.208861085624584, 29.999969450927264 ], [ 31.208858624343705, 29.999967975652705 ], [ 31.208856167272994, 29.999966496826421 ], [ 31.208853714477279, 29.999965010840359 ], [ 31.208851265891749, 29.999963521302597 ], [ 31.208848821548806, 29.999962026409111 ], [ 31.208846381448449, 29.999960526159871 ], [ 31.208843945590672, 29.999959020554915 ], [ 31.208841516048142, 29.999957509622394 ], [ 31.208839088675546, 29.999955993305953 ], [ 31.208836665545547, 29.999954471633785 ], [ 31.208834246658135, 29.999952944605859 ], [ 31.208831832013303, 29.999951412222195 ], [ 31.208829423651302, 29.999949876315046 ], [ 31.208827017459253, 29.999948335023959 ], [ 31.20881873947333, 29.999943481999271 ], [ 31.208810463658093, 29.999938623590175 ], [ 31.208802192053788, 29.999933761628938 ], [ 31.208793926797881, 29.999928892535682 ], [ 31.208785663712657, 29.999924018058035 ], [ 31.208777406943426, 29.999919138252409 ], [ 31.208769154417524, 29.999914253090605 ], [ 31.20876090406232, 29.999909362544418 ], [ 31.208752660023105, 29.999904466670255 ], [ 31.208744420227234, 29.999899565439925 ], [ 31.208736184674692, 29.999894658853414 ], [ 31.2087279533655, 29.999889746910711 ], [ 31.208719726299645, 29.99988482961183 ], [ 31.20871150558219, 29.999879905180972 ], [ 31.208703287003029, 29.999874977169736 ], [ 31.208695072667204, 29.999870043802343 ], [ 31.208686864679787, 29.999865103302952 ], [ 31.20867865883065, 29.999860159223214 ], [ 31.208670459329927, 29.999855208011478 ], [ 31.208662264040129, 29.999850253247597 ], [ 31.208654073026096, 29.999845291323517 ], [ 31.20864588415035, 29.999840325819097 ], [ 31.208637703695661, 29.999835353210898 ], [ 31.208629525411663, 29.999830375218313 ], [ 31.208621351338614, 29.9998253936736 ], [ 31.208613181541335, 29.999820404968677 ], [ 31.208605018060034, 29.99981541093581 ], [ 31.208596856717033, 29.999810413322599 ], [ 31.208592971617922, 29.999807991161436 ], [ 31.208589082276475, 29.99980557435584 ], [ 31.208585186620052, 29.999803162877601 ], [ 31.208581288793951, 29.999800756783156 ], [ 31.208577384652877, 29.999798356016093 ], [ 31.208573476237067, 29.99979596240863 ], [ 31.208569565683973, 29.999793572380927 ], [ 31.208565648815917, 29.9997911876806 ], [ 31.208561727673111, 29.999788810139869 ], [ 31.208557802320392, 29.999786436150671 ], [ 31.208553872692931, 29.999784069321095 ], [ 31.208549938823133, 29.999781707847092 ], [ 31.208546000743421, 29.999779349924633 ], [ 31.208542058388971, 29.999776999161785 ], [ 31.208538111792183, 29.9997746537545 ], [ 31.20853519687558, 29.999772926890291 ], [ 31.208515317464531, 30.000284657028327 ], [ 31.208416021913401, 30.002840599912425 ], [ 31.20827842108784, 30.005413458611994 ], [ 31.208278333636876, 30.005422938140214 ], [ 31.208278239967566, 30.005432417583751 ], [ 31.208278138039582, 30.005441895110366 ], [ 31.208278027788076, 30.005451374328111 ], [ 31.208277911350642, 30.00546085165713 ], [ 31.208277786622105, 30.005470328873258 ], [ 31.208277655642792, 30.005479807808751 ], [ 31.208277516404799, 30.005489284827313 ], [ 31.208277368875681, 30.005498761732955 ], [ 31.208277213055446, 30.005508238525714 ], [ 31.208277051016864, 30.005517715233779 ], [ 31.208276880719581, 30.005527190024925 ], [ 31.208276704171507, 30.005536666535409 ], [ 31.208276517259556, 30.005546142904791 ], [ 31.208276326234419, 30.005555617413663 ], [ 31.208276124845387, 30.005565091781417 ], [ 31.208275917237994, 30.005574566064507 ], [ 31.208275701307038, 30.005584042038713 ], [ 31.208275479222554, 30.005593514320182 ], [ 31.208275248814509, 30.005602988292768 ], [ 31.208275010115326, 30.005612462152477 ], [ 31.208274763125001, 30.005621935899274 ], [ 31.208274509948712, 30.005631407757356 ], [ 31.208274248481281, 30.005640879502529 ], [ 31.208273980795468, 30.005650351163023 ], [ 31.208273704818488, 30.005659822710619 ], [ 31.208273420550366, 30.005669294145321 ], [ 31.208273127991095, 30.005678765467117 ], [ 31.208272829213414, 30.005688236704234 ], [ 31.208272522177001, 30.005697706024399 ], [ 31.208272208922192, 30.005707175259893 ], [ 31.20827188737622, 30.005716644382474 ], [ 31.208271557539081, 30.005726113392168 ], [ 31.208271219410761, 30.005735582288949 ], [ 31.208270875064052, 30.005745051101048 ], [ 31.208270522458587, 30.00575451799622 ], [ 31.208270163634712, 30.005763984806702 ], [ 31.20826979441447, 30.005773453280092 ], [ 31.208269421113421, 30.005782918088951 ], [ 31.208269037415999, 30.005792384560714 ], [ 31.208268647500166, 30.005801850947822 ], [ 31.20826824932556, 30.005811315417958 ], [ 31.20826784285978, 30.005820779775206 ], [ 31.208267430175564, 30.005830244047754 ], [ 31.20826700920016, 30.005839708207432 ], [ 31.208266579965972, 30.005849170450151 ], [ 31.208266144480945, 30.005858634412203 ], [ 31.208265700737137, 30.005868096457338 ], [ 31.20826525077489, 30.005877558417776 ], [ 31.208264790448673, 30.0058870202371 ], [ 31.20826432393644, 30.005896480167703 ], [ 31.208263851173346, 30.005905941817648 ], [ 31.208263368078693, 30.005915401522437 ], [ 31.208262878765602, 30.005924861142539 ], [ 31.208262383266472, 30.005934318873908 ], [ 31.208261877370944, 30.005943778268204 ], [ 31.208261365289388, 30.005953235773774 ], [ 31.208260844916605, 30.005962693166438 ], [ 31.208260318357802, 30.005972148670377 ], [ 31.208259783475331, 30.00598160586544 ], [ 31.208259240334069, 30.005991061143561 ], [ 31.20825869097434, 30.006000516337018 ], [ 31.208258133323383, 30.006009971417534 ], [ 31.208257567413611, 30.006019424581137 ], [ 31.208256993180175, 30.006028879435846 ], [ 31.20825641279313, 30.0060383305978 ], [ 31.2082558240824, 30.006047783450903 ], [ 31.208255229153202, 30.006057236219299 ], [ 31.208254623892426, 30.006066687042527 ], [ 31.208254014485924, 30.006076137809295 ], [ 31.208253394747832, 30.006085586630896 ], [ 31.20825276875884, 30.006095037171843 ], [ 31.20825213451101, 30.006104485795849 ], [ 31.208251491971925, 30.006113934306942 ], [ 31.20825084324678, 30.006123380929314 ], [ 31.208250186230369, 30.006132827438783 ], [ 31.208249520922699, 30.00614227383533 ], [ 31.208248849396522, 30.006151720147177 ], [ 31.208248169611519, 30.006161164542107 ], [ 31.208247481535235, 30.006170608824117 ], [ 31.208246785167681, 30.006180052993194 ], [ 31.208246082581617, 30.00618949707761 ], [ 31.208245371736712, 30.006198939245063 ], [ 31.208244654673297, 30.006208381327834 ], [ 31.208243929351021, 30.006217821493649 ], [ 31.208243195705041, 30.006227263350585 ], [ 31.208242453832629, 30.006236701486543 ], [ 31.208241705709266, 30.006246141341848 ], [ 31.208240949327049, 30.006255579280204 ], [ 31.208240184653533, 30.006265017105651 ], [ 31.208239413761497, 30.006274454846402 ], [ 31.208238634610595, 30.006283890670193 ], [ 31.208237847168384, 30.006293326381076 ], [ 31.208237053507659, 30.006302762007277 ], [ 31.208236251588048, 30.006312195716529 ], [ 31.208235441377134, 30.006321629312861 ], [ 31.208234624980115, 30.006331061020454 ], [ 31.208233800259361, 30.006340494419181 ], [ 31.208232967279717, 30.006349925900949 ], [ 31.208232126041182, 30.006359355465779 ], [ 31.208231278584105, 30.006368784945902 ], [ 31.208230422835715, 30.006378214313109 ], [ 31.208229560901206, 30.006387641791598 ], [ 31.208228688570163, 30.006397070932984 ], [ 31.208227810085425, 30.006406496381608 ], [ 31.208226925349713, 30.006415923549557 ], [ 31.208226030282329, 30.006425348772332 ], [ 31.208225129028808, 30.00643477210637 ], [ 31.208224221556733, 30.006444195355737 ], [ 31.208223303720533, 30.006453618463951 ], [ 31.208222379665788, 30.006463041487478 ], [ 31.208221447352116, 30.006472462594029 ], [ 31.208220508852314, 30.006481881811872 ], [ 31.208219562061164, 30.006491300916792 ], [ 31.208218606978665, 30.006500719908793 ], [ 31.208217643604815, 30.006510138787856 ], [ 31.208216674044831, 30.006519555778191 ], [ 31.208215696225903, 30.006528970851583 ], [ 31.208214710083205, 30.006538387616093 ], [ 31.208213717754344, 30.006547802491873 ], [ 31.20821271716655, 30.006557215450673 ], [ 31.208211708287401, 30.006566628296575 ], [ 31.208210693189663, 30.00657604105777 ], [ 31.208209667760201, 30.006585451873793 ], [ 31.208208638217368, 30.006594860829289 ], [ 31.208207598277948, 30.006604271447689 ], [ 31.208206552152358, 30.006613680177338 ], [ 31.208205497767818, 30.00662308699005 ], [ 31.208204435091908, 30.006632493689814 ], [ 31.208203366197399, 30.006641900304892 ], [ 31.208202289043932, 30.006651305003004 ], [ 31.208201205704285, 30.006660707812397 ], [ 31.208200112000483, 30.006670110480634 ], [ 31.208199012078062, 30.006679513064178 ], [ 31.208197903864246, 30.006688915534788 ], [ 31.208196789496682, 30.006698314312622 ], [ 31.208195666805292, 30.006707714781584 ], [ 31.208194535854936, 30.006717113333551 ], [ 31.208193396645598, 30.006726509968594 ], [ 31.208192251217657, 30.006735906518916 ], [ 31.208191097498297, 30.0067453029563 ], [ 31.208189937592753, 30.006754697504977 ], [ 31.208188767355434, 30.006764090108454 ], [ 31.208188079907178, 30.006769577181775 ], [ 31.208187590899492, 30.006773482627224 ], [ 31.208186408224925, 30.006782875061283 ], [ 31.208185215218585, 30.006792265550168 ], [ 31.208184015993599, 30.006801655954334 ], [ 31.208182808509637, 30.006811044441548 ], [ 31.208181594839463, 30.006820431040037 ], [ 31.208180372845444, 30.006829819329603 ], [ 31.208179142624843, 30.006839203898185 ], [ 31.208178523368861, 30.006843896126014 ], [ 31.2083531874108, 30.006836551804486 ], [ 31.208527508196632, 30.006839307643578 ], [ 31.20892105461429, 30.006841858770859 ], [ 31.208934418326489, 30.007075444260472 ], [ 31.209065370862259, 30.007099977402838 ], [ 31.209487245723636, 30.007191643930682 ], [ 31.209487949306588, 30.007191833951726 ], [ 31.209488652986767, 30.007192018560676 ], [ 31.209489360909746, 30.0071921978139 ], [ 31.209490071067552, 30.007192368075149 ], [ 31.209490781322582, 30.007192532924311 ], [ 31.209491493747624, 30.007192692389534 ], [ 31.209492208375089, 30.007192844666847 ], [ 31.209492925204966, 30.007192989756181 ], [ 31.209493642164478, 30.007193127629399 ], [ 31.209494361294006, 30.007193260118711 ], [ 31.209495082625942, 30.007193385420059 ], [ 31.209495804087503, 30.00719350350527 ], [ 31.209496527719086, 30.007193616206585 ], [ 31.209497253553081, 30.007193721719933 ], [ 31.209497979516705, 30.00719382001715 ], [ 31.209498705609953, 30.007193911098213 ], [ 31.209499431800413, 30.007193996767178 ], [ 31.209500160193301, 30.007194075248197 ], [ 31.209500890788604, 30.007194146541266 ], [ 31.209501619440726, 30.007194210589997 ], [ 31.209502350262866, 30.007194269254814 ], [ 31.209503081214617, 30.00719432070348 ], [ 31.209503812296006, 30.007194364935994 ], [ 31.209504543507009, 30.007194401952365 ], [ 31.209505276888031, 30.007194433584839 ], [ 31.209506008325871, 30.007194457972968 ], [ 31.209506739893339, 30.007194475144924 ], [ 31.209507471590413, 30.007194485100747 ], [ 31.209508203384715, 30.007194489644476 ], [ 31.209508935308634, 30.00719448697205 ], [ 31.20950966736218, 30.007194477083466 ], [ 31.209510399545344, 30.007194459978741 ], [ 31.209511129752922, 30.007194437433697 ], [ 31.209511860122522, 30.007194405868461 ], [ 31.209512590589352, 30.007194368891149 ], [ 31.209513319080592, 30.007194326473478 ], [ 31.209514047733851, 30.007194275035651 ], [ 31.209514774411542, 30.007194218157512 ], [ 31.209515501218839, 30.007194154063228 ], [ 31.209516226082968, 30.007194082724595 ], [ 31.2095169510443, 30.007194005973833 ], [ 31.209517674062464, 30.007193921978725 ], [ 31.209518395137447, 30.007193830739272 ], [ 31.209519116342051, 30.007193732283671 ], [ 31.209519835571069, 30.00719362838776 ], [ 31.209520552856912, 30.007193517247501 ], [ 31.209521270272372, 30.007193398891108 ], [ 31.209521983639455, 30.007193275066168 ], [ 31.209522697136148, 30.007193144025102 ], [ 31.20952340868967, 30.007193005739683 ], [ 31.20952411619481, 30.007192861985725 ], [ 31.209524823829568, 30.007192711015641 ], [ 31.209525529521152, 30.007192552801211 ], [ 31.20952623116435, 30.007192389118259 ], [ 31.20952693293717, 30.007192218219167 ], [ 31.209527630694005, 30.007192040047517 ], [ 31.209528326475265, 30.00719185643554 ], [ 31.209529020313337, 30.007191665579231 ], [ 31.20952971010303, 30.007191469254398 ], [ 31.209530397949543, 30.007191265685208 ], [ 31.209531083820472, 30.007191056675712 ], [ 31.20953176567544, 30.007190840393669 ], [ 31.209532445554796, 30.007190618671306 ], [ 31.209533123490992, 30.007190389704586 ], [ 31.209533797411204, 30.00719015346532 ], [ 31.209534467250634, 30.007189913561582 ], [ 31.209535135179284, 30.007189664609452 ], [ 31.209535799027144, 30.007189411992854 ], [ 31.209536458891439, 30.007189150299638 ], [ 31.209537116747736, 30.007188884970176 ], [ 31.209537770588057, 30.00718861236814 ], [ 31.209538422452802, 30.007188334325804 ], [ 31.209539068228764, 30.007188048982709 ], [ 31.209539712029144, 30.00718775819929 ], [ 31.20954035178114, 30.007187461947364 ], [ 31.20954098544436, 30.007187158394689 ], [ 31.20954161713199, 30.007186849401702 ], [ 31.209542244771246, 30.007186534940193 ], [ 31.209542868362114, 30.007186215010162 ], [ 31.209543487937001, 30.007185887807591 ], [ 31.209544103431114, 30.007185556940534 ], [ 31.209544714909239, 30.007185218800927 ], [ 31.209545168757643, 30.007184883929988 ], [ 31.209545626686833, 30.007184552723562 ], [ 31.20954609070478, 30.007184228817863 ], [ 31.209546558771109, 30.007183910380672 ], [ 31.209547032991011, 30.00718359563615 ], [ 31.209547513299679, 30.007183288192412 ], [ 31.209547995583925, 30.007182986188941 ], [ 31.209548483989355, 30.007182689682221 ], [ 31.209548976443156, 30.007182398643995 ], [ 31.209549472945337, 30.007182113074272 ], [ 31.209549975568677, 30.007181833001269 ], [ 31.209550482240402, 30.007181558396777 ], [ 31.209550992928097, 30.007181291064825 ], [ 31.209551505591385, 30.0071810291732 ], [ 31.209552024375832, 30.007180772778263 ], [ 31.209552547208652, 30.007180521851847 ], [ 31.209553074057453, 30.007180278197989 ], [ 31.209553604954628, 30.007180040012624 ], [ 31.209554137827389, 30.007179807267583 ], [ 31.20955467471612, 30.007179581795057 ], [ 31.209555215653218, 30.007179361791071 ], [ 31.209555760606303, 30.00717914905962 ], [ 31.209556309607748, 30.007178941796681 ], [ 31.209556860552386, 30.00717874177808 ], [ 31.209557413472595, 30.007178547199803 ], [ 31.209557972513984, 30.007178358118221 ], [ 31.209558531425753, 30.007178176252793 ], [ 31.209559094353494, 30.007178001659888 ], [ 31.209559661329617, 30.007177832535497 ], [ 31.209560230248911, 30.007177670655473 ], [ 31.209560801143788, 30.007177514215751 ], [ 31.209561373981852, 30.007177365020357 ], [ 31.20956195083588, 30.007177223097521 ], [ 31.209562529665483, 30.007177086614977 ], [ 31.209563108365476, 30.007176957348577 ], [ 31.209563691081449, 30.007176835354723 ], [ 31.209564275772994, 30.00717671880118 ], [ 31.209564862407724, 30.007176609491992 ], [ 31.209565450985636, 30.007176507427118 ], [ 31.209566041539127, 30.007176410802575 ], [ 31.209566631962989, 30.007176321394162 ], [ 31.209567224330048, 30.007176239230098 ], [ 31.209567818640284, 30.007176164310383 ], [ 31.209568414926089, 30.00717609483096 ], [ 31.209569011082287, 30.007176032567674 ], [ 31.209569609181663, 30.007175977548734 ], [ 31.209570209224225, 30.007175929774149 ], [ 31.209570807096771, 30.007175887383443 ], [ 31.209571408985287, 30.007175852265302 ], [ 31.209572008671405, 30.007175824335079 ], [ 31.209572610300697, 30.007175803649222 ], [ 31.209573213873171, 30.007175790207693 ], [ 31.209573815275636, 30.007175782150078 ], [ 31.209574418621273, 30.007175781336798 ], [ 31.209575021837306, 30.007175787739662 ], [ 31.20957562285092, 30.007175801330458 ], [ 31.20957622584012, 30.007175820361546 ], [ 31.209576828667302, 30.007175848412839 ], [ 31.209577431397275, 30.007175881876222 ], [ 31.209578033997634, 30.007175922555739 ], [ 31.209578634427981, 30.007175968619173 ], [ 31.209579234696317, 30.007176023702772 ], [ 31.209579834867437, 30.00717608419848 ], [ 31.209580434908951, 30.007176151910329 ], [ 31.209581032748044, 30.007176226810113 ], [ 31.209581630489925, 30.007176307122002 ], [ 31.209582225996996, 30.007176396425859 ], [ 31.209582821406865, 30.007176491141827 ], [ 31.210178035273131, 30.007346240473197 ], [ 31.210203704556996, 30.007351685452129 ], [ 31.210638007114262, 30.007477185305415 ], [ 31.210720440000451, 30.007500968626413 ], [ 31.210731724611843, 30.007504225767196 ], [ 31.210956413765636, 30.007569123773287 ], [ 31.211098751014678, 30.007610235856969 ], [ 31.211128824027369, 30.007619037304597 ], [ 31.211239853255865, 30.007651547538782 ], [ 31.211247014173672, 30.007653644240889 ], [ 31.211254175091788, 30.007655740942617 ], [ 31.211368470934929, 30.0076892319981 ], [ 31.211370188512699, 30.007726503365511 ], [ 31.211898320422605, 30.00773479788992 ], [ 31.211909404663533, 30.00778020300077 ], [ 31.211914577012177, 30.007801385672309 ], [ 31.211923679899623, 30.007838659949751 ], [ 31.211935085585271, 30.007928096874622 ], [ 31.211925911974767, 30.007979944783852 ], [ 31.212392225334671, 30.007990656224166 ], [ 31.212746175778033, 30.008029664351039 ], [ 31.212820713678653, 30.008037880185803 ], [ 31.2130720417783, 30.008066101327291 ], [ 31.213080788311338, 30.008007395919694 ], [ 31.213426762741385, 30.007985809604261 ], [ 31.213521793202766, 30.007973676274016 ], [ 31.21372736070618, 30.007947427460611 ], [ 31.213824496235432, 30.007935022941449 ], [ 31.213977723146037, 30.007915456207055 ], [ 31.214160580518776, 30.007895271888788 ], [ 31.214317262467407, 30.007877963935211 ], [ 31.21434406135625, 30.007875001941503 ], [ 31.2144157016414, 30.007867083405547 ], [ 31.214454683322362, 30.007864701731116 ], [ 31.214520218114128, 30.007860693603625 ], [ 31.214627535522979, 30.007864264550154 ], [ 31.21475045572506, 30.007868355656019 ], [ 31.214837350913239, 30.007871234335809 ], [ 31.214898519001324, 30.007873262310245 ], [ 31.214897620364148, 30.007967548585015 ], [ 31.214897356801263, 30.007995810368957 ], [ 31.215043332611902, 30.0079902875299 ], [ 31.215093464336782, 30.007988387132084 ], [ 31.215101433368233, 30.007988085608769 ], [ 31.215137556668861, 30.007984160025558 ], [ 31.215165138359193, 30.007979281298695 ], [ 31.215228161726355, 30.007968132716364 ], [ 31.215419571780327, 30.007934265595161 ], [ 31.215458291403301, 30.007927413982937 ], [ 31.215507959704578, 30.0079186230526 ], [ 31.215626722769773, 30.007897596356678 ], [ 31.215584408763856, 30.007736707202746 ], [ 31.215569988882855, 30.007681808868771 ], [ 31.215475671945637, 30.007323363823158 ], [ 31.215454057817045, 30.0073286844449 ], [ 31.215453140069339, 30.007328412154013 ], [ 31.215452226564139, 30.007328134507215 ], [ 31.215451315293247, 30.007327847868304 ], [ 31.215450406192058, 30.007327555845372 ], [ 31.215449499260565, 30.007327258438419 ], [ 31.215448596603895, 30.007326953871519 ], [ 31.215447694044116, 30.00732664389249 ], [ 31.215446797831945, 30.007326326781616 ], [ 31.215445901748975, 30.007326002454558 ], [ 31.215445009908532, 30.007325672771604 ], [ 31.215444120237777, 30.007325337704643 ], [ 31.215443234841835, 30.007324995477713 ], [ 31.215442351647898, 30.00732464606272 ], [ 31.215441470623659, 30.007324291263718 ], [ 31.215440593841944, 30.007323931108786 ], [ 31.215439721335034, 30.007323563793918 ], [ 31.215438850997835, 30.007323191095036 ], [ 31.21543798490314, 30.007322813040236 ], [ 31.21543712101046, 30.007322427797369 ], [ 31.215436263465385, 30.007322035422689 ], [ 31.21543540598492, 30.007321639439891 ], [ 31.215434554852067, 30.007321236325254 ], [ 31.21543370588892, 30.007320827826604 ], [ 31.215432861200586, 30.007320412168003 ], [ 31.215432020754768, 30.007319991153501 ], [ 31.215431182478657, 30.007319564754983 ], [ 31.215430350550164, 30.007319131224609 ], [ 31.21542952075907, 30.007318694114257 ], [ 31.215428695242803, 30.007318249843966 ], [ 31.215427873969045, 30.007317800217766 ], [ 31.215427056970086, 30.007317343431623 ], [ 31.215426244181351, 30.007316883093605 ], [ 31.215425435667424, 30.007316415595632 ], [ 31.215424631396015, 30.007315942741759 ], [ 31.215423831367119, 30.007315464531981 ], [ 31.21542303765354, 30.007314980994401 ], [ 31.215422246109668, 30.00731449207278 ], [ 31.215421458840613, 30.007313995991229 ], [ 31.215420677854578, 30.007313496385926 ], [ 31.215419901111058, 30.007312991424719 ], [ 31.215419128642338, 30.00731247930355 ], [ 31.21541836038384, 30.007311963630521 ], [ 31.215417598472971, 30.007311440825642 ], [ 31.2154168386995, 30.007310914440801 ], [ 31.215416087314154, 30.007310382756266 ], [ 31.215415338130821, 30.007309843883686 ], [ 31.215414595230506, 30.007309301487339 ], [ 31.21541385657271, 30.007308753735089 ], [ 31.215413124230224, 30.007308200655039 ], [ 31.215412396130255, 30.007307642219093 ], [ 31.215411672240506, 30.007307080231271 ], [ 31.215410954698374, 30.007306511111608 ], [ 31.215410243439258, 30.007305938468189 ], [ 31.215409536422666, 30.007305360468873 ], [ 31.215408833648574, 30.007304777113646 ], [ 31.215408139230323, 30.007304190262772 ], [ 31.215407446981775, 30.007303598027892 ], [ 31.215406763121358, 30.00730300049333 ], [ 31.215406083503442, 30.007302397602842 ], [ 31.215405410168557, 30.00730179118861 ], [ 31.215404741076181, 30.007301179418473 ], [ 31.215404078266822, 30.007300564124574 ], [ 31.215403421772798, 30.0072999435029 ], [ 31.215402769488978, 30.007299319329327 ], [ 31.215402125625584, 30.007298688052067 ], [ 31.215401485940099, 30.007298055026954 ], [ 31.21540085256995, 30.007297416674078 ], [ 31.215400225515115, 30.007296772993389 ], [ 31.215399659643165, 30.007296186081287 ], [ 31.215399602638186, 30.007296127564864 ], [ 31.215398988181686, 30.007295475032631 ], [ 31.215398377903103, 30.00729482075257 ], [ 31.215397776012644, 30.007294161172826 ], [ 31.215397178364697, 30.007293496237171 ], [ 31.215396586999773, 30.007292827777793 ], [ 31.215396003990673, 30.007292155822743 ], [ 31.215395425191794, 30.007291480315828 ], [ 31.215394852675928, 30.007290801285169 ], [ 31.215394286475387, 30.007290116926718 ], [ 31.215393728630659, 30.00728942907261 ], [ 31.215393174996162, 30.00728873766667 ], [ 31.215392629717485, 30.007288042765055 ], [ 31.215392088681309, 30.007287342507549 ], [ 31.215391555968665, 30.007286640558448 ], [ 31.215391029539045, 30.007285935085601 ], [ 31.215390509424751, 30.007285224284935 ], [ 31.215389995561161, 30.007284511764585 ], [ 31.215389490085709, 30.007283793944541 ], [ 31.215388988788153, 30.007283074376677 ], [ 31.215388495878734, 30.007282349509143 ], [ 31.215388009220032, 30.007281622921884 ], [ 31.215387530917159, 30.007280892838992 ], [ 31.215387056824493, 30.007280159204228 ], [ 31.21538659108765, 30.007279422073811 ], [ 31.21538613370663, 30.007278681447787 ], [ 31.21538568050353, 30.007277939073926 ], [ 31.215385235656246, 30.00727719320443 ], [ 31.215384799164791, 30.007276443839292 ], [ 31.215384366883551, 30.007275690922285 ], [ 31.215383942925833, 30.007274936313685 ], [ 31.21538352732393, 30.007274178209432 ], [ 31.21538311797276, 30.007273418385491 ], [ 31.215382714904599, 30.007272655037792 ], [ 31.215382320159961, 30.007271889998492 ], [ 31.215381931730636, 30.007271119631401 ], [ 31.215381549519726, 30.00727034934863 ], [ 31.215381175664653, 30.007269575570223 ], [ 31.215380810165392, 30.007268798296181 ], [ 31.215380450884552, 30.00726802110648 ], [ 31.215380099991823, 30.007267238617107 ], [ 31.215379755317525, 30.007266456212033 ], [ 31.215379418999049, 30.007265670311341 ], [ 31.215379088931282, 30.007264882690944 ], [ 31.215378767219338, 30.007264091574893 ], [ 31.215378451725815, 30.00726330054319 ], [ 31.215378144588108, 30.007262506015834 ], [ 31.215377845773915, 30.007261709796897 ], [ 31.215377553210448, 30.007260911858236 ], [ 31.215377269002804, 30.007260110423932 ], [ 31.215376991013567, 30.007259309073969 ], [ 31.215376721347866, 30.007258506032422 ], [ 31.21537646003797, 30.007257699495202 ], [ 31.215376204946498, 30.007256893042339 ], [ 31.215375958210842, 30.007256083093836 ], [ 31.215375719766399, 30.007255273257783 ], [ 31.215375487572683, 30.007254461702018 ], [ 31.21537526370248, 30.007253648454657 ], [ 31.215375048155792, 30.00725283351569 ], [ 31.215374838859823, 30.007252016856999 ], [ 31.215374637887372, 30.007251198506744 ], [ 31.215374445206137, 30.007250380268907 ], [ 31.215374260848424, 30.007249560339492 ], [ 31.215374082741427, 30.007248738690372 ], [ 31.215373912925649, 30.007247917153673 ], [ 31.215373751433386, 30.00724709392539 ], [ 31.215373596191835, 30.007246268977408 ], [ 31.215373451314306, 30.007245444169964 ], [ 31.215373312687497, 30.007244617642812 ], [ 31.215373180279098, 30.007243791200004 ], [ 31.215373197538131, 30.007243058815419 ], [ 31.215373218942773, 30.007242326487063 ], [ 31.215373250711437, 30.007241594299259 ], [ 31.215373288698508, 30.007240862195779 ], [ 31.215373332871685, 30.00724013198068 ], [ 31.215373387408892, 30.007239401906133 ], [ 31.215373446091704, 30.007238671887805 ], [ 31.215373515138531, 30.007237942010033 ], [ 31.215373590403768, 30.007237212216623 ], [ 31.215373673927914, 30.007236484339661 ], [ 31.215373763638173, 30.007235758351076 ], [ 31.215373861671946, 30.00723503067092 ], [ 31.215373967932344, 30.007234306711265 ], [ 31.215374080443436, 30.007233581031919 ], [ 31.215374199140651, 30.007232857240929 ], [ 31.215374328169577, 30.007232135394553 ], [ 31.215374463416914, 30.007231413632507 ], [ 31.215374604850361, 30.007230693758832 ], [ 31.215374754542722, 30.007229975801646 ], [ 31.215374912526286, 30.007229257956912 ], [ 31.215375076695963, 30.007228542000533 ], [ 31.21537524915686, 30.007227826156608 ], [ 31.215375427771558, 30.007227114005097 ], [ 31.215375116858368, 30.007208117642389 ], [ 31.215387308038899, 30.00708107258788 ], [ 31.215387358958409, 30.007080544565952 ], [ 31.215392618426062, 30.007026028584203 ], [ 31.215402475743762, 30.006923841059066 ], [ 31.215403593443231, 30.006912249804479 ], [ 31.215404000991281, 30.006908014804562 ], [ 31.215409994041863, 30.006845643042475 ], [ 31.215419394187855, 30.006747796303959 ], [ 31.215428544507034, 30.006652553648006 ], [ 31.215435522037652, 30.006580007140546 ], [ 31.215446751826047, 30.006462529010303 ], [ 31.215448808024366, 30.006441132307508 ], [ 31.215450591307832, 30.006422588394909 ], [ 31.21564018346006, 30.006378915929115 ], [ 31.215858682990309, 30.006328658993773 ], [ 31.216050797722612, 30.00628453833022 ], [ 31.216573240585831, 30.006186891351231 ], [ 31.216569164461902, 30.006077614525822 ], [ 31.216942939269234, 30.006055412065283 ], [ 31.217049199517927, 30.006048091056392 ], [ 31.217149323580809, 30.006041192082499 ], [ 31.217644635874095, 30.006007059049882 ], [ 31.217723580765409, 30.00599868182054 ], [ 31.218198163942063, 30.005948316131946 ], [ 31.218226266757554, 30.005944517464279 ], [ 31.219090782035124, 30.005829036552008 ], [ 31.219230940078909, 30.006050002756716 ], [ 31.219340220582303, 30.006353062734398 ], [ 31.219494551618421, 30.006775836993747 ], [ 31.21953872411185, 30.006995404889672 ], [ 31.219619870004685, 30.007228907374589 ], [ 31.219704215637059, 30.007589042892533 ], [ 31.219730138326348, 30.007754115691196 ], [ 31.21976819633224, 30.007838387380342 ], [ 31.21979906658154, 30.007846250299487 ], [ 31.219856156562411, 30.008155345347774 ], [ 31.219895764675506, 30.008364241022324 ], [ 31.219829177477003, 30.008394774292128 ], [ 31.21984234769721, 30.00847508587 ], [ 31.219886058028653, 30.008759960587462 ], [ 31.219934662465811, 30.008780443934679 ], [ 31.21997477263146, 30.008902269321489 ], [ 31.22006404020788, 30.009217501703016 ], [ 31.220130657271241, 30.009538052217113 ], [ 31.220182160011944, 30.009679906198425 ], [ 31.22023041675396, 30.009708858588453 ], [ 31.220278673524522, 30.009737810961777 ], [ 31.220376096491798, 30.009744787450344 ], [ 31.220473620487279, 30.00974610637989 ], [ 31.220559750043229, 30.009645767266704 ], [ 31.220556013549768, 30.009503870062638 ], [ 31.220589491213133, 30.009384297695348 ], [ 31.220680249478775, 30.009216399937628 ], [ 31.220701971276107, 30.009053025374275 ], [ 31.220673070290108, 30.008916242832907 ], [ 31.220549969168808, 30.00878909815593 ], [ 31.220571983195725, 30.008609359106408 ], [ 31.220574451731238, 30.007461253044944 ], [ 31.220552353913408, 30.006665942750391 ], [ 31.220603204162881, 30.005850558666815 ], [ 31.22057969535015, 30.00480904356748 ], [ 31.220582234157376, 30.00466681068152 ], [ 31.220521570963875, 30.00446783294872 ], [ 31.220427339761166, 30.00418710571131 ], [ 31.220305379935784, 30.003824707870521 ], [ 31.220280006569926, 30.003610962995715 ], [ 31.220303318555299, 30.00328609601743 ], [ 31.220280847050411, 30.002909799245199 ], [ 31.220175309061428, 30.002608595028295 ], [ 31.220138264691272, 30.002394694071047 ], [ 31.220035932271976, 30.002240879963843 ], [ 31.219911799198734, 30.002000395722863 ], [ 31.219893896154112, 30.001695295184739 ], [ 31.22050506452646, 30.001795017063092 ], [ 31.22054486367632, 30.002181709207459 ], [ 31.220501834672525, 30.002303070763105 ], [ 31.220392519950391, 30.002540399711968 ], [ 31.220460049886611, 30.003008762395055 ], [ 31.220545814054564, 30.003436723804271 ], [ 31.220575753381397, 30.003721663100524 ], [ 31.220695505849861, 30.003880791968609 ], [ 31.220871710062308, 30.003984793679248 ], [ 31.220942063543049, 30.004732499353892 ], [ 31.220942562934042, 30.004737858201086 ], [ 31.220943056106805, 30.004743216964215 ], [ 31.220943540988561, 30.00474857561526 ], [ 31.220944017547129, 30.00475393595827 ], [ 31.220944485814698, 30.004759296189167 ], [ 31.220944947831835, 30.004764658140054 ], [ 31.220945401590168, 30.004770018174799 ], [ 31.2209458469931, 30.004775381705567 ], [ 31.220946284137231, 30.004780743320193 ], [ 31.220946715030909, 30.004786106654791 ], [ 31.220947137633594, 30.004791469877297 ], [ 31.220947551913067, 30.004796834791776 ], [ 31.220947957933742, 30.004802197790116 ], [ 31.22094835563119, 30.004807562480401 ], [ 31.220948747078204, 30.004812928890676 ], [ 31.220949130266394, 30.004818293384819 ], [ 31.220949505131387, 30.004823659570913 ], [ 31.220949873745923, 30.004829027476987 ], [ 31.220950232028876, 30.004834393438909 ], [ 31.220950584061377, 30.00483976112081 ], [ 31.220950927802857, 30.004845128690619 ], [ 31.220951265326075, 30.00485049617636 ], [ 31.220951592453325, 30.004855865326029 ], [ 31.220951913362303, 30.004861234391658 ], [ 31.220952225980263, 30.004866603345182 ], [ 31.220952530307194, 30.00487197218661 ], [ 31.22095282838367, 30.004877342748031 ], [ 31.220953118169106, 30.004882713197347 ], [ 31.220953399663529, 30.004888083534595 ], [ 31.220953672866909, 30.004893453759745 ], [ 31.22095393777926, 30.004898823872807 ], [ 31.220954196441145, 30.004904195705841 ], [ 31.220954446811998, 30.0049095674268 ], [ 31.220954688891808, 30.004914939035654 ], [ 31.220954922648385, 30.004920312336473 ], [ 31.220955150218884, 30.004925683749189 ], [ 31.220955369466147, 30.004931056853856 ], [ 31.22095558042237, 30.004936429846442 ], [ 31.220955783087557, 30.004941802726915 ], [ 31.220955977461692, 30.004947175495314 ], [ 31.220956165585356, 30.004952549983695 ], [ 31.220956345417964, 30.004957924359989 ], [ 31.220956516991734, 30.004963296820147 ], [ 31.220956682315006, 30.004968671000285 ], [ 31.220956837242287, 30.00497404684435 ], [ 31.220956985983463, 30.0049794208003 ], [ 31.220957126433586, 30.004984794644173 ], [ 31.22095725856046, 30.004990170180001 ], [ 31.220957384469049, 30.004995545631772 ], [ 31.220957502118775, 30.005000919167394 ], [ 31.220957611445243, 30.005006294394974 ], [ 31.220957712480658, 30.005011669510466 ], [ 31.220957805192814, 30.005017046317903 ], [ 31.220957891718868, 30.005022421237257 ], [ 31.220957969953862, 30.005027796044494 ], [ 31.220958039865589, 30.005033172543698 ], [ 31.220958101486261, 30.005038548930802 ], [ 31.220958154848049, 30.005043923401804 ], [ 31.220958201959341, 30.005049299592748 ], [ 31.220958240779566, 30.005054675671612 ], [ 31.220958271308721, 30.005060051638399 ], [ 31.220958295619564, 30.005065427521103 ], [ 31.220958309566583, 30.005070803263717 ], [ 31.220958317263079, 30.005076180726284 ], [ 31.220958316700706, 30.005081556272721 ], [ 31.220958309920011, 30.005086931735111 ], [ 31.22095829274328, 30.005092308861407 ], [ 31.220958269380439, 30.005097684099621 ], [ 31.220958237726503, 30.005103059225711 ], [ 31.220958197749297, 30.005108436043777 ], [ 31.220958149481007, 30.005113812749737 ], [ 31.220958095026596, 30.005119187567605 ], [ 31.220958032248905, 30.005124564077409 ], [ 31.22095796121231, 30.005129938671104 ], [ 31.220957881852438, 30.005135314956721 ], [ 31.22095779630644, 30.005140689354221 ], [ 31.220957702437151, 30.005146065443711 ], [ 31.220957600276776, 30.005151441421095 ], [ 31.22095748985749, 30.005156815482341 ], [ 31.220957371114924, 30.005162191235534 ], [ 31.220957246154022, 30.005167566904671 ], [ 31.220957112934222, 30.005172940657658 ], [ 31.220956971391132, 30.005178316102608 ], [ 31.220956821589123, 30.005183689631423 ], [ 31.220956665536594, 30.005189064880224 ], [ 31.220956499152383, 30.005194438184848 ], [ 31.220956326549846, 30.005199811405422 ], [ 31.220956147696764, 30.005205186345957 ], [ 31.220955958512011, 30.005210559342341 ], [ 31.220955763108908, 30.005215932254643 ], [ 31.220955557309743, 30.005221306830883 ], [ 31.220955347397201, 30.005226679547039 ], [ 31.220955127120767, 30.005232052123056 ], [ 31.220954898553227, 30.005237424587019 ], [ 31.220954663799532, 30.00524279516285 ], [ 31.220954420722524, 30.005248167430612 ], [ 31.220954169354407, 30.005253539586299 ], [ 31.220953911767932, 30.005258911657922 ], [ 31.220953643849768, 30.005264281785379 ], [ 31.220953369713257, 30.005269651828758 ], [ 31.220953087253424, 30.005275023564117 ], [ 31.220952798607431, 30.005280393411329 ], [ 31.220952499597537, 30.00528576311844 ], [ 31.220952194369293, 30.005291132741476 ], [ 31.220951880849924, 30.005296502252417 ], [ 31.220951559071615, 30.005301869847226 ], [ 31.220951231042754, 30.005307239162022 ], [ 31.220950892682193, 30.005312606532634 ], [ 31.220950548103264, 30.005317973819182 ], [ 31.220950195233204, 30.00532334099363 ], [ 31.220949836144772, 30.005328708084011 ], [ 31.220949466692435, 30.005334075034273 ], [ 31.220949091053935, 30.005339440096407 ], [ 31.220948707092088, 30.005344806850506 ], [ 31.220948314871308, 30.005350171688473 ], [ 31.220947916432152, 30.005355536442366 ], [ 31.220947507629081, 30.005360901056143 ], [ 31.220947092607641, 30.005366265585838 ], [ 31.220946671400014, 30.005371628227397 ], [ 31.220946239828478, 30.005376990728873 ], [ 31.22094580203856, 30.005382353146267 ], [ 31.220945353884723, 30.005387715423527 ], [ 31.220944899512514, 30.005393077616734 ], [ 31.220944438954113, 30.005398437921809 ], [ 31.22094396803179, 30.005403798086778 ], [ 31.220943490891084, 30.005409158167648 ], [ 31.220943005459219, 30.005414518136458 ], [ 31.220942511768392, 30.005419876189102 ], [ 31.220942011859183, 30.00542523415767 ], [ 31.22094150158604, 30.005430591986141 ], [ 31.220940985094511, 30.005435949730515 ], [ 31.220940460311819, 30.005441307362798 ], [ 31.22093992934294, 30.005446663106955 ], [ 31.220939388010109, 30.005452018710997 ], [ 31.220938840491094, 30.005457372426928 ], [ 31.220938284648714, 30.005462727834804 ], [ 31.220937722620128, 30.005468081354554 ], [ 31.220937150259797, 30.005473432930142 ], [ 31.220936571648878, 30.005478786225712 ], [ 31.220935984778976, 30.005484137605123 ], [ 31.220935389617903, 30.005489488872421 ], [ 31.220934788238427, 30.005494840055672 ], [ 31.220934176527212, 30.005500189294747 ], [ 31.220933558597586, 30.005505538449736 ], [ 31.220932932408967, 30.005510885688569 ], [ 31.22093229996976, 30.005516234647409 ], [ 31.220931657198779, 30.005521581662055 ], [ 31.220931008241596, 30.005526926788594 ], [ 31.220930350961034, 30.005532273607074 ], [ 31.220929687494255, 30.005537618537428 ], [ 31.220929013695713, 30.005542961523616 ], [ 31.220928333678771, 30.005548304425719 ], [ 31.220927645370619, 30.005553647215724 ], [ 31.220926950844063, 30.005558989921649 ], [ 31.220926245985741, 30.005564330683416 ], [ 31.220925534908993, 30.005569671361094 ], [ 31.220924815573252, 30.005575010122623 ], [ 31.220924087946312, 30.005580348772071 ], [ 31.220923354100965, 30.005585687337433 ], [ 31.220922611996606, 30.005591023986629 ], [ 31.220921861601049, 30.005596360523754 ], [ 31.220921102946491, 30.005601695144691 ], [ 31.220920336000734, 30.005607029653557 ], [ 31.220919562836542, 30.005612364078331 ], [ 31.220918781413356, 30.005617696586953 ], [ 31.220917991698958, 30.005623028983486 ], [ 31.220917195798322, 30.005628359491894 ], [ 31.220916389533709, 30.005633689860154 ], [ 31.220915577082867, 30.005639018340311 ], [ 31.220914758413588, 30.005644346736378 ], [ 31.220913929380306, 30.00564967499232 ], [ 31.2209130941608, 30.005655001360136 ], [ 31.220912250650077, 30.005660327615853 ], [ 31.22091139888034, 30.005665651955411 ], [ 31.220910540892159, 30.005670976210887 ], [ 31.220909672572184, 30.005676298522179 ], [ 31.220908798033772, 30.005681620749424 ], [ 31.220907915236328, 30.005686941060489 ], [ 31.220907026220452, 30.005692261287482 ], [ 31.22090612894554, 30.005697579598298 ], [ 31.220905223379408, 30.00570289779704 ], [ 31.220904309522055, 30.005708215883672 ], [ 31.220903387437861, 30.005713530250091 ], [ 31.220902459103026, 30.005718846336492 ], [ 31.220901522509163, 30.005724160506748 ], [ 31.220900577656266, 30.005729472760827 ], [ 31.220899626584917, 30.005734784930819 ], [ 31.220898667254534, 30.00574009518466 ], [ 31.220897699632914, 30.005745405326394 ], [ 31.220896723752258, 30.005750713551997 ], [ 31.220895741653145, 30.005756021693493 ], [ 31.220894751294999, 30.005761327918851 ], [ 31.220893752677814, 30.005766632228038 ], [ 31.220892745769376, 30.005771936425131 ], [ 31.220891732642478, 30.005777240538109 ], [ 31.220890709183767, 30.005782542706942 ], [ 31.220889681611567, 30.005787843015661 ], [ 31.220888643675337, 30.005793143184238 ], [ 31.220887599552839, 30.005798441464684 ], [ 31.220886547171293, 30.005803737828973 ], [ 31.220885486498503, 30.005809034081153 ], [ 31.220884417534467, 30.00581433022122 ], [ 31.220883342384145, 30.005819624473151 ], [ 31.220882258974783, 30.00582491680893 ], [ 31.220881167306356, 30.005830207228559 ], [ 31.220880069419458, 30.005835497564089 ], [ 31.220878963241304, 30.005840787787502 ], [ 31.220877848804104, 30.005846076094773 ], [ 31.220876726107829, 30.005851362485881 ], [ 31.22087559722528, 30.00585664698885 ], [ 31.220874460051466, 30.005861931379727 ], [ 31.22087331461859, 30.005867213854394 ], [ 31.220872162967236, 30.005872496245026 ], [ 31.220871000984033, 30.005877776691438 ], [ 31.220869834887335, 30.005883055277756 ], [ 31.220868658426575, 30.00588833372392 ], [ 31.220867473738949, 30.005893608449892 ], [ 31.220866282800635, 30.005898884895824 ], [ 31.220865085708237, 30.005904157649571 ], [ 31.22086387825178, 30.005909430263152 ], [ 31.220862664576835, 30.005914702792676 ], [ 31.22086144267502, 30.005919971601976 ], [ 31.220860212481924, 30.00592524029916 ], [ 31.22085897610253, 30.005930507108214 ], [ 31.22085773143187, 30.005935773805142 ], [ 31.220856478534316, 30.005941036781859 ], [ 31.220855217345484, 30.005946299646467 ], [ 31.220853949938164, 30.005951562426993 ], [ 31.220852674303949, 30.005956821487288 ], [ 31.22085139037846, 30.005962080435463 ], [ 31.220850100266656, 30.00596733749552 ], [ 31.220848801863578, 30.005972594443442 ], [ 31.22084749523361, 30.005977847671154 ], [ 31.220846182385127, 30.005983100814777 ], [ 31.220844861245364, 30.005988353846273 ], [ 31.220843531878714, 30.005993603157552 ], [ 31.220842194220761, 30.005998852356733 ], [ 31.220840850376508, 30.006004099667756 ], [ 31.220839498273161, 30.006009345062612 ], [ 31.220838137910707, 30.006014588541319 ], [ 31.220836771329747, 30.006019831935912 ], [ 31.220835396489687, 30.006025073414349 ], [ 31.220834013390522, 30.006030312976606 ], [ 31.220832624105054, 30.006035550650729 ], [ 31.220831224487693, 30.006040786380662 ], [ 31.220829820724603, 30.006046022054512 ], [ 31.220828406629625, 30.006051255784165 ], [ 31.220826986348321, 30.006056487625685 ], [ 31.220825557807917, 30.006061717551013 ], [ 31.220824121008402, 30.0060669455602 ], [ 31.220822677990359, 30.006072173485268 ], [ 31.220821226713213, 30.006077399494174 ], [ 31.220819767176963, 30.006082623586913 ], [ 31.220818301454372, 30.006087845791498 ], [ 31.220819391376228, 30.006093689005596 ], [ 31.220820472942631, 30.006099535715695 ], [ 31.220821546218005, 30.006105382313681 ], [ 31.220822613275132, 30.006111228827578 ], [ 31.220823669936227, 30.006117077005413 ], [ 31.22082472241965, 30.006122926931205 ], [ 31.220825764507058, 30.006128778520946 ], [ 31.220826800376205, 30.006134630026583 ], [ 31.220827825849323, 30.006140483196148 ], [ 31.220828847176968, 30.006146336309644 ], [ 31.220829858108569, 30.006152191087075 ], [ 31.220830862789715, 30.00615804758446 ], [ 31.220831859179814, 30.00616390396975 ], [ 31.220832847246658, 30.00616976204698 ], [ 31.220833826990255, 30.006175621816137 ], [ 31.220834800515583, 30.006181481501226 ], [ 31.220835765717652, 30.006187342878281 ], [ 31.220836722628668, 30.006193204143209 ], [ 31.220837673289203, 30.006199067128087 ], [ 31.220838613585901, 30.006204929972846 ], [ 31.220839549704909, 30.006210794565629 ], [ 31.22084047542787, 30.006216660822311 ], [ 31.220841392859771, 30.006222526966862 ], [ 31.220842304041188, 30.00622839483141 ], [ 31.220843206931537, 30.006234262583849 ], [ 31.220844101498628, 30.006240132028225 ], [ 31.220844989815234, 30.00624600319258 ], [ 31.220845869840758, 30.006251874244828 ], [ 31.220846741575226, 30.006257745184961 ], [ 31.220847604986403, 30.006263617817044 ], [ 31.220848462147114, 30.00626949216911 ], [ 31.220849311016732, 30.006275366409074 ], [ 31.220850151563088, 30.006281242340943 ], [ 31.220850983818355, 30.006287118160753 ], [ 31.220851807750336, 30.006292995672489 ], [ 31.220852625464037, 30.006298873100135 ], [ 31.220853434854437, 30.006304752219744 ], [ 31.220854238026558, 30.006310631255293 ], [ 31.2208550308026, 30.006316511954733 ], [ 31.220855817360334, 30.006322392570102 ], [ 31.220856595594785, 30.006328274877415 ], [ 31.220857365538151, 30.006334157072619 ], [ 31.220858129231011, 30.006340040987812 ], [ 31.220858884632783, 30.006345924790896 ], [ 31.220859631711253, 30.006351810285917 ], [ 31.220860370498624, 30.006357695668846 ], [ 31.220861100962708, 30.00636358274372 ], [ 31.220861825208473, 30.006369469734501 ], [ 31.22086254116314, 30.006375356613187 ], [ 31.220863248794508, 30.006381245183821 ], [ 31.220863950175364, 30.006387135474426 ], [ 31.220864641192321, 30.006393025624906 ], [ 31.220865325990967, 30.006398915691307 ], [ 31.220866002466309, 30.006404807449659 ], [ 31.220866672723325, 30.00641069912394 ], [ 31.220867332584245, 30.006416592462127 ], [ 31.220867986226839, 30.00642248571625 ], [ 31.22086863157833, 30.006428378858253 ], [ 31.220869270679287, 30.006434273720242 ], [ 31.220869899384148, 30.006440170246158 ], [ 31.220870521902874, 30.006446064883942 ], [ 31.220871136098282, 30.006451961213664 ], [ 31.220871744043169, 30.006457859263389 ], [ 31.220872341624126, 30.006463757172956 ], [ 31.220872932986772, 30.006469654998448 ], [ 31.220873516026082, 30.006475554515909 ], [ 31.22087409077427, 30.006481453921246 ], [ 31.220874657199133, 30.00648735501855 ], [ 31.220875217437854, 30.006493254227724 ], [ 31.220875769321051, 30.006499156932882 ], [ 31.220876312945311, 30.006505057721895 ], [ 31.22087685031903, 30.006510960230891 ], [ 31.220877377328826, 30.006516862599756 ], [ 31.220877898088073, 30.006522766688594 ], [ 31.220878410556193, 30.006528670665325 ], [ 31.220878914733166, 30.006534574529958 ], [ 31.220879412659599, 30.006540480114577 ], [ 31.220879902294886, 30.006546385587075 ], [ 31.220880383639024, 30.006552290947489 ], [ 31.220880856659825, 30.006558197999841 ], [ 31.220881321389488, 30.00656410494009 ], [ 31.220881779900786, 30.006570011796285 ], [ 31.220882230088744, 30.006575920344389 ], [ 31.220882671985546, 30.00658182878043 ], [ 31.220883105591195, 30.006587737104336 ], [ 31.220883532978476, 30.006593645344193 ], [ 31.220883949969622, 30.006599555247977 ], [ 31.220884360742406, 30.006605465067672 ], [ 31.22088476529683, 30.006611374803288 ], [ 31.220885159455097, 30.006617286202836 ], [ 31.220885547395003, 30.006623197518302 ], [ 31.220885927043739, 30.006629108721683 ], [ 31.220886298369116, 30.006635021617001 ], [ 31.220886661435522, 30.006640932596174 ], [ 31.220887018251371, 30.006646845295315 ], [ 31.220887364671047, 30.006652759658383 ], [ 31.220887704904559, 30.006658672133319 ], [ 31.220888036814696, 30.006664586300218 ], [ 31.220888362506461, 30.006670500383041 ], [ 31.220888679907038, 30.006676414353741 ], [ 31.220888986911461, 30.006682329988383 ], [ 31.220889289802489, 30.006688243762913 ], [ 31.220889582297346, 30.006694159201395 ], [ 31.220889866501032, 30.006700074527753 ], [ 31.220890144454135, 30.006705991574094 ], [ 31.220890414148251, 30.006711906704279 ], [ 31.22089067551898, 30.006717823526404 ], [ 31.220890930671327, 30.006723740264476 ], [ 31.220891175459684, 30.006729656862422 ], [ 31.220891414029662, 30.006735573376289 ], [ 31.220891644276243, 30.006741491582098 ], [ 31.220891866231646, 30.006747409675789 ], [ 31.220892082000841, 30.006753325881377 ], [ 31.220892289414447, 30.006759245582955 ], [ 31.220892488569064, 30.006765163368396 ], [ 31.220892679432477, 30.00677108104173 ], [ 31.220892861972501, 30.006777000407016 ], [ 31.220893038294111, 30.00678291968822 ], [ 31.220893204283936, 30.006788837025251 ], [ 31.220893364023151, 30.006794756082254 ], [ 31.220893517511758, 30.006800676859225 ], [ 31.220893660668569, 30.006806595692048 ], [ 31.220893797606976, 30.006812514440782 ], [ 31.220893926221972, 30.006818434881449 ], [ 31.220894046545759, 30.006824355210025 ], [ 31.220894158578332, 30.006830275426495 ], [ 31.220894262319696, 30.006836195530891 ], [ 31.220894359842649, 30.006842115551191 ], [ 31.220894449074382, 30.006848035459388 ], [ 31.220894530014906, 30.006853955255494 ], [ 31.220894604704814, 30.006859876771564 ], [ 31.22089466906289, 30.006865796343458 ], [ 31.220894727170347, 30.006871717635338 ], [ 31.220894777018799, 30.006877637011055 ], [ 31.220894818543815, 30.006883558078719 ], [ 31.220894853850403, 30.006889479062309 ], [ 31.220894878792969, 30.006895399905787 ], [ 31.220894897517116, 30.006901320665186 ], [ 31.220894907950029, 30.006907241312469 ], [ 31.220894910091712, 30.00691316184767 ], [ 31.220894906014966, 30.006919082298776 ], [ 31.220894893646978, 30.006925002637793 ], [ 31.220894872955562, 30.006930924668747 ], [ 31.220894844005102, 30.006936844783567 ], [ 31.220894806763415, 30.006942764786267 ], [ 31.220894763271087, 30.006948686508952 ], [ 31.220894709446924, 30.006954606287461 ], [ 31.220894649372116, 30.006960527785939 ], [ 31.220894581038255, 30.006966447368271 ], [ 31.220894506453771, 30.006972368670571 ], [ 31.220894423610225, 30.006978288056711 ], [ 31.220894330370431, 30.006984209106793 ], [ 31.220894230944392, 30.006990128268754 ], [ 31.220894125267712, 30.006996049150658 ], [ 31.220894009259169, 30.007001968088421 ], [ 31.220893886999978, 30.007007888746116 ], [ 31.220893756481736, 30.007013807487695 ], [ 31.220893617640037, 30.007019727921193 ], [ 31.220893470539281, 30.007025646438564 ], [ 31.220893317187862, 30.007031566675884 ], [ 31.220893153504583, 30.00703748496905 ], [ 31.220892983570653, 30.007043404982181 ], [ 31.220892807450451, 30.007049323107175 ], [ 31.220892620966193, 30.007055241092051 ], [ 31.22089242823127, 30.007061160796898 ], [ 31.220892225164476, 30.007067078557565 ], [ 31.220892015879208, 30.007072996234154 ], [ 31.220891800375483, 30.00707891382666 ], [ 31.220891574507679, 30.007084831279052 ], [ 31.220891342421407, 30.00709074864735 ], [ 31.220891102043865, 30.007096665903564 ], [ 31.220890853375039, 30.007102583047665 ], [ 31.220890596414936, 30.007108500079667 ], [ 31.220890333268564, 30.00711441522353 ], [ 31.220890059725907, 30.00712033203131 ], [ 31.220889779996966, 30.007126246950989 ], [ 31.220889491944551, 30.007132163562588 ], [ 31.220889197705858, 30.007138078286061 ], [ 31.220888893103066, 30.007143992869427 ], [ 31.220888582281795, 30.007149907368699 ], [ 31.220888263169233, 30.007155821755855 ], [ 31.220887935765383, 30.007161736030923 ], [ 31.220887602175253, 30.007167648417862 ], [ 31.22088725818881, 30.007173562468719 ], [ 31.220886908016094, 30.007179474631446 ], [ 31.220886549519879, 30.007185388486107 ], [ 31.220886184837365, 30.007191300452639 ], [ 31.220885809790747, 30.007197212279056 ], [ 31.220885428525648, 30.007203124021398 ], [ 31.220885039001438, 30.00720903384757 ], [ 31.220884641153727, 30.007214945365707 ], [ 31.22088423504691, 30.007220854967656 ], [ 31.220883822721596, 30.007226764485548 ], [ 31.22088340210497, 30.007232673891327 ], [ 31.220882973197043, 30.007238583185003 ], [ 31.220882535997806, 30.007244492366585 ], [ 31.220882092612257, 30.007250399660023 ], [ 31.220881638830395, 30.007256308617382 ], [ 31.220881178862228, 30.007262215686602 ], [ 31.220880710602739, 30.007268122643723 ], [ 31.220880236156948, 30.007274027712725 ], [ 31.220879751314818, 30.007279934445624 ], [ 31.220879260286384, 30.007285839290404 ], [ 31.220878760966635, 30.007291744023082 ], [ 31.220878253355558, 30.00729764864364 ], [ 31.220877739558173, 30.007303551376062 ], [ 31.220877215364446, 30.007309455772436 ], [ 31.220876684984404, 30.007315358280636 ], [ 31.220876146313035, 30.007321260676761 ], [ 31.220875601455337, 30.00732716118473 ], [ 31.220875046201307, 30.007333063356629 ], [ 31.220874484760952, 30.007338963640386 ], [ 31.220873915029262, 30.007344863812058 ], [ 31.220873337038441, 30.007350762067556 ], [ 31.220872750724073, 30.007356662014985 ], [ 31.220872158223397, 30.007362560074291 ], [ 31.220871557431369, 30.007368458021492 ], [ 31.220870948380195, 30.007374354052537 ], [ 31.220870331037688, 30.007380249971451 ], [ 31.220869707476648, 30.007386145806308 ], [ 31.220869075624258, 30.007392041529044 ], [ 31.220868435512724, 30.007397935335629 ], [ 31.220867787077633, 30.007403830834132 ], [ 31.220867130415602, 30.007409722612458 ], [ 31.220866467502837, 30.00741561611073 ], [ 31.220865796330923, 30.00742150769284 ], [ 31.220865116867632, 30.00742739916284 ], [ 31.220864429145205, 30.007433288716694 ], [ 31.22086373520423, 30.007439178186459 ], [ 31.220863032971902, 30.007445067544101 ], [ 31.220862322448212, 30.007450956789626 ], [ 31.220861603665359, 30.007456844119023 ], [ 31.220860876591143, 30.007462731336286 ], [ 31.220860143330587, 30.007468616665424 ], [ 31.220859401746456, 30.007474503686495 ], [ 31.220858651935359, 30.007480386987343 ], [ 31.220857893800694, 30.007486271980135 ], [ 31.220857129479683, 30.007492155084798 ], [ 31.2208563568995, 30.007498036273287 ], [ 31.220855575995746, 30.007503919153731 ], [ 31.220854786832813, 30.007509800118015 ], [ 31.220853991483523, 30.00751567919415 ], [ 31.220853187842852, 30.00752155815816 ], [ 31.220852375910816, 30.007527437010079 ], [ 31.220851555687396, 30.007533315749864 ], [ 31.220850727204795, 30.007539192573507 ], [ 31.220849892535824, 30.007545067509 ], [ 31.220849049575474, 30.007550942332387 ], [ 31.220848198323747, 30.00755681704365 ], [ 31.220847340885651, 30.007562689866788 ], [ 31.220846473083334, 30.007568562549789 ], [ 31.220845599062461, 30.00757443514868 ], [ 31.220844716782395, 30.007580305831414 ], [ 31.22084382831595, 30.007586174626013 ], [ 31.220842929453106, 30.007592045084508 ], [ 31.220842024436081, 30.007597911850841 ], [ 31.22084111109546, 30.007603780309083 ], [ 31.22084018949564, 30.007609646851169 ], [ 31.220839261709443, 30.007615511505112 ], [ 31.220838325631853, 30.007621376046952 ], [ 31.220837381295055, 30.007627238672598 ], [ 31.220836428666853, 30.007633101186148 ], [ 31.220835469820067, 30.007638963615598 ], [ 31.22083450064126, 30.007644824100879 ], [ 31.22083352527607, 30.007650682697982 ], [ 31.220832543692293, 30.007656541211023 ], [ 31.220831551744283, 30.007662399583907 ], [ 31.220830553609872, 30.007668256068659 ], [ 31.220829547184064, 30.007674112441276 ], [ 31.220828532499045, 30.007679966897733 ], [ 31.220827511627618, 30.007685819466051 ], [ 31.220826480391967, 30.007691671894221 ], [ 31.22082544293772, 30.007697524238303 ], [ 31.220824399297069, 30.007703374694238 ], [ 31.22082334532438, 30.007709223205982 ], [ 31.220822285133092, 30.007715071633619 ], [ 31.220821216650378, 30.007720919949147 ], [ 31.220820139908451, 30.007726766348487 ], [ 31.220819054907281, 30.007732610831688 ], [ 31.220817963687526, 30.007738455230772 ], [ 31.220816864208537, 30.007744297713696 ], [ 31.22081575643811, 30.007750140084497 ], [ 31.220814642481272, 30.007755980567147 ], [ 31.220813520265217, 30.007761819133634 ], [ 31.220812389757729, 30.007767657587983 ], [ 31.220811250958803, 30.00777349593023 ], [ 31.220810103900632, 30.007779332356304 ], [ 31.220808950656057, 30.007785166894216 ], [ 31.220807789120045, 30.007791001320008 ], [ 31.220806619324787, 30.00779683382963 ], [ 31.22080544334311, 30.007802664451113 ], [ 31.220804259069993, 30.007808494960457 ], [ 31.220803066537634, 30.00781432355366 ], [ 31.220801865713835, 30.007820152034714 ], [ 31.220800658703606, 30.007825978627622 ], [ 31.220799443434124, 30.007831803304352 ], [ 31.220798219873206, 30.007837627868955 ], [ 31.220796988053035, 30.007843450517402 ], [ 31.220795750014226, 30.007849273081735 ], [ 31.220794503716178, 30.007855093729891 ], [ 31.220793249158877, 30.007860912461872 ], [ 31.220791986310111, 30.007866731081734 ], [ 31.220729638206045, 30.008618279397979 ], [ 31.220729297654952, 30.008619005608317 ], [ 31.220728963290156, 30.008619733706773 ], [ 31.220728637184514, 30.008620463721392 ], [ 31.220728317232972, 30.008621197428162 ], [ 31.220728005540572, 30.008621933051124 ], [ 31.220727700034484, 30.008622670562197 ], [ 31.220727404828171, 30.008623411821524 ], [ 31.220727113767548, 30.008624153136878 ], [ 31.22072683300668, 30.00862489820048 ], [ 31.220726556359299, 30.008625645124155 ], [ 31.220726290043903, 30.008626393992067 ], [ 31.220726029914804, 30.008627144748075 ], [ 31.220725778044859, 30.00862789742024 ], [ 31.220725532361218, 30.008628651980555 ], [ 31.220725297009569, 30.008629408485046 ], [ 31.220725065771386, 30.00863016684962 ], [ 31.220724844897397, 30.00863092535435 ], [ 31.220724630177507, 30.008631687551265 ], [ 31.220724423748969, 30.008632449860265 ], [ 31.220724225547386, 30.008633215889486 ], [ 31.220724033564295, 30.008633982002795 ], [ 31.220723849872581, 30.0086347482282 ], [ 31.2207236744078, 30.008635518173818 ], [ 31.220723505161533, 30.008636288203519 ], [ 31.220723344174413, 30.008637060149386 ], [ 31.220723191478641, 30.008637832207363 ], [ 31.220723047042025, 30.008638606181488 ], [ 31.220722910896768, 30.008639380267738 ], [ 31.220722780937809, 30.008640156242105 ], [ 31.220722659238007, 30.008640934132639 ], [ 31.220722545829567, 30.008641712135283 ], [ 31.22072243863963, 30.008642490222019 ], [ 31.220722339741052, 30.008643268420865 ], [ 31.22072224910162, 30.00864404853586 ], [ 31.220722166721341, 30.008644830567015 ], [ 31.220722092664619, 30.008645610906246 ], [ 31.220722024794213, 30.008646393133589 ], [ 31.220721965215162, 30.008647175473051 ], [ 31.220721913927463, 30.008647957924619 ], [ 31.220721870898917, 30.008648742292376 ], [ 31.220721836193938, 30.008649524968174 ], [ 31.220721807707466, 30.00865030772805 ], [ 31.220721787480148, 30.00865109240409 ], [ 31.220721775544188, 30.008651877192261 ], [ 31.220721771931789, 30.00865266028848 ], [ 31.220721774505705, 30.008653445272824 ], [ 31.220721785403175, 30.008654228565245 ], [ 31.22072180459201, 30.008655011969786 ], [ 31.220721832072204, 30.008655795486437 ], [ 31.220721867843746, 30.008656579115186 ], [ 31.220721909833816, 30.008657362828028 ], [ 31.220721960147451, 30.008658144848937 ], [ 31.220722018752426, 30.008658926981958 ], [ 31.220722085648777, 30.008659709227086 ], [ 31.220722160836473, 30.008660491584333 ], [ 31.220722242274903, 30.008661272221609 ], [ 31.220722332036893, 30.008662051166951 ], [ 31.220722430058036, 30.008662832028467 ], [ 31.220722534362107, 30.008663609365954 ], [ 31.220722649030371, 30.008664386843602 ], [ 31.220722769917167, 30.008665164405325 ], [ 31.220722899127519, 30.008665940275119 ], [ 31.220723034556396, 30.008666716228991 ], [ 31.220723178341043, 30.008667488686889 ], [ 31.22072333245768, 30.008668263088961 ], [ 31.220723490784408, 30.008669033938993 ], [ 31.220723659475336, 30.008669804929184 ], [ 31.220723834449196, 30.008670572395367 ], [ 31.220724017682215, 30.008671341777688 ], [ 31.220724207198163, 30.008672107636013 ], [ 31.220724407110509, 30.008672871830431 ], [ 31.220724611168549, 30.008673636080911 ], [ 31.220724825655189, 30.008674396863437 ], [ 31.220725046360354, 30.008675157730035 ], [ 31.220725275421287, 30.008675915100675 ], [ 31.220725512773591, 30.008676672583405 ], [ 31.220725756408811, 30.008677426542128 ], [ 31.220726008367613, 30.008678178808918 ], [ 31.220726266577135, 30.008678929355757 ], [ 31.220726533078018, 30.008679680014687 ], [ 31.220726807966873, 30.008680425373612 ], [ 31.220727089074256, 30.008681170816612 ], [ 31.220727378537422, 30.008681912763628 ], [ 31.2207276742513, 30.008682652990682 ], [ 31.220727978288753, 30.008683391525821 ], [ 31.22072829064977, 30.008684128368998 ], [ 31.220728609293722, 30.008684861688174 ], [ 31.220728934220606, 30.008685591483342 ], [ 31.220729267471061, 30.008686319586587 ], [ 31.220729609045083, 30.008687045997878 ], [ 31.220729956902044, 30.008687768885153 ], [ 31.220730311009721, 30.008688490052492 ], [ 31.220730673473177, 30.00868920772383 ], [ 31.22073104218736, 30.008689923675213 ], [ 31.220731419289528, 30.00869063432657 ], [ 31.220731802610221, 30.008691345061997 ], [ 31.220732194318888, 30.008692050497416 ], [ 31.220732592278278, 30.008692754212873 ], [ 31.220732996520603, 30.008693454404302 ], [ 31.220733409118715, 30.008694151099753 ], [ 31.220733827967543, 30.00869484607524 ], [ 31.220734253099319, 30.008695537526734 ], [ 31.220734686586855, 30.008696225482232 ], [ 31.220735126389542, 30.008696908109663 ], [ 31.220735572410739, 30.008697590821196 ], [ 31.22073602474709, 30.00869826820465 ], [ 31.220736485439208, 30.008698942092142 ], [ 31.220736952414271, 30.008699612455612 ], [ 31.220737425672258, 30.008700279295081 ], [ 31.220737905213181, 30.008700942610542 ], [ 31.220738391037045, 30.008701602401981 ], [ 31.220738885216676, 30.008702258697447 ], [ 31.220739385679252, 30.008702911468902 ], [ 31.220739892456958, 30.008703558912298 ], [ 31.22074040341256, 30.008704204607696 ], [ 31.220740922756146, 30.008704845003063 ], [ 31.220741448382654, 30.008705481874433 ], [ 31.220741982397158, 30.008706113445754 ], [ 31.220742520589546, 30.008706743269105 ], [ 31.220743065097071, 30.008707367764401 ], [ 31.22074361591973, 30.008707986931608 ], [ 31.220744173025331, 30.008708602574835 ], [ 31.22074473641387, 30.008709214694033 ], [ 31.220745306085355, 30.00870982328922 ], [ 31.220745879999118, 30.008710426528335 ], [ 31.220746462300877, 30.008711024467413 ], [ 31.220747048812722, 30.008711618854438 ], [ 31.220747643680344, 30.008712209745493 ], [ 31.220748242790279, 30.008712795280459 ], [ 31.220748846142502, 30.008713375459344 ], [ 31.220749457850498, 30.008713952142234 ], [ 31.220750073800794, 30.008714523469042 ], [ 31.220750696066236, 30.00871508946782 ], [ 31.220751324614614, 30.008715651942552 ], [ 31.220751957405295, 30.008716209061195 ], [ 31.220752598551741, 30.008716762683861 ], [ 31.220753241899857, 30.008717309118378 ], [ 31.220753891530908, 30.008717852028866 ], [ 31.2207545474771, 30.0087183896113 ], [ 31.220755209706233, 30.008718923669722 ], [ 31.220755874137019, 30.008719450539981 ], [ 31.220756546923589, 30.00871997391426 ], [ 31.220757223952457, 30.008720491932461 ], [ 31.220757905255823, 30.008721002790534 ], [ 31.220758592842127, 30.00872151012457 ], [ 31.220759284670734, 30.008722012102535 ], [ 31.22075998074164, 30.008722508724397 ], [ 31.220760683127679, 30.008723000018222 ], [ 31.220761389756028, 30.00872348595593 ], [ 31.22076210059447, 30.008723968341627 ], [ 31.220762817780251, 30.008724443595195 ], [ 31.220763539240533, 30.008724911688635 ], [ 31.220764264910915, 30.008725376230039 ], [ 31.220764994823597, 30.008725835415344 ], [ 31.220765731051412, 30.008726289272605 ], [ 31.220766469480893, 30.008726735941689 ], [ 31.220767214193312, 30.008727179086776 ], [ 31.220767963180233, 30.00872761507172 ], [ 31.220768716409445, 30.008728045700575 ], [ 31.220769471808122, 30.008728470945321 ], [ 31.220770233554138, 30.008728889057956 ], [ 31.220770999542452, 30.008729301814498 ], [ 31.220771769740868, 30.008729711019001 ], [ 31.220772542173137, 30.008730111231287 ], [ 31.220773320888359, 30.008730507919573 ], [ 31.220774101805223, 30.008730897419699 ], [ 31.220774886964399, 30.008731281563705 ], [ 31.22077567639807, 30.008731658547603 ], [ 31.220776470041823, 30.008732031979456 ], [ 31.220777265919462, 30.008732396419102 ], [ 31.220778068080023, 30.008732757334727 ], [ 31.220778870369408, 30.008733111034175 ], [ 31.220779679006135, 30.008733457601497 ], [ 31.220780489780108, 30.008733800588747 ], [ 31.220781302787948, 30.008734134583808 ], [ 31.220782122078734, 30.008734465054832 ], [ 31.220782941530523, 30.008734786505638 ], [ 31.22078376726526, 30.008735104432422 ], [ 31.220784593161007, 30.008735413338965 ], [ 31.220785423266854, 30.008735718693469 ], [ 31.220786257647202, 30.008736016887823 ], [ 31.220787094229205, 30.008736307894047 ], [ 31.220787933012879, 30.008736591712065 ], [ 31.220788773933794, 30.008736871950031 ], [ 31.220789619161405, 30.008737143223829 ], [ 31.22079046655848, 30.008737409113486 ], [ 31.220791316125009, 30.008737669619048 ], [ 31.220792169998237, 30.008737921160417 ], [ 31.220793023935872, 30.008738169093689 ], [ 31.220793882180221, 30.008738408062779 ], [ 31.220794742594013, 30.008738641647742 ], [ 31.220795605177269, 30.008738869848589 ], [ 31.220796469994379, 30.008739089057233 ], [ 31.220797334908095, 30.008739302853733 ], [ 31.220798204064121, 30.008739511294138 ], [ 31.220799075453993, 30.00873971074234 ], [ 31.220799949013323, 30.008739904806433 ], [ 31.220800822669272, 30.008740093458364 ], [ 31.220801700631913, 30.008740273146113 ], [ 31.22080257869117, 30.008740447421719 ], [ 31.220803458952073, 30.008740614509172 ], [ 31.220804339309606, 30.008740776184467 ], [ 31.220805223973823, 30.008740928895577 ], [ 31.220806108734656, 30.00874107619455 ], [ 31.220806993592099, 30.008741218081372 ], [ 31.220807882756244, 30.008741351004012 ], [ 31.220808769944149, 30.008741478486481 ], [ 31.220809661406552, 30.008741598808818 ], [ 31.220810552997783, 30.008741711914961 ], [ 31.220811444685605, 30.008741819608961 ], [ 31.220812338575101, 30.008741920114776 ], [ 31.220813232593393, 30.008742013404426 ], [ 31.220814128813341, 30.008742099505895 ], [ 31.2208150251621, 30.008742178391177 ], [ 31.220815921607475, 30.008742251864319 ], [ 31.22081681818166, 30.008742318121264 ], [ 31.220817716957498, 30.008742377190035 ], [ 31.220818615862154, 30.008742429042627 ], [ 31.220819514863408, 30.008742475483082 ], [ 31.220820413993469, 30.008742514707343 ], [ 31.220821315325193, 30.008742546743424 ], [ 31.220822214712879, 30.008742571535294 ], [ 31.220823116302224, 30.008742589138993 ], [ 31.22082401591533, 30.008742601302522 ], [ 31.220824917730091, 30.008742606277909 ], [ 31.220825817600812, 30.008742604009061 ], [ 31.220826719673198, 30.008742594552032 ], [ 31.220827619769342, 30.008742579654854 ], [ 31.220828520026501, 30.008742555737438 ], [ 31.220829420380262, 30.008742526407854 ], [ 31.220830320862834, 30.008742489862101 ], [ 31.220831219369167, 30.008742447876166 ], [ 31.220832118036515, 30.008742396870005 ], [ 31.220833016800476, 30.008742340451697 ], [ 31.220833915693234, 30.00874227681717 ], [ 31.220834812641968, 30.008742205938464 ], [ 31.220835709687297, 30.008742129647587 ], [ 31.220836604820807, 30.008742044308452 ], [ 31.220837500050916, 30.008741953557163 ], [ 31.220838393336994, 30.008741855561667 ], [ 31.220839286719666, 30.008741752154034 ], [ 31.220840178190517, 30.008741639698119 ], [ 31.220841067685125, 30.008741521802055 ], [ 31.220841957276342, 30.008741398493815 ], [ 31.220842844955726, 30.008741266137338 ], [ 31.220843732731712, 30.008741128368701 ], [ 31.22084461856366, 30.008740983355853 ], [ 31.220845502451581, 30.008740831098773 ], [ 31.220846384363256, 30.008740673401537 ], [ 31.220847264330899, 30.008740508460075 ], [ 31.220848144427354, 30.008740336302427 ], [ 31.220849020474716, 30.00874015867657 ], [ 31.22084989665089, 30.008739973834533 ], [ 31.220850770883029, 30.008739781748286 ], [ 31.220851641098278, 30.008739582389783 ], [ 31.220852511410147, 30.008739377619147 ], [ 31.220853377672931, 30.008739167380295 ], [ 31.22085424409671, 30.00873894812122 ], [ 31.220855106471415, 30.00873872339394 ], [ 31.220855966869884, 30.008738493226485 ], [ 31.220856825324315, 30.008738255814826 ], [ 31.220857681834708, 30.00873801115894 ], [ 31.220858536368862, 30.008737761062893 ], [ 31.220859386886136, 30.008737503694594 ], [ 31.220860235459366, 30.008737239082084 ], [ 31.220861079983521, 30.008736969001362 ], [ 31.220861924604275, 30.008736693508503 ], [ 31.220862763135301, 30.008736410715393 ], [ 31.220863601795138, 30.008736120706068 ], [ 31.22086443640589, 30.008735825228559 ], [ 31.220865266967564, 30.008735524282866 ], [ 31.22086609558519, 30.008735216092912 ], [ 31.220866920185944, 30.008734900630753 ], [ 31.220867742810452, 30.008734579728422 ], [ 31.220868561385881, 30.008734253357883 ], [ 31.220869378017262, 30.008733919743129 ], [ 31.220870188526728, 30.008733580632146 ], [ 31.220870997059947, 30.00873323608101 ], [ 31.220871803649128, 30.008732884285653 ], [ 31.220872604116387, 30.00873252699407 ], [ 31.220873402639601, 30.008732162458269 ], [ 31.22087419711373, 30.008731792454263 ], [ 31.220874987538782, 30.008731416982073 ], [ 31.220875773914745, 30.008731036041695 ], [ 31.220876558346664, 30.008730647857082 ], [ 31.22087733665666, 30.008730254176253 ], [ 31.220878110917578, 30.008729855027241 ], [ 31.220878883234452, 30.008729448634011 ], [ 31.220879649397194, 30.008729038548587 ], [ 31.220880413615898, 30.008728621218967 ], [ 31.22088117171268, 30.008728198393115 ], [ 31.220881925760384, 30.008727770099082 ], [ 31.220882675791188, 30.008727334532786 ], [ 31.220883421740716, 30.00872689530237 ], [ 31.220884163641156, 30.008726450603739 ], [ 31.220884899451871, 30.008725998604842 ], [ 31.220885631213509, 30.008725541137746 ], [ 31.220886358893857, 30.008725080006517 ], [ 31.220887082557322, 30.008724611603036 ], [ 31.220887800098861, 30.008724137703332 ], [ 31.22088851355911, 30.008723660139484 ], [ 31.220889223002477, 30.008723175303402 ], [ 31.220889926291719, 30.008722686775119 ], [ 31.220890625564078, 30.008722190974627 ], [ 31.220891318682295, 30.008721691481956 ], [ 31.220892007751445, 30.008721186521083 ], [ 31.220892690698669, 30.008720676063984 ], [ 31.220893369596794, 30.008720160138708 ], [ 31.220894042373001, 30.008719638717213 ], [ 31.220894711067917, 30.008719113631557 ], [ 31.220895373673116, 30.008718581245635 ], [ 31.220896032197022, 30.008718045195579 ], [ 31.220896682493962, 30.008717505425309 ], [ 31.220897330846853, 30.008716958410833 ], [ 31.220897970972782, 30.008716407676161 ], [ 31.220898607017421, 30.008715853277337 ], [ 31.220899236972343, 30.008715291578245 ], [ 31.220899860773123, 30.008714726186994 ], [ 31.220900480492631, 30.008714157131585 ], [ 31.220901092017371, 30.00871358255193 ], [ 31.220901699493016, 30.008713002504088 ], [ 31.220902300814537, 30.008712418764066 ], [ 31.220902895981926, 30.008711831331883 ], [ 31.220903487100237, 30.008711238431513 ], [ 31.220904069991569, 30.008710641810929 ], [ 31.220904646760989, 30.008710039694133 ], [ 31.220905219449122, 30.008709433913197 ], [ 31.220905783942477, 30.008708822608011 ], [ 31.220906344354553, 30.008708207638666 ], [ 31.220906896539656, 30.00870758894915 ], [ 31.220907444643469, 30.008706966595472 ], [ 31.220907984552529, 30.008706338717563 ], [ 31.220908518275248, 30.008705708951528 ], [ 31.220909045876045, 30.008705073689264 ], [ 31.220909567354926, 30.008704432930788 ], [ 31.220910082647471, 30.008703790284198 ], [ 31.220910591785884, 30.008703143945418 ], [ 31.220911094802378, 30.008702492110437 ], [ 31.220911589559702, 30.008701838359286 ], [ 31.220912078195106, 30.008701179111938 ], [ 31.220912560644162, 30.008700517976468 ], [ 31.220913036971314, 30.008699851344769 ], [ 31.220913507112137, 30.008699182824941 ], [ 31.220913969058184, 30.008698508780878 ], [ 31.220914424817909, 30.008697832848711 ], [ 31.220914872350672, 30.008697153196323 ], [ 31.220915315802138, 30.008696469879805 ], [ 31.220915751026645, 30.008695782843088 ], [ 31.220916177991981, 30.008695093890211 ], [ 31.220916600876041, 30.00869440127321 ], [ 31.220917015533129, 30.008693704936004 ], [ 31.220917421963247, 30.008693004878598 ], [ 31.220917822207038, 30.008692302933074 ], [ 31.22091821629671, 30.008691597295375 ], [ 31.220918602127213, 30.00869088974153 ], [ 31.220918981803596, 30.008690178495534 ], [ 31.220919353253006, 30.008689463529322 ], [ 31.220919718516093, 30.008688746674988 ], [ 31.220920075520009, 30.008688027904508 ], [ 31.220920426369808, 30.008687305441857 ], [ 31.22092076896044, 30.008686581063078 ], [ 31.220921105396943, 30.008685852992095 ], [ 31.220921433574283, 30.008685123004977 ], [ 31.2209217555653, 30.008684391129758 ], [ 31.220922069329347, 30.00868365553433 ], [ 31.220922374834238, 30.00868291802275 ], [ 31.220922674152792, 30.008682178623069 ], [ 31.220922965212196, 30.008681437307221 ], [ 31.220923250117469, 30.008680692299201 ], [ 31.220923526731372, 30.008679947179086 ], [ 31.220923797191155, 30.00867919836681 ], [ 31.220924057318939, 30.008678447610361 ], [ 31.22092431330104, 30.008677696797854 ], [ 31.220964557794243, 30.00855520771821 ], [ 31.221121460795459, 30.007813721712175 ], [ 31.221194667281942, 30.007467759918359 ], [ 31.221278535223991, 30.006884364010492 ], [ 31.221389934530112, 30.006228271173438 ], [ 31.221451921151768, 30.005694812445736 ], [ 31.221452175998056, 30.005168758604153 ], [ 31.221473851034496, 30.004464003926927 ], [ 31.221515365501375, 30.004432878253617 ], [ 31.221547566591703, 30.004413507421443 ], [ 31.221583225209866, 30.004396729431484 ] ] ] ] } }
]
}
